{
    "en":
    {
        "instructions_mobile" : "Tap to jump over obstacles.\nDouble tap to double jump.",
        "score" : "Your Score"
    },

    "ar":
    {
        "instructions_mobile" : "اركض يا جيري\n.انقر مرتين للقيام بقفزة مزدوجة",
        "score" : "مجموع النقاط"
    },

    "de":
    {
        "instructions_mobile" : "Tippe, um über Hindernisse zu springen.\nTippe zweimal, um höher zu springen.",
        "score" : "Deine Punkte"
    },

    "fr":
    {
        "instructions_mobile" : "Appuie pour sauter par-dessus les obstacles.\nAppuie deux fois pour faire un double saut.",
        "score" : "Ton score"
    },

    "it":
    {
        "instructions_mobile" : "Tocca per saltare gli ostacoli.\nTocca due volte per un doppio salto.",
        "score" : "Il tuo punteggio"
    },

    "pl":
    {
        "instructions_mobile" : "Kliknij, aby przeskoczyć przeszkody.\nKliknij dwukrotnie, aby wykonać podwójny skok.",
        "score" : "Twój wynik"
    },

    "ru":
    {
        "instructions_mobile" : "Нажимай, чтобы перепрыгнуть\nпрепятствия.Нажми дважды,\nчтобы сделать двойной прыжок.",
        "score" : "Твой счет"
    }
}
