{
    "load":
    [
        {
            "type"      : "image",
            "key"       : "cn_preloader_bg",
            "url"       : "assets/ui/cn_preloader_bg.jpg",
            "overwrite" : false
        },
        {
            "type"      : "image",
            "key"       : "cn_preloader_bar",
            "url"       : "assets/ui/cn_preloader_bar.png",
            "overwrite" : false
        },
        {
            "type"      : "image",
            "key"       : "cn_preloader_pattern",
            "url"       : "assets/ui/cn_preloader_pattern.jpg",
            "overwrite" : false
        },
        {
            "type"      : "json",
            "key"       : "game_data",
            "url"       : "assets/data/gamedata.json",
            "overwrite" : true
        }
    ],
    "ui"  :
    [

        {
            "type"      : "image",
            "key"       : "logo_ben10",
            "url"       : "assets/ui/logo_ben10.png",
            "overwrite" : false
        },
        {
            "type"      : "image",
            "key"       : "gamehud_pause",
            "url"       : "assets/ui/gamehud_pause.png",
            "overwrite" : false
        },
        {
            "type"      : "image",
            "key"       : "gamehud_pause_wht",
            "url"       : "assets/ui/gamehud_pause_wht.png",
            "overwrite" : false
        },
        {
            "type"      : "image",
            "key"       : "gamehud_score",
            "url"       : "assets/ui/gamehud_score.png",
            "overwrite" : false
        },
        {
            "type"      : "image",
            "key"       : "gamehud_time",
            "url"       : "assets/ui/gamehud_time.png",
            "overwrite" : false
        },
        {
            "type"      : "image",
            "key"       : "gameoverlay_pause",
            "url"       : "assets/ui/gameoverlay_pause.png",
            "overwrite" : false
        },
        {
            "type"      : "image",
            "key"       : "bg_welcome",
            "url"       : "assets/ui/bg_welcome.jpg",
            "overwrite" : false
        },
        {
            "type"      : "image",
            "key"       : "bg_gameend",
            "url"       : "assets/ui/bg_gameend.jpg",
            "overwrite" : false
        },
        {
            "type"      : "image",
            "key"       : "char_welcome",
            "url"       : "assets/ui/char_welcome.png",
            "overwrite" : false
        },
        {
            "type"      : "image",
            "key"       : "btn_play",
            "url"       : "assets/ui/btn_play.png",
            "overwrite" : false
        },
        {
            "type"      : "image",
            "key"       : "btn_replay",
            "url"       : "assets/ui/btn_replay.png",
            "overwrite" : false
        },
        {
            "type"      : "image",
            "key"       : "icon_timeup",
            "url"       : "assets/ui/icon_timeup.png",
            "overwrite" : false
        },
        {
            "type"      : "image",
            "key"       : "icon_highscore",
            "url"       : "assets/ui/icon_highscore.png",
            "overwrite" : false
        },
        {
            "type"      : "image",
            "key"       : "gameend_panel_score",
            "url"       : "assets/ui/gameend_panel_score.png",
            "overwrite" : false
        },
        {
            "type"      : "image",
            "key"       : "gameoverlay_countdown",
            "url"       : "assets/ui/gameoverlay_countdown.png",
            "overwrite" : false
        },
        {
            "type"      : "image",
            "key"       : "instruction_swipe",
            "url"       : "assets/ui/instruction_swipe.png",
            "overwrite" : false
        },
        {
            "type"      : "image",
            "key"       : "instruction_arrow_left",
            "url"       : "assets/ui/instruction_arrow_left.png",
            "overwrite" : false
        },
        {
            "type"      : "image",
            "key"       : "instruction_arrow_right",
            "url"       : "assets/ui/instruction_arrow_right.png",
            "overwrite" : false
        },
        {
            "type"      : "image",
            "key"       : "btn_sound_on",
            "url"       : "assets/ui/btn_sound_on.png",
            "overwrite" : false
        },
        {
            "type"      : "image",
            "key"       : "btn_sound_off",
            "url"       : "assets/ui/btn_sound_off.png",
            "overwrite" : false
        },
        {
            "type"      : "image",
            "key"       : "btn_replay_wht",
            "url"       : "assets/ui/btn_replay_wht.png",
            "overwrite" : false
        },
        {
            "type"      : "image",
            "key"       : "btn_sound_off_wht",
            "url"       : "assets/ui/btn_sound_off_wht.png",
            "overwrite" : false
        },
        {
            "type"      : "image",
            "key"       : "btn_sound_on_wht",
            "url"       : "assets/ui/btn_sound_on_wht.png",
            "overwrite" : false
        },
        {
            "type"      : "image",
            "key"       : "btn_play_wht",
            "url"       : "assets/ui/btn_play_wht.png",
            "overwrite" : false
        }
    ],
    "game" :
    [
        {
            "type"      : "image",
            "key"       : "background",
            "url"       : "assets/textures/background.jpg",
            "overwrite" : false
        },
        {

            "type"      : "atlasJSONArray",
            "key"       : "grubs",
            "textureURL": "assets/textures/grubs.png",
            "atlasURL"  : "assets/textures/grubs.json",
            "atlasData" : null,
            "format"    : "TEXTURE_ATLAS_JSON_ARRAY"
        },
        {

            "type"      : "atlasJSONArray",
            "key"       : "hero",
            "textureURL": "assets/textures/hero.png",
            "atlasURL"  : "assets/textures/hero.json",
            "atlasData" : null,
            "format"    : "TEXTURE_ATLAS_JSON_ARRAY"
        },
        {

            "type"      : "atlasJSONArray",
            "key"       : "hero_tilt_left",
            "textureURL": "assets/textures/hero_tilt_left.png",
            "atlasURL"  : "assets/textures/hero_tilt_left.json",
            "atlasData" : null,
            "format"    : "TEXTURE_ATLAS_JSON_ARRAY"
        },
        {

            "type"      : "atlasJSONArray",
            "key"       : "hero_tilt_right",
            "textureURL": "assets/textures/hero_tilt_right.png",
            "atlasURL"  : "assets/textures/hero_tilt_right.json",
            "atlasData" : null,
            "format"    : "TEXTURE_ATLAS_JSON_ARRAY"
        },
        {

            "type"      : "atlasJSONArray",
            "key"       : "hero_dust",
            "textureURL": "assets/textures/hero_dust.png",
            "atlasURL"  : "assets/textures/hero_dust.json",
            "atlasData" : null,
            "format"    : "TEXTURE_ATLAS_JSON_ARRAY"
        },
        {

            "type"      : "atlasJSONArray",
            "key"       : "hero_speed_lines",
            "textureURL": "assets/textures/hero_speed_lines.png",
            "atlasURL"  : "assets/textures/hero_speed_lines.json",
            "atlasData" : null,
            "format"    : "TEXTURE_ATLAS_JSON_ARRAY"
        },
        {
            "type"      : "image",
            "key"       : "hazard_a",
            "url"       : "assets/textures/hazard_a.png",
            "overwrite" : false
        },
        {

            "type"      : "atlasJSONArray",
            "key"       : "hazard_a_explode",
            "textureURL": "assets/textures/hazard_a_explode.png",
            "atlasURL"  : "assets/textures/hazard_a_explode.json",
            "atlasData" : null,
            "format"    : "TEXTURE_ATLAS_JSON_ARRAY"
        },
        {
            "type"      : "image",
            "key"       : "hazard_b",
            "url"       : "assets/textures/hazard_b.png",
            "overwrite" : false
        },
        {

            "type"      : "atlasJSONArray",
            "key"       : "hazard_b_explode",
            "textureURL": "assets/textures/hazard_b_explode.png",
            "atlasURL"  : "assets/textures/hazard_b_explode.json",
            "atlasData" : null,
            "format"    : "TEXTURE_ATLAS_JSON_ARRAY"
        },
        {
            "type"      : "image",
            "key"       : "clock_pickup",
            "url"       : "assets/textures/clock_pickup.png",
            "overwrite" : false
        },
        {
            "type": "audio",
            "key": "background",
            "urls": ["assets/sounds/background.mp3"],
            "autoDecode": true
        },
        {
                "type": "audio",
                "key": "button",
                "urls": ["assets/sounds/button.mp3"],
                "autoDecode": true
        },
        {
                "type": "audio",
                "key": "smash",
                "urls": ["assets/sounds/smash.mp3"],
                "autoDecode": true
        },
        {
                "type": "audio",
                "key": "timebonus",
                "urls": ["assets/sounds/timebonus.mp3"],
                "autoDecode": true
        },
        {
                "type": "audio",
                "key": "timeup",
                "urls": ["assets/sounds/timeup.mp3"],
                "autoDecode": true
        },
        {
                "type": "audio",
                "key": "end_background",
                "urls": ["assets/sounds/end_background.mp3"],
                "autoDecode": true
        },
        {
                "type": "audio",
                "key": "intro_background",
                "urls": ["assets/sounds/intro_background.mp3"],
                "autoDecode": true
        },
        {
                "type": "audio",
                "key": "end_score",
                "urls": ["assets/sounds/end_score.mp3"],
                "autoDecode": true
        }
    ]
}
