{"frames": {

"tj_title.png":
{
	"frame": {"x":2,"y":2,"w":639,"h":328},
	"rotated": false,
	"trimmed": true,
	"spriteSourceSize": {"x":12,"y":2,"w":639,"h":328},
	"sourceSize": {"w":665,"h":333},
	"pivot": {"x":0.5,"y":0.5}
}},
"meta": {
	"app": "http://www.codeandweb.com/texturepacker",
	"version": "1.0",
	"image": "logo_1x.png",
	"format": "RGBA8888",
	"size": {"w":1024,"h":512},
	"scale": "0.5",
	"smartupdate": "$TexturePacker:SmartUpdate:f2b162790104055773905543352077ff:8d77683f4df78ce1b3d4273f07393c7d:f43202918ade00c99053b8efc6a1a856$"
}
}
