{"frames": [

{
	"filename": "grubs01",
	"frame": {"x":1113,"y":640,"w":238,"h":269},
	"rotated": false,
	"trimmed": false,
	"spriteSourceSize": {"x":0,"y":0,"w":238,"h":269},
	"sourceSize": {"w":238,"h":269},
	"pivot": {"x":0.5,"y":0.5}
},
{
	"filename": "grubs02",
	"frame": {"x":1506,"y":305,"w":329,"h":318},
	"rotated": false,
	"trimmed": true,
	"spriteSourceSize": {"x":27,"y":13,"w":329,"h":318},
	"sourceSize": {"w":393,"h":347},
	"pivot": {"x":0.5,"y":0.5}
},
{
	"filename": "grubs03",
	"frame": {"x":1155,"y":305,"w":349,"h":333},
	"rotated": false,
	"trimmed": true,
	"spriteSourceSize": {"x":18,"y":14,"w":349,"h":333},
	"sourceSize": {"w":393,"h":347},
	"pivot": {"x":0.5,"y":0.5}
},
{
	"filename": "grubs04",
	"frame": {"x":770,"y":312,"w":363,"h":306},
	"rotated": false,
	"trimmed": true,
	"spriteSourceSize": {"x":13,"y":2,"w":363,"h":306},
	"sourceSize": {"w":393,"h":347},
	"pivot": {"x":0.5,"y":0.5}
},
{
	"filename": "grubs05",
	"frame": {"x":396,"y":1,"w":371,"h":325},
	"rotated": false,
	"trimmed": true,
	"spriteSourceSize": {"x":7,"y":0,"w":371,"h":325},
	"sourceSize": {"w":393,"h":347},
	"pivot": {"x":0.5,"y":0.5}
},
{
	"filename": "grubs06",
	"frame": {"x":1155,"y":1,"w":377,"h":302},
	"rotated": false,
	"trimmed": true,
	"spriteSourceSize": {"x":3,"y":5,"w":377,"h":302},
	"sourceSize": {"w":393,"h":347},
	"pivot": {"x":0.5,"y":0.5}
},
{
	"filename": "grubs07",
	"frame": {"x":769,"y":1,"w":384,"h":309},
	"rotated": false,
	"trimmed": true,
	"spriteSourceSize": {"x":2,"y":13,"w":384,"h":309},
	"sourceSize": {"w":393,"h":347},
	"pivot": {"x":0.5,"y":0.5}
},
{
	"filename": "grubs08",
	"frame": {"x":1,"y":325,"w":391,"h":306},
	"rotated": false,
	"trimmed": true,
	"spriteSourceSize": {"x":0,"y":30,"w":391,"h":306},
	"sourceSize": {"w":393,"h":347},
	"pivot": {"x":0.5,"y":0.5}
},
{
	"filename": "grubs09",
	"frame": {"x":1,"y":1,"w":393,"h":322},
	"rotated": false,
	"trimmed": true,
	"spriteSourceSize": {"x":0,"y":25,"w":393,"h":322},
	"sourceSize": {"w":393,"h":347},
	"pivot": {"x":0.5,"y":0.5}
},
{
	"filename": "grubs10",
	"frame": {"x":1,"y":633,"w":393,"h":279},
	"rotated": false,
	"trimmed": true,
	"spriteSourceSize": {"x":0,"y":24,"w":393,"h":279},
	"sourceSize": {"w":393,"h":347},
	"pivot": {"x":0.5,"y":0.5}
},
{
	"filename": "grubs11",
	"frame": {"x":394,"y":328,"w":374,"h":298},
	"rotated": false,
	"trimmed": true,
	"spriteSourceSize": {"x":0,"y":30,"w":374,"h":298},
	"sourceSize": {"w":393,"h":347},
	"pivot": {"x":0.5,"y":0.5}
},
{
	"filename": "grubs12",
	"frame": {"x":770,"y":620,"w":341,"h":295},
	"rotated": false,
	"trimmed": true,
	"spriteSourceSize": {"x":11,"y":42,"w":341,"h":295},
	"sourceSize": {"w":393,"h":347},
	"pivot": {"x":0.5,"y":0.5}
},
{
	"filename": "grubs13",
	"frame": {"x":396,"y":628,"w":345,"h":225},
	"rotated": false,
	"trimmed": true,
	"spriteSourceSize": {"x":10,"y":66,"w":345,"h":225},
	"sourceSize": {"w":393,"h":347},
	"pivot": {"x":0.5,"y":0.5}
},
{
	"filename": "grubs14",
	"frame": {"x":1534,"y":1,"w":307,"h":221},
	"rotated": false,
	"trimmed": true,
	"spriteSourceSize": {"x":51,"y":84,"w":307,"h":221},
	"sourceSize": {"w":393,"h":347},
	"pivot": {"x":0.5,"y":0.5}
},
{
	"filename": "grubs15",
	"frame": {"x":1353,"y":640,"w":258,"h":215},
	"rotated": false,
	"trimmed": true,
	"spriteSourceSize": {"x":50,"y":101,"w":258,"h":215},
	"sourceSize": {"w":393,"h":347},
	"pivot": {"x":0.5,"y":0.5}
},
{
	"filename": "grubs16",
	"frame": {"x":1613,"y":625,"w":192,"h":171},
	"rotated": false,
	"trimmed": true,
	"spriteSourceSize": {"x":117,"y":117,"w":192,"h":171},
	"sourceSize": {"w":393,"h":347},
	"pivot": {"x":0.5,"y":0.5}
},
{
	"filename": "grubs17",
	"frame": {"x":1613,"y":798,"w":206,"h":119},
	"rotated": false,
	"trimmed": true,
	"spriteSourceSize": {"x":102,"y":164,"w":206,"h":119},
	"sourceSize": {"w":393,"h":347},
	"pivot": {"x":0.5,"y":0.5}
}],
"meta": {
	"app": "http://www.codeandweb.com/texturepacker",
	"version": "1.0",
	"image": "E:/work/projects/ben10/fourarms_smasher/game/assets/textures/grubs.png/grubs.png",
	"format": "RGBA8888",
	"size": {"w":1842,"h":918},
	"scale": "1",
	"smartupdate": "$TexturePacker:SmartUpdate:06cc177ef3b0d312c550977375aae2f8:47137f397f14fd0dbed6899ee6312aa6:496b639d7b7a2ab70a6c5e82d7bdc450$"
}
}
