{"frames": [

{
	"filename": "hazard_hit_010001.png",
	"frame": {"x":2,"y":2,"w":306,"h":393},
	"rotated": false,
	"trimmed": false,
	"spriteSourceSize": {"x":0,"y":0,"w":306,"h":393},
	"sourceSize": {"w":306,"h":393}
},
{
	"filename": "hazard_hit_010002.png",
	"frame": {"x":310,"y":2,"w":306,"h":393},
	"rotated": false,
	"trimmed": false,
	"spriteSourceSize": {"x":0,"y":0,"w":306,"h":393},
	"sourceSize": {"w":306,"h":393}
},
{
	"filename": "hazard_hit_010003.png",
	"frame": {"x":618,"y":2,"w":306,"h":393},
	"rotated": false,
	"trimmed": false,
	"spriteSourceSize": {"x":0,"y":0,"w":306,"h":393},
	"sourceSize": {"w":306,"h":393}
},
{
	"filename": "hazard_hit_010004.png",
	"frame": {"x":926,"y":2,"w":306,"h":393},
	"rotated": false,
	"trimmed": false,
	"spriteSourceSize": {"x":0,"y":0,"w":306,"h":393},
	"sourceSize": {"w":306,"h":393}
},
{
	"filename": "hazard_hit_010005.png",
	"frame": {"x":1234,"y":2,"w":306,"h":393},
	"rotated": false,
	"trimmed": false,
	"spriteSourceSize": {"x":0,"y":0,"w":306,"h":393},
	"sourceSize": {"w":306,"h":393}
},
{
	"filename": "hazard_hit_010006.png",
	"frame": {"x":1542,"y":2,"w":306,"h":393},
	"rotated": false,
	"trimmed": false,
	"spriteSourceSize": {"x":0,"y":0,"w":306,"h":393},
	"sourceSize": {"w":306,"h":393}
},
{
	"filename": "hazard_hit_010007.png",
	"frame": {"x":2,"y":397,"w":306,"h":393},
	"rotated": false,
	"trimmed": false,
	"spriteSourceSize": {"x":0,"y":0,"w":306,"h":393},
	"sourceSize": {"w":306,"h":393}
},
{
	"filename": "hazard_hit_010008.png",
	"frame": {"x":310,"y":397,"w":306,"h":393},
	"rotated": false,
	"trimmed": false,
	"spriteSourceSize": {"x":0,"y":0,"w":306,"h":393},
	"sourceSize": {"w":306,"h":393}
},
{
	"filename": "hazard_hit_010009.png",
	"frame": {"x":618,"y":397,"w":306,"h":393},
	"rotated": false,
	"trimmed": false,
	"spriteSourceSize": {"x":0,"y":0,"w":306,"h":393},
	"sourceSize": {"w":306,"h":393}
},
{
	"filename": "hazard_hit_010010.png",
	"frame": {"x":926,"y":397,"w":306,"h":393},
	"rotated": false,
	"trimmed": false,
	"spriteSourceSize": {"x":0,"y":0,"w":306,"h":393},
	"sourceSize": {"w":306,"h":393}
},
{
	"filename": "hazard_hit_010011.png",
	"frame": {"x":1234,"y":397,"w":306,"h":393},
	"rotated": false,
	"trimmed": false,
	"spriteSourceSize": {"x":0,"y":0,"w":306,"h":393},
	"sourceSize": {"w":306,"h":393}
}],
"meta": {
	"app": "http://www.codeandweb.com/texturepacker ",
	"version": "1.0",
	"image": "hazard_hit_01.png",
	"format": "RGBA8888",
	"size": {"w":1850,"h":792},
	"scale": "1",
	"smartupdate": "$TexturePacker:SmartUpdate:5b7aece587908d815a7b574a7c6fb239:f47f188dcc6c888a8a204c22c70be607:91f6f0be98ba6beb5d3db66d96a1ad6b$"
}
}
