{"frames": [

{
	"filename": "hazard_hit_020001.png",
	"frame": {"x":2,"y":2,"w":306,"h":393},
	"rotated": false,
	"trimmed": false,
	"spriteSourceSize": {"x":0,"y":0,"w":306,"h":393},
	"sourceSize": {"w":306,"h":393}
},
{
	"filename": "hazard_hit_020002.png",
	"frame": {"x":310,"y":2,"w":306,"h":393},
	"rotated": false,
	"trimmed": false,
	"spriteSourceSize": {"x":0,"y":0,"w":306,"h":393},
	"sourceSize": {"w":306,"h":393}
},
{
	"filename": "hazard_hit_020003.png",
	"frame": {"x":618,"y":2,"w":306,"h":393},
	"rotated": false,
	"trimmed": false,
	"spriteSourceSize": {"x":0,"y":0,"w":306,"h":393},
	"sourceSize": {"w":306,"h":393}
},
{
	"filename": "hazard_hit_020004.png",
	"frame": {"x":926,"y":2,"w":306,"h":393},
	"rotated": false,
	"trimmed": false,
	"spriteSourceSize": {"x":0,"y":0,"w":306,"h":393},
	"sourceSize": {"w":306,"h":393}
},
{
	"filename": "hazard_hit_020005.png",
	"frame": {"x":1234,"y":2,"w":306,"h":393},
	"rotated": false,
	"trimmed": false,
	"spriteSourceSize": {"x":0,"y":0,"w":306,"h":393},
	"sourceSize": {"w":306,"h":393}
},
{
	"filename": "hazard_hit_020006.png",
	"frame": {"x":1542,"y":2,"w":306,"h":393},
	"rotated": false,
	"trimmed": false,
	"spriteSourceSize": {"x":0,"y":0,"w":306,"h":393},
	"sourceSize": {"w":306,"h":393}
},
{
	"filename": "hazard_hit_020007.png",
	"frame": {"x":2,"y":397,"w":306,"h":393},
	"rotated": false,
	"trimmed": false,
	"spriteSourceSize": {"x":0,"y":0,"w":306,"h":393},
	"sourceSize": {"w":306,"h":393}
},
{
	"filename": "hazard_hit_020008.png",
	"frame": {"x":310,"y":397,"w":306,"h":393},
	"rotated": false,
	"trimmed": false,
	"spriteSourceSize": {"x":0,"y":0,"w":306,"h":393},
	"sourceSize": {"w":306,"h":393}
},
{
	"filename": "hazard_hit_020009.png",
	"frame": {"x":618,"y":397,"w":306,"h":393},
	"rotated": false,
	"trimmed": false,
	"spriteSourceSize": {"x":0,"y":0,"w":306,"h":393},
	"sourceSize": {"w":306,"h":393}
},
{
	"filename": "hazard_hit_020010.png",
	"frame": {"x":926,"y":397,"w":306,"h":393},
	"rotated": false,
	"trimmed": false,
	"spriteSourceSize": {"x":0,"y":0,"w":306,"h":393},
	"sourceSize": {"w":306,"h":393}
},
{
	"filename": "hazard_hit_020011.png",
	"frame": {"x":1234,"y":397,"w":306,"h":393},
	"rotated": false,
	"trimmed": false,
	"spriteSourceSize": {"x":0,"y":0,"w":306,"h":393},
	"sourceSize": {"w":306,"h":393}
}],
"meta": {
	"app": "http://www.codeandweb.com/texturepacker ",
	"version": "1.0",
	"image": "hazard_hit_02.png",
	"format": "RGBA8888",
	"size": {"w":1850,"h":792},
	"scale": "1",
	"smartupdate": "$TexturePacker:SmartUpdate:0086510717e78b9c4c2427184b6d2b51:0cfa3ad58124f060837b791d557d1d5c:7583a869018f1f0f74e8a401d7b5fe75$"
}
}
