{"frames": [

{
	"filename": "hero_speed_lines0001.png",
	"frame": {"x":1,"y":1,"w":127,"h":355},
	"rotated": false,
	"trimmed": false,
	"spriteSourceSize": {"x":0,"y":0,"w":127,"h":355},
	"sourceSize": {"w":127,"h":355},
	"pivot": {"x":0.5,"y":0.5}
},
{
	"filename": "hero_speed_lines0002.png",
	"frame": {"x":506,"y":1,"w":115,"h":355},
	"rotated": false,
	"trimmed": true,
	"spriteSourceSize": {"x":8,"y":0,"w":115,"h":355},
	"sourceSize": {"w":127,"h":355},
	"pivot": {"x":0.5,"y":0.5}
},
{
	"filename": "hero_speed_lines0003.png",
	"frame": {"x":388,"y":1,"w":116,"h":355},
	"rotated": false,
	"trimmed": true,
	"spriteSourceSize": {"x":11,"y":0,"w":116,"h":355},
	"sourceSize": {"w":127,"h":355},
	"pivot": {"x":0.5,"y":0.5}
},
{
	"filename": "hero_speed_lines0004.png",
	"frame": {"x":130,"y":1,"w":127,"h":355},
	"rotated": false,
	"trimmed": false,
	"spriteSourceSize": {"x":0,"y":0,"w":127,"h":355},
	"sourceSize": {"w":127,"h":355},
	"pivot": {"x":0.5,"y":0.5}
},
{
	"filename": "hero_speed_lines0005.png",
	"frame": {"x":259,"y":1,"w":127,"h":355},
	"rotated": false,
	"trimmed": false,
	"spriteSourceSize": {"x":0,"y":0,"w":127,"h":355},
	"sourceSize": {"w":127,"h":355},
	"pivot": {"x":0.5,"y":0.5}
}],
"meta": {
	"app": "http://www.codeandweb.com/texturepacker",
	"version": "1.0",
	"image": "hero_speed_lines.png",
	"format": "RGBA8888",
	"size": {"w":622,"h":357},
	"scale": "1",
	"smartupdate": "$TexturePacker:SmartUpdate:f0574cd9801b23e2ae9ec0e132dc6c1d:1fcd62d904d497ee3ff5311aa59d5b75:70179804cf2a07c9fb3ec9fcc9d6ac6f$"
}
}
