{"frames": [

{
	"filename": "hero_tilt_right0001.png",
	"frame": {"x":2,"y":2,"w":173,"h":266},
	"rotated": false,
	"trimmed": false,
	"spriteSourceSize": {"x":0,"y":0,"w":173,"h":266},
	"sourceSize": {"w":173,"h":266}
},
{
	"filename": "hero_tilt_right0002.png",
	"frame": {"x":2,"y":270,"w":173,"h":266},
	"rotated": false,
	"trimmed": false,
	"spriteSourceSize": {"x":0,"y":0,"w":173,"h":266},
	"sourceSize": {"w":173,"h":266}
}],
"meta": {
	"app": "http://www.codeandweb.com/texturepacker ",
	"version": "1.0",
	"image": "hero_tilt_right.png",
	"format": "RGBA8888",
	"size": {"w":177,"h":538},
	"scale": "1",
	"smartupdate": "$TexturePacker:SmartUpdate:9d99069e6cf762cf485631134c6496f0:e6374d3bb57fea6cae136e777e5d7695:1425fed525ae9104f6bc31f3b8d651c5$"
}
}
