{"frames": [

{
	"filename": "hero_tilt_left0001.png",
	"frame": {"x":2,"y":2,"w":173,"h":266},
	"rotated": false,
	"trimmed": false,
	"spriteSourceSize": {"x":0,"y":0,"w":173,"h":266},
	"sourceSize": {"w":173,"h":266}
},
{
	"filename": "hero_tilt_left0002.png",
	"frame": {"x":2,"y":270,"w":173,"h":266},
	"rotated": false,
	"trimmed": false,
	"spriteSourceSize": {"x":0,"y":0,"w":173,"h":266},
	"sourceSize": {"w":173,"h":266}
}],
"meta": {
	"app": "http://www.codeandweb.com/texturepacker ",
	"version": "1.0",
	"image": "hero_tilt_left.png",
	"format": "RGBA8888",
	"size": {"w":177,"h":538},
	"scale": "1",
	"smartupdate": "$TexturePacker:SmartUpdate:4d69b62b81db3702d8039a7f94d7501e:3a4181f22896f001b6026464a941795d:54ef1fb5cc0a3d7e899ccb87a0095def$"
}
}
