{"frames": [

{
	"filename": "hero_dust0001.png",
	"frame": {"x":248,"y":544,"w":230,"h":198},
	"rotated": false,
	"trimmed": true,
	"spriteSourceSize": {"x":16,"y":5,"w":230,"h":198},
	"sourceSize": {"w":262,"h":204},
	"pivot": {"x":0.5,"y":0.5}
},
{
	"filename": "hero_dust0002.png",
	"frame": {"x":261,"y":183,"w":219,"h":184},
	"rotated": false,
	"trimmed": true,
	"spriteSourceSize": {"x":21,"y":19,"w":219,"h":184},
	"sourceSize": {"w":262,"h":204},
	"pivot": {"x":0.5,"y":0.5}
},
{
	"filename": "hero_dust0003.png",
	"frame": {"x":265,"y":1,"w":199,"h":180},
	"rotated": false,
	"trimmed": true,
	"spriteSourceSize": {"x":31,"y":23,"w":199,"h":180},
	"sourceSize": {"w":262,"h":204},
	"pivot": {"x":0.5,"y":0.5}
},
{
	"filename": "hero_dust0004.png",
	"frame": {"x":1,"y":744,"w":229,"h":203},
	"rotated": false,
	"trimmed": true,
	"spriteSourceSize": {"x":16,"y":0,"w":229,"h":203},
	"sourceSize": {"w":262,"h":204},
	"pivot": {"x":0.5,"y":0.5}
},
{
	"filename": "hero_dust0005.png",
	"frame": {"x":1,"y":353,"w":245,"h":200},
	"rotated": false,
	"trimmed": true,
	"spriteSourceSize": {"x":8,"y":4,"w":245,"h":200},
	"sourceSize": {"w":262,"h":204},
	"pivot": {"x":0.5,"y":0.5}
},
{
	"filename": "hero_dust0006.png",
	"frame": {"x":232,"y":744,"w":225,"h":192},
	"rotated": false,
	"trimmed": true,
	"spriteSourceSize": {"x":18,"y":11,"w":225,"h":192},
	"sourceSize": {"w":262,"h":204},
	"pivot": {"x":0.5,"y":0.5}
},
{
	"filename": "hero_dust0007.png",
	"frame": {"x":1,"y":555,"w":218,"h":180},
	"rotated": false,
	"trimmed": true,
	"spriteSourceSize": {"x":22,"y":23,"w":218,"h":180},
	"sourceSize": {"w":262,"h":204},
	"pivot": {"x":0.5,"y":0.5}
},
{
	"filename": "hero_dust0008.png",
	"frame": {"x":248,"y":369,"w":231,"h":173},
	"rotated": false,
	"trimmed": true,
	"spriteSourceSize": {"x":15,"y":30,"w":231,"h":173},
	"sourceSize": {"w":262,"h":204},
	"pivot": {"x":0.5,"y":0.5}
},
{
	"filename": "hero_dust0009.png",
	"frame": {"x":1,"y":171,"w":258,"h":180},
	"rotated": false,
	"trimmed": true,
	"spriteSourceSize": {"x":2,"y":23,"w":258,"h":180},
	"sourceSize": {"w":262,"h":204},
	"pivot": {"x":0.5,"y":0.5}
},
{
	"filename": "hero_dust0010.png",
	"frame": {"x":1,"y":1,"w":262,"h":168},
	"rotated": false,
	"trimmed": true,
	"spriteSourceSize": {"x":0,"y":35,"w":262,"h":168},
	"sourceSize": {"w":262,"h":204},
	"pivot": {"x":0.5,"y":0.5}
}],
"meta": {
	"app": "http://www.codeandweb.com/texturepacker",
	"version": "1.0",
	"image": "hero_dust.png",
	"format": "RGBA8888",
	"size": {"w":481,"h":948},
	"scale": "1",
	"smartupdate": "$TexturePacker:SmartUpdate:4634a8a4e5482639ea601a434bd2f5b5:cae0b28f396e97bd8be230a2c34d0f4e:3795b5c369b95754c70e85c66d571e6a$"
}
}
