{"frames": [

{
	"filename": "hero0001.png",
	"frame": {"x":1,"y":1,"w":228,"h":317},
	"rotated": false,
	"trimmed": true,
	"spriteSourceSize": {"x":1,"y":0,"w":228,"h":317},
	"sourceSize": {"w":233,"h":322},
	"pivot": {"x":0.5,"y":0.5}
},
{
	"filename": "hero0002.png",
	"frame": {"x":1,"y":320,"w":228,"h":317},
	"rotated": false,
	"trimmed": true,
	"spriteSourceSize": {"x":1,"y":0,"w":228,"h":317},
	"sourceSize": {"w":233,"h":322},
	"pivot": {"x":0.5,"y":0.5}
},
{
	"filename": "hero0003.png",
	"frame": {"x":1,"y":639,"w":228,"h":317},
	"rotated": false,
	"trimmed": true,
	"spriteSourceSize": {"x":1,"y":0,"w":228,"h":317},
	"sourceSize": {"w":233,"h":322},
	"pivot": {"x":0.5,"y":0.5}
},
{
	"filename": "hero0004.png",
	"frame": {"x":1,"y":958,"w":228,"h":317},
	"rotated": false,
	"trimmed": true,
	"spriteSourceSize": {"x":1,"y":0,"w":228,"h":317},
	"sourceSize": {"w":233,"h":322},
	"pivot": {"x":0.5,"y":0.5}
}],
"meta": {
	"app": "http://www.codeandweb.com/texturepacker",
	"version": "1.0",
	"image": "hero.png",
	"format": "RGBA8888",
	"size": {"w":230,"h":1276},
	"scale": "1",
	"smartupdate": "$TexturePacker:SmartUpdate:99d2177a717b04ff2665c29ad9906afe:6bbf25efe07b10bc24fe7863a5dd1124:eec64b416d3f54b5cb5181ef71d8f236$"
}
}
