{
  "load":
  [
      {
              "type"      : "image",
              "key"       : "cn_preloader_bg",
              "url"       : "assets/ui/cn_preloader_bg.jpg",
              "overwrite" : false
          },
          {
              "type"      : "image",
              "key"       : "cn_preloader_bar",
              "url"       : "assets/ui/cn_preloader_bar.png",
              "overwrite" : false
          },
          {
              "type"      : "image",
              "key"       : "cn_preloader_pattern",
              "url"       : "assets/ui/cn_preloader_pattern.jpg",
              "overwrite" : false
          }
  ],
  "ui"  :
  [
      {
            "type"      : "image",
            "key"       : "logo_ben10",
            "url"       : "assets/ui/logo_ben10.png",
            "overwrite" : false
        },
      {
        "type"      : "image",
        "key"       : "gamehud_pause",
        "url"       : "assets/ui/gamehud_pause.png",
        "overwrite" : false
      },
      {
        "type"      : "image",
        "key"       : "gamehud_pause_wht",
        "url"       : "assets/ui/gamehud_pause_wht.png",
        "overwrite" : false
      },
      {
        "type"      : "image",
        "key"       : "gamehud_score",
        "url"       : "assets/ui/gamehud_score.png",
        "overwrite" : false
      },
      {
        "type"      : "image",
        "key"       : "gamehud_time",
        "url"       : "assets/ui/gamehud_time.png",
        "overwrite" : false
      },
      {
        "type"      : "image",
        "key"       : "gameoverlay_pause",
        "url"       : "assets/ui/gameoverlay_pause.png",
        "overwrite" : false
      },
      {
        "type"      : "image",
        "key"       : "bg_welcome",
        "url"       : "assets/ui/bg_welcome.jpg",
        "overwrite" : false
      },
      {
        "type"      : "image",
        "key"       : "bg_gameend",
        "url"       : "assets/ui/bg_gameend.jpg",
        "overwrite" : false
      },
      {
        "type"      : "image",
        "key"       : "char_welcome",
        "url"       : "assets/ui/char_welcome.png",
        "overwrite" : false
      },
      {
        "type"      : "image",
        "key"       : "btn_play",
        "url"       : "assets/ui/btn_play.png",
        "overwrite" : false
      },
      {
        "type"      : "image",
        "key"       : "btn_replay",
        "url"       : "assets/ui/btn_replay.png",
        "overwrite" : false
      },
      {
        "type"      : "image",
        "key"       : "icon_timeup",
        "url"       : "assets/ui/icon_timeup.png",
        "overwrite" : false
      },
      {
        "type"      : "image",
        "key"       : "icon_highscore",
        "url"       : "assets/ui/icon_highscore.png",
        "overwrite" : false
      },
      {
        "type"      : "image",
        "key"       : "icon_win",
        "url"       : "assets/ui/icon_win.png",
        "overwrite" : false
      },
      {
        "type"      : "image",
        "key"       : "gameend_panel_score",
        "url"       : "assets/ui/gameend_panel_score.png",
        "overwrite" : false
      },
      {
        "type"      : "image",
        "key"       : "instruction_tap",
        "url"       : "assets/ui/instruction_tap.png",
        "overwrite" : false
      },
      {
        "type"      : "image",
        "key"       : "instruction_mouseclick",
        "url"       : "assets/ui/instruction_mouseclick.png",
        "overwrite" : false
      },
      {
        "type"      : "image",
        "key"       : "gameoverlay_countdown",
        "url"       : "assets/ui/gameoverlay_countdown.png",
        "overwrite" : false
      },
      {
        "type"      : "image",
        "key"       : "btn_sound_on",
        "url"       : "assets/ui/btn_sound_on.png",
        "overwrite" : false
      },
      {
        "type"      : "image",
        "key"       : "btn_sound_off",
        "url"       : "assets/ui/btn_sound_off.png",
        "overwrite" : false
      },
        {
            "type"      : "image",
            "key"       : "btn_replay_wht",
            "url"       : "assets/ui/btn_replay_wht.png",
            "overwrite" : false
        },
        {
            "type"      : "image",
            "key"       : "btn_sound_off_wht",
            "url"       : "assets/ui/btn_sound_off_wht.png",
            "overwrite" : false
        },
        {
            "type"      : "image",
            "key"       : "btn_sound_on_wht",
            "url"       : "assets/ui/btn_sound_on_wht.png",
            "overwrite" : false
        },
        {
            "type"      : "image",
            "key"       : "btn_play_wht",
            "url"       : "assets/ui/btn_play_wht.png",
            "overwrite" : false
        },
        {
            "type"      : "image",
            "key"       : "instruction_spacebar",
            "url"       : "assets/ui/instruction_spacebar.png",
            "overwrite" : false
        }
  ],
  "game" :
  [
    {
      "type"      : "image",
      "key"       : "background",
      "url"       : "assets/textures/background.jpg",
      "overwrite" : false
    },
    {
      "type"      : "image",
      "key"       : "hero",
      "url"       : "assets/textures/hero.png",
      "overwrite" : false
    },
    {
      "type"      : "image",
      "key"       : "shockwave_section",
      "url"       : "assets/textures/shockwave_section.png",
      "overwrite" : false
    },
    {
      "type"      : "image",
      "key"       : "enemy_hit",
      "url"       : "assets/textures/enemy_hit.png",
      "overwrite" : false
    },
    {
      "type"      : "atlasJSONArray",
      "key"       : "enemy",
      "textureURL": "assets/textures/enemy.png",
      "atlasURL"  : "assets/textures/enemy.json",
      "atlasData" : null,
      "format"    : "TEXTURE_ATLAS_JSON_ARRAY"
    },
    {
      "type"      : "json",
      "key"       : "game_data",
      "url"       : "assets/data/gamedata.json",
      "overwrite" : true
    },
    {
      "type": "audio",
      "key": "background",
      "urls": ["assets/sounds/background.mp3"],
      "autoDecode": true
    },
    {
      "type": "audio",
      "key": "intro_background",
      "urls": ["assets/sounds/intro_background.mp3"],
      "autoDecode": true
    },
    {
      "type": "audio",
      "key": "end_background",
      "urls": ["assets/sounds/end_background.mp3"],
      "autoDecode": true
    },
    {
      "type": "audio",
      "key": "button",
      "urls": ["assets/sounds/button.mp3"],
      "autoDecode": true
    },
    {
      "type": "audio",
      "key": "splat",
      "urls": ["assets/sounds/splat.mp3"],
      "autoDecode": true
    },
    {
      "type": "audio",
      "key": "shockwave",
      "urls": ["assets/sounds/shockwave.mp3"],
      "autoDecode": true
    },
    {
      "type": "audio",
      "key": "charge_0",
      "urls": ["assets/sounds/charge_0.mp3"],
      "autoDecode": true
    },
    {
      "type": "audio",
      "key": "charge_1",
      "urls": ["assets/sounds/charge_1.mp3"],
      "autoDecode": true
    },
    {
      "type": "audio",
      "key": "charge_2",
      "urls": ["assets/sounds/charge_2.mp3"],
      "autoDecode": true
    },
    {
      "type": "audio",
      "key": "charge_3",
      "urls": ["assets/sounds/charge_3.mp3"],
      "autoDecode": true
    },
    {
            "type": "audio",
            "key": "end_score",
            "urls": ["assets/sounds/end_score.mp3"],
            "autoDecode": true
    }



  ]
}
