{
    "copy_ref" :
    {
        "character_id"      : "game_overflow",
        "game_id"           : "game_fight",
        "styles"            : "overflow_shockwave"
    },
    "hero_spin_speed" : 1500,
    "input_power"     : 1,
    "blast_speed"     : 1000,
    "save_ref" : "overflowfight_01",
    "end_score_increment_delay" : 10,
    "end_score_increment_value" : 1,
    "wisetrack_ID" : "WISETRACK_2429_bc78f264be",
    "wisetrack_prefix" : "GAME_OVERFLOW_FIGHT_",

    "audio" :
    {
        "game_background"   : "background",
        "intro_background"  : "intro_background",
        "end_background"    : "end_background",
        "button"            : "button",
        "splat"             : "splat",
        "charge_0"          : "charge_0",
        "charge_1"          : "charge_1",
        "charge_2"          : "charge_2",
        "charge_3"          : "charge_3",
        "shockwave"         : "shockwave",
    "end_score"         : "end_score"
    }
}
