{"movies":[{"id":"bean_jump","layers":[{"keyframes":[{"tweened":false,"ref":"idle_1","loc":[0,6.3],"duration":1,"index":0,"pivot":[79.1,78.85]},{"tweened":false,"ref":"jump_2","loc":[0,3.35],"duration":1,"index":1,"pivot":[79.1,82.25]},{"tweened":false,"ref":"jump_3","loc":[0,13.95],"duration":2,"index":2,"pivot":[79.1,73.45]},{"tweened":false,"ref":"jump_4","loc":[0.05,-9.85],"duration":1,"index":4,"pivot":[79.1,97.2]},{"tweened":false,"ref":"jump_5","loc":[0.05,-12.9],"duration":1,"index":5,"pivot":[79.1,96.2]},{"tweened":false,"ref":"jump_6","loc":[0.05,-10.85],"duration":1,"index":6,"pivot":[79.1,99.65]},{"tweened":false,"ref":"jump_7","loc":[0.05,-1.35],"duration":1,"index":7,"pivot":[79.1,89.1]},{"tweened":false,"ref":"jump_8","loc":[0.05,0.65],"duration":1,"index":8,"pivot":[79.1,89.1]},{"tweened":false,"ref":"jump_9","loc":[0.05,-5.1],"duration":1,"index":9,"pivot":[79.1,94.45]},{"tweened":false,"ref":"jump_10","loc":[0.65,-5],"duration":1,"index":10,"pivot":[79.1,95.35]},{"tweened":false,"ref":"jump_11","loc":[4.85,15.25],"duration":2,"index":11,"pivot":[83.95,74.2]},{"tweened":false,"ref":"jump_12","loc":[0,6.6],"duration":1,"index":13,"pivot":[79.1,79]},{"tweened":false,"ref":"idle_1","loc":[0,6.3],"duration":1,"index":14,"pivot":[79.1,78.85]}],"name":"outline"},{"keyframes":[{"tweened":false,"ref":"wheel_right_1","loc":[46.3,66.55],"duration":1,"index":0,"pivot":[13.1,17.1]},{"tweened":false,"ref":"wheel_right_1","loc":[46.3095,66.5708],"skew":[0.1172,0.1172],"duration":1,"index":1,"pivot":[13.15,17.1]},{"tweened":false,"ref":"wheel_right_2","loc":[46.3118,68.529],"skew":[0.109,0.109],"duration":2,"index":2,"pivot":[13.15,17.1]},{"tweened":false,"ref":"wheel_right_4","loc":[45.4193,68.429],"skew":[0.114,0.1091],"duration":1,"scale":[0.9995,1.0006],"index":4,"pivot":[13.15,17.1]},{"tweened":false,"ref":"wheel_right_1","loc":[47.4193,64.379],"skew":[0.114,0.1091],"duration":1,"scale":[0.9995,1.0006],"index":5,"pivot":[13.15,17.1]},{"tweened":false,"ref":"wheel_right_1","loc":[47.9193,69.879],"skew":[0.114,0.1091],"duration":1,"scale":[0.9995,1.0006],"index":6,"pivot":[13.15,17.1]},{"tweened":false,"ref":"wheel_right_2","loc":[45.4193,68.879],"skew":[0.114,0.1091],"duration":1,"scale":[0.9995,1.0006],"index":7,"pivot":[13.15,17.1]},{"tweened":false,"ref":"wheel_right_2","loc":[45.4193,70.879],"skew":[0.114,0.1091],"duration":1,"scale":[0.9995,1.0006],"index":8,"pivot":[13.15,17.1]},{"tweened":false,"ref":"wheel_right_2","loc":[45.4193,70.429],"skew":[0.114,0.1091],"duration":1,"scale":[0.9995,1.0006],"index":9,"pivot":[13.15,17.1]},{"tweened":false,"ref":"wheel_right_2","loc":[46.3118,71.479],"skew":[0.109,0.109],"duration":1,"index":10,"pivot":[13.15,17.1]},{"tweened":false,"ref":"wheel_right_2","loc":[46.3118,70.529],"skew":[0.109,0.109],"duration":2,"index":11,"pivot":[13.15,17.1]},{"tweened":false,"ref":"wheel_right_1","loc":[46.3095,66.5708],"skew":[0.1172,0.1172],"duration":1,"index":13,"pivot":[13.15,17.1]},{"tweened":false,"ref":"wheel_right_1","loc":[46.3,66.55],"duration":1,"index":14,"pivot":[13.1,17.1]}],"name":"wheel_right"},{"keyframes":[{"tweened":false,"ref":"wheel_left_1","loc":[-46.8,62.5],"duration":1,"index":0,"pivot":[14.25,15.15]},{"tweened":false,"ref":"wheel_left_1","loc":[-46.8223,62.5146],"skew":[0.1174,0.1174],"duration":1,"index":1,"pivot":[14.25,15.15]},{"tweened":false,"ref":"wheel_left_2","loc":[-46.8177,65.2571],"skew":[0.2618,0.2618],"duration":2,"index":2,"pivot":[14.2,15.2]},{"tweened":false,"ref":"wheel_left_4","loc":[-47.6598,63.1571],"skew":[0.2665,0.2621],"duration":1,"scale":[0.9987,1.0013],"index":4,"pivot":[14.2,15.2]},{"tweened":false,"ref":"wheel_left_1","loc":[-47.6598,60.6071],"skew":[0.2665,0.2621],"duration":1,"scale":[0.9987,1.0013],"index":5,"pivot":[14.2,15.2]},{"tweened":false,"ref":"wheel_left_1","loc":[-46.6598,62.6071],"skew":[0.2665,0.2621],"duration":1,"scale":[0.9987,1.0013],"index":6,"pivot":[14.2,15.2]},{"tweened":false,"ref":"wheel_left_2","loc":[-47.6598,60.1071],"skew":[0.2665,0.2621],"duration":1,"scale":[0.9987,1.0013],"index":7,"pivot":[14.2,15.2]},{"tweened":false,"ref":"wheel_left_2","loc":[-47.6598,62.1071],"skew":[0.2665,0.2621],"duration":1,"scale":[0.9987,1.0013],"index":8,"pivot":[14.2,15.2]},{"tweened":false,"ref":"wheel_left_2","loc":[-47.6598,64.6571],"skew":[0.2665,0.2621],"duration":1,"scale":[0.9987,1.0013],"index":9,"pivot":[14.2,15.2]},{"tweened":false,"ref":"wheel_left_2","loc":[-46.8177,67.2071],"skew":[0.2618,0.2618],"duration":1,"index":10,"pivot":[14.2,15.2]},{"tweened":false,"ref":"wheel_left_2","loc":[-46.8177,67.2571],"skew":[0.2618,0.2618],"duration":2,"index":11,"pivot":[14.2,15.2]},{"tweened":false,"ref":"wheel_left_1","loc":[-46.8223,62.5146],"skew":[0.1174,0.1174],"duration":1,"index":13,"pivot":[14.25,15.15]},{"tweened":false,"ref":"wheel_left_1","loc":[-46.8,62.5],"duration":1,"index":14,"pivot":[14.25,15.15]}],"name":"wheel_left"},{"keyframes":[{"tweened":false,"ref":"bean_board_left_leg","loc":[-17.1,51.9],"duration":1,"index":0,"pivot":[49.1,9.2]},{"tweened":false,"ref":"bean_board_left_leg","loc":[-17.1,51.9],"duration":1,"index":1,"pivot":[49.1,9.2]},{"tweened":false,"ref":"bean_board_left_leg","loc":[-56.1003,58.175],"skew":[0.0383,0.0383],"duration":2,"index":2,"pivot":[10.1,15.5]},{"tweened":false,"ref":"bean_board_left_leg","loc":[-57.0156,58.8221],"skew":[-0.2792,-0.2834],"duration":1,"scale":[1.0014,0.9987],"index":4,"pivot":[10,15.7]},{"tweened":false,"ref":"bean_board_left_leg","loc":[-57.0064,61.2272],"skew":[-0.3407,-0.345],"duration":1,"scale":[1.0014,0.9987],"index":5,"pivot":[10.05,15.65]},{"tweened":false,"ref":"bean_board_left_leg","loc":[-56.9968,60.2571],"skew":[-0.2577,-0.2619],"duration":1,"scale":[1.0014,0.9986],"index":6,"pivot":[10.05,15.65]},{"tweened":false,"ref":"bean_board_left_leg","loc":[-56.9885,59.744],"skew":[-0.079,-0.0832],"duration":1,"scale":[1.0014,0.9987],"index":7,"pivot":[10.05,15.65]},{"tweened":false,"ref":"bean_board_left_leg","loc":[-56.9885,61.744],"skew":[-0.079,-0.0832],"duration":1,"scale":[1.0014,0.9987],"index":8,"pivot":[10.05,15.65]},{"tweened":false,"ref":"bean_board_left_leg","loc":[-57.0031,63.2825],"skew":[-0.1445,-0.1488],"duration":1,"scale":[1.0014,0.9987],"index":9,"pivot":[10,15.6]},{"tweened":false,"ref":"bean_board_left_leg","loc":[-56.1432,66.7732],"skew":[-0.2235,-0.2235],"duration":1,"index":10,"pivot":[10.1,15.6]},{"tweened":false,"ref":"bean_board_left_leg","loc":[-56.1003,60.175],"skew":[0.0383,0.0383],"duration":2,"index":11,"pivot":[10.1,15.5]},{"tweened":false,"ref":"bean_board_left_leg","loc":[-58.9991,59.0398],"skew":[0.0345,0.0345],"duration":1,"index":13,"pivot":[7.2,14.35]},{"tweened":false,"ref":"bean_board_left_leg","loc":[-17.1,51.9],"duration":1,"index":14,"pivot":[49.1,9.2]}],"name":"bean_board_left_leg"},{"keyframes":[{"tweened":false,"ref":"bean_borad_right_leg","loc":[17.35,54.3],"duration":1,"index":0,"pivot":[45.55,14.25]},{"tweened":false,"ref":"bean_borad_right_leg","loc":[17.35,54.3],"duration":1,"index":1,"pivot":[45.55,14.25]},{"tweened":false,"ref":"bean_borad_right_leg","loc":[55.5928,61.5462],"skew":[-0.0428,-0.0428],"duration":2,"index":2,"pivot":[83.8,21.5]},{"tweened":false,"ref":"bean_borad_right_leg","loc":[54.7918,66.4757],"skew":[0.3709,0.3672],"duration":1,"scale":[0.9983,1.0017],"index":4,"pivot":[83.85,21.45]},{"tweened":false,"ref":"bean_borad_right_leg","loc":[54.7918,64.4757],"skew":[0.3709,0.3672],"duration":1,"scale":[0.9983,1.0017],"index":5,"pivot":[83.85,21.45]},{"tweened":false,"ref":"bean_borad_right_leg","loc":[55.8116,59.4649],"skew":[0.2016,0.1979],"duration":1,"scale":[0.9983,1.0017],"index":6,"pivot":[83.9,21.5]},{"tweened":false,"ref":"bean_borad_right_leg","loc":[54.7991,64.9698],"skew":[0.1091,0.1054],"duration":1,"scale":[0.9983,1.0017],"index":7,"pivot":[83.9,21.5]},{"tweened":false,"ref":"bean_borad_right_leg","loc":[54.7991,66.9698],"skew":[0.1091,0.1054],"duration":1,"scale":[0.9983,1.0017],"index":8,"pivot":[83.9,21.5]},{"tweened":false,"ref":"bean_borad_right_leg","loc":[54.7965,65.9817],"skew":[0.1706,0.1669],"duration":1,"scale":[0.9983,1.0017],"index":9,"pivot":[83.85,21.45]},{"tweened":false,"ref":"bean_borad_right_leg","loc":[55.6485,70.0753],"skew":[0.2799,0.2799],"duration":1,"index":10,"pivot":[83.85,21.5]},{"tweened":false,"ref":"bean_borad_right_leg","loc":[55.5928,63.5462],"skew":[-0.0428,-0.0428],"duration":2,"index":11,"pivot":[83.8,21.5]},{"tweened":false,"ref":"bean_borad_right_leg","loc":[57.0925,67.5341],"skew":[-0.0253,-0.0253],"duration":1,"index":13,"pivot":[85.3,24.5]},{"tweened":false,"ref":"bean_borad_right_leg","loc":[17.35,54.3],"duration":1,"index":14,"pivot":[45.55,14.25]}],"name":"bean_borad_right_leg"},{"keyframes":[{"tweened":false,"ref":"bean_board","loc":[0,43.35],"duration":1,"index":0,"pivot":[78.1,12]},{"tweened":false,"ref":"bean_board","loc":[0,45.1],"duration":1,"index":1,"pivot":[78.1,12]},{"tweened":false,"ref":"bean_board","loc":[0,47.35],"duration":2,"index":2,"pivot":[78.1,12]},{"tweened":false,"ref":"bean_board","loc":[-0.0077,22.8],"skew":[0.005,0],"duration":1,"index":4,"pivot":[78.1,12]},{"tweened":false,"ref":"bean_board","loc":[-0.0077,20.75],"skew":[0.005,0],"duration":1,"index":5,"pivot":[78.1,12]},{"tweened":false,"ref":"bean_board","loc":[-0.0077,27.25],"skew":[0.005,0],"duration":1,"index":6,"pivot":[78.1,12]},{"tweened":false,"ref":"bean_board","loc":[-0.0077,40.75],"skew":[0.005,0],"duration":1,"index":7,"pivot":[78.1,12]},{"tweened":false,"ref":"bean_board","loc":[-0.0077,42.75],"skew":[0.005,0],"duration":1,"index":8,"pivot":[78.1,12]},{"tweened":false,"ref":"bean_board","loc":[-0.0077,35.8],"skew":[0.005,0],"duration":1,"index":9,"pivot":[78.1,12]},{"tweened":false,"ref":"bean_board","loc":[0.65,32.85],"duration":1,"index":10,"pivot":[78.1,12]},{"tweened":false,"ref":"bean_board","loc":[0,49.35],"duration":2,"index":11,"pivot":[78.1,12]},{"tweened":false,"ref":"bean_board","loc":[57.1,67.55],"duration":1,"index":13,"pivot":[135.2,28.55]},{"tweened":false,"ref":"bean_board","loc":[0,43.35],"duration":1,"index":14,"pivot":[78.1,12]}],"name":"bean_board"},{"keyframes":[{"tweened":false,"ref":"bean_right_upperleg","loc":[10.6284,22.4652],"skew":[-0.2618,-0.2618],"duration":1,"index":0,"pivot":[22.65,24.15]},{"tweened":false,"ref":"bean_right_arm","loc":[42.55,-11.3],"duration":1,"index":1,"pivot":[32.45,10.1]},{"tweened":false,"ref":"bean_right_arm","loc":[43.8,6.4],"duration":2,"index":2,"pivot":[32.45,10.1]},{"tweened":false,"ref":"bean_right_arm","loc":[4.1736,-20.8923],"skew":[1.3093,1.3137],"duration":1,"scale":[0.9987,1.0012],"index":4,"pivot":[32.45,10.1]},{"tweened":false,"ref":"bean_right_arm","loc":[17.1213,-28.4435],"skew":[0.7857,0.7901],"duration":1,"scale":[0.9987,1.0012],"index":5,"pivot":[32.45,10.15]},{"tweened":false,"ref":"bean_right_arm","loc":[9.5403,-48.0149],"skew":[0.0004,0.0047],"duration":1,"scale":[0.9987,1.0012],"index":6,"pivot":[6.1,5.35]},{"tweened":false,"ref":"bean_right_arm","loc":[9.5411,-26.7635],"skew":[-0.2614,-0.2571],"duration":1,"scale":[0.9987,1.0012],"index":7,"pivot":[6.05,5.4]},{"tweened":false,"ref":"bean_right_arm","loc":[9.5301,-24.695],"skew":[-0.5232,-0.5189],"duration":1,"scale":[0.9987,1.0012],"index":8,"pivot":[6,5.45]},{"tweened":false,"ref":"bean_right_arm","loc":[2.7857,-35.4143],"skew":[-0.5233,-0.5189],"duration":1,"scale":[0.9987,1.0012],"index":9,"pivot":[4.65,9.5]},{"tweened":false,"ref":"bean_right_arm","loc":[7.1422,-38.865],"skew":[-0.5236,-0.5236],"duration":1,"index":10,"pivot":[9.2,2.35]},{"tweened":false,"ref":"bean_right_arm","loc":[34.529,-11.9885],"skew":[0.2618,0.2618],"duration":2,"index":11,"pivot":[8.45,5.15]},{"tweened":false,"ref":"bean_right_arm","loc":[42.55,-4.8],"duration":1,"index":13,"pivot":[32.45,10.1]},{"tweened":false,"ref":"bean_right_upperleg","loc":[10.6284,22.4652],"skew":[-0.2618,-0.2618],"duration":1,"index":14,"pivot":[22.65,24.15]}],"name":"bean_right_arm"},{"keyframes":[{"tweened":false,"ref":"bean_right_lowerleg","loc":[12.8648,41.15],"skew":[0.1722,0],"duration":1,"scale":[1,0.7786],"index":0,"pivot":[9.85,21.25]},{"tweened":false,"ref":"bean_right_lowerleg","loc":[11.6001,42.9],"skew":[0.2327,0],"duration":1,"scale":[1,1.0277],"index":1,"pivot":[8.6,23]},{"tweened":false,"ref":"bean_right_lowerleg","loc":[11.672,45.8998],"skew":[0.3987,0],"duration":2,"scale":[1,0.8466],"index":2,"pivot":[8.65,22.75]},{"tweened":false,"ref":"bean_right_lowerleg","loc":[11.0083,21.8241],"skew":[-0.1251,0],"duration":1,"scale":[1,0.9868],"index":4,"pivot":[8.65,22.8]},{"tweened":false,"ref":"bean_right_lowerleg","loc":[-6.1801,8.9018],"skew":[0.851,0.7854],"duration":1,"scale":[1,0.9475],"index":5,"pivot":[7.75,22.05]},{"tweened":false,"ref":"bean_right_lowerleg","loc":[1.467,-7.0122],"skew":[0.6602,0.7854],"duration":1,"scale":[1,0.9868],"index":6,"pivot":[8.65,22.8]},{"tweened":false,"ref":"bean_right_lowerleg","loc":[3.717,24.9878],"skew":[0.6602,0.7854],"duration":1,"scale":[1,0.9868],"index":7,"pivot":[8.65,22.8]},{"tweened":false,"ref":"bean_right_lowerleg","loc":[3.717,26.9878],"skew":[0.6602,0.7854],"duration":1,"scale":[1,0.9868],"index":8,"pivot":[8.65,22.8]},{"tweened":false,"ref":"bean_right_lowerleg","loc":[11.0083,29.3241],"skew":[-0.1251,0],"duration":1,"scale":[1,0.9868],"index":9,"pivot":[8.65,22.8]},{"tweened":false,"ref":"bean_right_lowerleg","loc":[22.6659,22.828],"skew":[-0.3919,-0.2618],"duration":1,"scale":[1,0.9875],"index":10,"pivot":[8.65,22.7]},{"tweened":false,"ref":"bean_right_lowerleg","loc":[11.672,47.8998],"skew":[0.3987,0],"duration":2,"scale":[1,0.8466],"index":11,"pivot":[8.65,22.75]},{"tweened":false,"ref":"bean_right_lowerleg","loc":[11.6001,49.4],"skew":[0.2327,0],"duration":1,"scale":[1,1.0277],"index":13,"pivot":[8.6,23]},{"tweened":false,"ref":"bean_right_lowerleg","loc":[12.8648,41.15],"skew":[0.1722,0],"duration":1,"scale":[1,0.7786],"index":14,"pivot":[9.85,21.25]}],"name":"bean_right_lowerleg"},{"keyframes":[{"tweened":false,"ref":"bean_knee","loc":[13.9446,24.8264],"skew":[-0.2618,-0.2618],"duration":1,"index":0,"pivot":[4.3,3.25]},{"tweened":false,"ref":"bean_right_upperleg","loc":[1.9147,12.2198],"skew":[-0.2618,-0.2618],"duration":1,"index":1,"pivot":[12.75,14.1]},{"tweened":false,"ref":"bean_right_upperleg","loc":[5.3164,20.5328],"skew":[-0.2618,-0.2618],"duration":2,"index":2,"pivot":[12.7,14.1]},{"tweened":false,"ref":"bean_right_upperleg","loc":[-3.9708,-13.25],"skew":[0.005,0],"duration":1,"index":4,"pivot":[12.7,14.1]},{"tweened":false,"ref":"bean_right_upperleg","loc":[-3.9708,-15.3],"skew":[0.005,0],"duration":1,"index":5,"pivot":[12.7,14.1]},{"tweened":false,"ref":"bean_right_upperleg","loc":[-1.4264,-30.3035],"skew":[-0.5186,-0.5236],"duration":1,"index":6,"pivot":[12.8,14.1]},{"tweened":false,"ref":"bean_right_upperleg","loc":[1.2946,-2.8252],"skew":[-0.2568,-0.2618],"duration":1,"index":7,"pivot":[12.8,14.1]},{"tweened":false,"ref":"bean_right_upperleg","loc":[1.2946,-0.8252],"skew":[-0.2568,-0.2618],"duration":1,"index":8,"pivot":[12.8,14.1]},{"tweened":false,"ref":"bean_right_upperleg","loc":[-3.9708,-5.75],"skew":[0.005,0],"duration":1,"index":9,"pivot":[12.7,14.1]},{"tweened":false,"ref":"bean_right_upperleg","loc":[-8.0048,-12.2124],"skew":[-0.2618,-0.2618],"duration":1,"index":10,"pivot":[8.2,7.05]},{"tweened":false,"ref":"bean_right_upperleg","loc":[5.3164,22.5328],"skew":[-0.2618,-0.2618],"duration":2,"index":11,"pivot":[12.7,14.1]},{"tweened":false,"ref":"bean_right_upperleg","loc":[1.9147,18.7198],"skew":[-0.2618,-0.2618],"duration":1,"index":13,"pivot":[12.75,14.1]},{"tweened":false,"ref":"bean_knee","loc":[13.9446,24.8264],"skew":[-0.2618,-0.2618],"duration":1,"index":14,"pivot":[4.3,3.25]}],"name":"bean_right_upperleg"},{"keyframes":[{"tweened":false,"ref":"bean_right_arm","loc":[14.4,-9],"duration":1,"index":0,"pivot":[4.9,4.1]},{"tweened":false,"ref":"bean_knee","loc":[17.2,21.85],"duration":1,"index":1,"pivot":[4.25,3.3]},{"tweened":false,"ref":"bean_knee","loc":[20.4446,28.5764],"skew":[-0.2618,-0.2618],"duration":2,"index":2,"pivot":[4.3,3.25]},{"tweened":false,"ref":"bean_knee","loc":[8.386,-2.5107],"skew":[-0.2571,-0.2614],"duration":1,"scale":[1.0013,0.9988],"index":4,"pivot":[4.25,3.25]},{"tweened":false,"ref":"bean_knee","loc":[8.386,-4.5607],"skew":[-0.2571,-0.2614],"duration":1,"scale":[1.0013,0.9988],"index":5,"pivot":[4.25,3.25]},{"tweened":false,"ref":"bean_knee","loc":[14.386,-25.0607],"skew":[-0.2571,-0.2614],"duration":1,"scale":[1.0013,0.9988],"index":6,"pivot":[4.25,3.25]},{"tweened":false,"ref":"bean_knee","loc":[16.886,6.4393],"skew":[-0.2571,-0.2614],"duration":1,"scale":[1.0013,0.9988],"index":7,"pivot":[4.25,3.25]},{"tweened":false,"ref":"bean_knee","loc":[16.886,8.4393],"skew":[-0.2571,-0.2614],"duration":1,"scale":[1.0013,0.9988],"index":8,"pivot":[4.25,3.25]},{"tweened":false,"ref":"bean_knee","loc":[8.386,4.9893],"skew":[-0.2571,-0.2614],"duration":1,"scale":[1.0013,0.9988],"index":9,"pivot":[4.25,3.25]},{"tweened":false,"ref":"bean_knee","loc":[13.9446,2.5264],"skew":[-0.2618,-0.2618],"duration":1,"index":10,"pivot":[4.3,3.25]},{"tweened":false,"ref":"bean_knee","loc":[20.4446,30.5764],"skew":[-0.2618,-0.2618],"duration":2,"index":11,"pivot":[4.3,3.25]},{"tweened":false,"ref":"bean_knee","loc":[17.2,28.35],"duration":1,"index":13,"pivot":[4.25,3.3]},{"tweened":false,"ref":"bean_right_arm","loc":[14.4,-9],"duration":1,"index":14,"pivot":[4.9,4.1]}],"name":"bean_knee"},{"keyframes":[{"tweened":false,"ref":"bean_left_arm","loc":[5.5837,-17.391],"skew":[0.0791,0.0791],"duration":1,"index":0,"pivot":[64.4,9.05]},{"tweened":false,"ref":"bean_left_arm","loc":[-21.05,-20.2],"duration":1,"index":1,"pivot":[36.2,11.95]},{"tweened":false,"ref":"bean_left_arm","loc":[-14.3,-1.75],"duration":2,"index":2,"pivot":[36.2,11.95]},{"tweened":false,"ref":"bean_left_arm","loc":[-0.5672,-51.252],"skew":[-0.7747,-0.7748],"duration":1,"scale":[1.0025,0.9975],"index":4,"pivot":[68.2,10]},{"tweened":false,"ref":"bean_left_arm","loc":[-0.5373,-53.2288],"skew":[-0.5129,-0.513],"duration":1,"scale":[1.0025,0.9975],"index":5,"pivot":[68.2,10.1]},{"tweened":false,"ref":"bean_left_arm","loc":[4.4599,-54.3033],"skew":[0.0106,0.0106],"duration":1,"scale":[1.0025,0.9975],"index":6,"pivot":[68.25,10.05]},{"tweened":false,"ref":"bean_left_arm","loc":[6.4559,-31.056],"skew":[0.1669,0.1668],"duration":1,"scale":[1.0025,0.9975],"index":7,"pivot":[68.25,10.05]},{"tweened":false,"ref":"bean_left_arm","loc":[6.4606,-29.0289],"skew":[0.4287,0.4286],"duration":1,"scale":[1.0025,0.9975],"index":8,"pivot":[68.3,10.05]},{"tweened":false,"ref":"bean_left_arm","loc":[-1.6667,-42.7962],"skew":[0.4596,0.4595],"duration":1,"scale":[1.0025,0.9975],"index":9,"pivot":[68.2,10.05]},{"tweened":false,"ref":"bean_left_arm","loc":[-0.2995,-41.1898],"skew":[0.1038,0.1038],"duration":1,"index":10,"pivot":[68.15,9.95]},{"tweened":false,"ref":"bean_left_arm","loc":[9.7147,-5.9682],"skew":[0.2618,0.2618],"duration":2,"index":11,"pivot":[61.9,9.95]},{"tweened":false,"ref":"bean_left_arm","loc":[-21.05,-13.7],"duration":1,"index":13,"pivot":[36.2,11.95]},{"tweened":false,"ref":"bean_left_arm","loc":[5.5837,-17.391],"skew":[0.0791,0.0791],"duration":1,"index":14,"pivot":[64.4,9.05]}],"name":"bean_left_arm"},{"keyframes":[{"tweened":false,"ref":"bean_head_body_1","loc":[-10.6516,-3.4468],"skew":[0.214,0.214],"duration":1,"index":0,"pivot":[6.6,72.3]},{"tweened":false,"ref":"bean_head_body_1","loc":[24.7402,-37.7362],"skew":[0.0775,0.0775],"duration":1,"index":1,"pivot":[34.6,38.8]},{"tweened":false,"ref":"bean_head_body_1","loc":[-10.2801,3.965],"skew":[0.3747,0.3747],"duration":2,"index":2,"pivot":[1.05,73.8]},{"tweened":false,"ref":"bean_head_body_1","loc":[-18.3863,-27.5861],"skew":[-0.1712,-0.1759],"duration":1,"scale":[1.0009,0.9991],"index":4,"pivot":[1.1,73.9]},{"tweened":false,"ref":"bean_head_body_1","loc":[-18.3863,-29.6361],"skew":[-0.1712,-0.1759],"duration":1,"scale":[1.0009,0.9991],"index":5,"pivot":[1.1,73.9]},{"tweened":false,"ref":"bean_head_body_1","loc":[-16.4224,-34.6512],"skew":[-0.0187,-0.0234],"duration":1,"scale":[1.0009,0.9991],"index":6,"pivot":[1.05,73.85]},{"tweened":false,"ref":"bean_head_body_1","loc":[-16.3847,-13.3783],"skew":[-0.0708,-0.0755],"duration":1,"scale":[1.0009,0.9991],"index":7,"pivot":[1.05,73.85]},{"tweened":false,"ref":"bean_head_body_1","loc":[-16.3847,-11.3783],"skew":[-0.0708,-0.0755],"duration":1,"scale":[1.0009,0.9991],"index":8,"pivot":[1.05,73.85]},{"tweened":false,"ref":"bean_head_body_1","loc":[-18.3863,-20.0861],"skew":[-0.1712,-0.1759],"duration":1,"scale":[1.0009,0.9991],"index":9,"pivot":[1.1,73.9]},{"tweened":false,"ref":"bean_head_body_1","loc":[-17.9795,-19.5398],"skew":[-0.2405,-0.2405],"duration":1,"index":10,"pivot":[1.1,73.9]},{"tweened":false,"ref":"bean_head_body_1","loc":[-11.5301,4.515],"skew":[0.3747,0.3747],"duration":2,"index":11,"pivot":[1.05,73.8]},{"tweened":false,"ref":"bean_head_body_1","loc":[24.7402,-31.2362],"skew":[0.0775,0.0775],"duration":1,"index":13,"pivot":[34.6,38.8]},{"tweened":false,"ref":"bean_head_body_1","loc":[-10.6516,-3.4468],"skew":[0.214,0.214],"duration":1,"index":14,"pivot":[6.6,72.3]}],"name":"bean_head_body"},{"keyframes":[{"tweened":false,"ref":"bean_waist","loc":[-16.2124,-0.2281],"skew":[0.2618,0.2618],"duration":1,"index":0,"pivot":[10.4,10.85]},{"tweened":false,"ref":"bean_waist","loc":[-10.45,-2],"duration":1,"index":1,"pivot":[10.4,10.8]},{"tweened":false,"ref":"bean_waist","loc":[-10.4624,7.8719],"skew":[0.2618,0.2618],"duration":2,"index":2,"pivot":[10.4,10.85]},{"tweened":false,"ref":"bean_waist","loc":[-15.5982,-25.8596],"skew":[-0.2571,-0.2614],"duration":1,"scale":[1.0013,0.9988],"index":4,"pivot":[10.4,10.8]},{"tweened":false,"ref":"bean_waist","loc":[-15.5982,-27.9096],"skew":[-0.2571,-0.2614],"duration":1,"scale":[1.0013,0.9988],"index":5,"pivot":[10.4,10.8]},{"tweened":false,"ref":"bean_waist","loc":[-13.5875,-33.4102],"skew":[0.0047,0.0003],"duration":1,"scale":[1.0013,0.9987],"index":6,"pivot":[10.45,10.8]},{"tweened":false,"ref":"bean_waist","loc":[-12.5625,-12.171],"skew":[-0.2571,-0.2614],"duration":1,"scale":[1.0013,0.9987],"index":7,"pivot":[10.45,10.75]},{"tweened":false,"ref":"bean_waist","loc":[-12.5625,-10.171],"skew":[-0.2571,-0.2614],"duration":1,"scale":[1.0013,0.9987],"index":8,"pivot":[10.45,10.75]},{"tweened":false,"ref":"bean_waist","loc":[-15.5982,-18.3596],"skew":[-0.2571,-0.2614],"duration":1,"scale":[1.0013,0.9988],"index":9,"pivot":[10.4,10.8]},{"tweened":false,"ref":"bean_waist","loc":[-15.2093,-17.8096],"skew":[-0.2618,-0.2618],"duration":1,"index":10,"pivot":[10.4,10.8]},{"tweened":false,"ref":"bean_waist","loc":[-10.4624,8.0219],"skew":[0.2618,0.2618],"duration":2,"index":11,"pivot":[10.4,10.85]},{"tweened":false,"ref":"bean_waist","loc":[-10.45,4.5],"duration":1,"index":13,"pivot":[10.4,10.8]},{"tweened":false,"ref":"bean_waist","loc":[-16.2124,-0.2281],"skew":[0.2618,0.2618],"duration":1,"index":14,"pivot":[10.4,10.85]}],"name":"bean_waist"},{"keyframes":[{"tweened":false,"ref":"bean_left_upperleg","loc":[-7.5955,26.3839],"skew":[-0.2618,-0.2618],"duration":1,"index":0,"pivot":[23,34.15]},{"tweened":false,"ref":"bean_left_upperleg","loc":[-18.6,12.15],"duration":1,"index":1,"pivot":[13.2,17.65]},{"tweened":false,"ref":"bean_left_upperleg","loc":[-8.7799,26.6275],"skew":[-0.1228,-0.2263],"duration":2,"scale":[1,0.8412],"index":2,"pivot":[21.55,29.3]},{"tweened":false,"ref":"bean_left_upperleg","loc":[-18.8985,-0.9696],"skew":[0.1439,0.0355],"duration":1,"scale":[0.9998,0.8418],"index":4,"pivot":[21.45,29.25]},{"tweened":false,"ref":"bean_left_upperleg","loc":[-18.8985,-3.0196],"skew":[0.1439,0.0355],"duration":1,"scale":[0.9998,0.8418],"index":5,"pivot":[21.45,29.25]},{"tweened":false,"ref":"bean_left_upperleg","loc":[-8.3396,-14.489],"skew":[-0.3797,-0.4881],"duration":1,"scale":[0.8786,0.8418],"index":6,"pivot":[21.5,29.25]},{"tweened":false,"ref":"bean_left_upperleg","loc":[-9.5841,9.239],"skew":[-0.2393,-0.3477],"duration":1,"scale":[0.8786,0.8418],"index":7,"pivot":[21.55,29.15]},{"tweened":false,"ref":"bean_left_upperleg","loc":[-9.5841,11.239],"skew":[-0.2393,-0.3477],"duration":1,"scale":[0.8786,0.8418],"index":8,"pivot":[21.55,29.15]},{"tweened":false,"ref":"bean_left_upperleg","loc":[-18.8985,6.5304],"skew":[0.1439,0.0355],"duration":1,"scale":[0.9998,0.8418],"index":9,"pivot":[21.45,29.25]},{"tweened":false,"ref":"bean_left_upperleg","loc":[-21.7449,-12.9564],"skew":[0.139,0.0355],"duration":1,"scale":[1,0.8412],"index":10,"pivot":[15.6,8.45]},{"tweened":false,"ref":"bean_left_upperleg","loc":[-8.7799,28.6275],"skew":[-0.1228,-0.2263],"duration":2,"scale":[1,0.8412],"index":11,"pivot":[21.55,29.3]},{"tweened":false,"ref":"bean_left_upperleg","loc":[-18.6,18.65],"duration":1,"index":13,"pivot":[13.2,17.65]},{"tweened":false,"ref":"bean_left_upperleg","loc":[-7.5955,26.3839],"skew":[-0.2618,-0.2618],"duration":1,"index":14,"pivot":[23,34.15]}],"name":"bean_left_upperleg"},{"keyframes":[{"tweened":false,"ref":"bean_left_lowerleg","loc":[-22.3187,38.75],"skew":[0.1203,0],"duration":1,"scale":[1,0.916],"index":0,"pivot":[10.7,16.55]},{"tweened":false,"ref":"bean_left_lowerleg","loc":[-21.3205,40.0208],"skew":[0.1185,0],"duration":1,"scale":[1,0.8888],"index":1,"pivot":[11.7,16.85]},{"tweened":false,"ref":"bean_left_lowerleg","loc":[-25.1886,42.395],"skew":[0.2165,0],"duration":2,"scale":[1,0.8484],"index":2,"pivot":[7.8,16.95]},{"tweened":false,"ref":"bean_left_lowerleg","loc":[-25.8549,20.7961],"skew":[-0.3398,-0.2614],"duration":1,"scale":[1.0013,1.0946],"index":4,"pivot":[7.7,16.85]},{"tweened":false,"ref":"bean_left_lowerleg","loc":[-32.7756,10.9438],"skew":[0.1838,0.2621],"duration":1,"scale":[1.0012,1.0946],"index":5,"pivot":[7.75,16.85]},{"tweened":false,"ref":"bean_left_lowerleg","loc":[-18.8026,2.7401],"skew":[-0.078,0.0003],"duration":1,"scale":[0.9948,1.0946],"index":6,"pivot":[7.8,16.85]},{"tweened":false,"ref":"bean_left_lowerleg","loc":[-9.54,33.7278],"skew":[-0.6016,-0.5233],"duration":1,"scale":[0.9948,1.0946],"index":7,"pivot":[7.8,16.85]},{"tweened":false,"ref":"bean_left_lowerleg","loc":[-9.54,35.7278],"skew":[-0.6016,-0.5233],"duration":1,"scale":[0.9948,1.0946],"index":8,"pivot":[7.8,16.85]},{"tweened":false,"ref":"bean_left_lowerleg","loc":[-10.8503,30.3236],"skew":[-1.1252,-1.0468],"duration":1,"scale":[1.0012,1.0946],"index":9,"pivot":[7.7,16.85]},{"tweened":false,"ref":"bean_left_lowerleg","loc":[-10.2707,30.4122],"skew":[-1.1297,-1.0472],"duration":1,"scale":[1,1.0963],"index":10,"pivot":[7.65,16.85]},{"tweened":false,"ref":"bean_left_lowerleg","loc":[-25.1886,44.395],"skew":[0.2165,0],"duration":2,"scale":[1,0.8484],"index":11,"pivot":[7.8,16.95]},{"tweened":false,"ref":"bean_left_lowerleg","loc":[-21.3205,46.5208],"skew":[0.1185,0],"duration":1,"scale":[1,0.8888],"index":13,"pivot":[11.7,16.85]},{"tweened":false,"ref":"bean_left_lowerleg","loc":[-22.3187,38.75],"skew":[0.1203,0],"duration":1,"scale":[1,0.916],"index":14,"pivot":[10.7,16.55]}],"name":"bean_left_lowerleg"},{"keyframes":[{"tweened":false,"ref":"bean_knee","loc":[-7.05,26.1],"duration":1,"index":0,"pivot":[4.3,3.25]},{"tweened":false,"ref":"bean_knee","loc":[-7.3,28.1],"duration":1,"index":1,"pivot":[4.3,3.25]},{"tweened":false,"ref":"bean_knee","loc":[-6.4,31.45],"duration":2,"index":2,"pivot":[4.3,3.25]},{"tweened":false,"ref":"bean_knee","loc":[-15.4663,2.35],"skew":[0.005,0],"duration":1,"index":4,"pivot":[4.3,3.25]},{"tweened":false,"ref":"bean_knee","loc":[-15.4663,0.3],"skew":[0.005,0],"duration":1,"index":5,"pivot":[4.3,3.25]},{"tweened":false,"ref":"bean_knee","loc":[-4.4663,-12.2],"skew":[0.005,0],"duration":1,"index":6,"pivot":[4.3,3.25]},{"tweened":false,"ref":"bean_knee","loc":[-4.4663,13.3],"skew":[0.005,0],"duration":1,"index":7,"pivot":[4.3,3.25]},{"tweened":false,"ref":"bean_knee","loc":[-4.4663,15.3],"skew":[0.005,0],"duration":1,"index":8,"pivot":[4.3,3.25]},{"tweened":false,"ref":"bean_knee","loc":[-15.4663,9.85],"skew":[0.005,0],"duration":1,"index":9,"pivot":[4.3,3.25]},{"tweened":false,"ref":"bean_knee","loc":[-15.8876,10.4021],"skew":[0.2618,0.2618],"duration":1,"index":10,"pivot":[4.3,3.25]},{"tweened":false,"ref":"bean_knee","loc":[-6.4,33.45],"duration":2,"index":11,"pivot":[4.3,3.25]},{"tweened":false,"ref":"bean_knee","loc":[-7.3,34.6],"duration":1,"index":13,"pivot":[4.3,3.25]},{"tweened":false,"ref":"bean_knee","loc":[-7.05,26.1],"duration":1,"index":14,"pivot":[4.3,3.25]}],"name":"bean_knee"}]}],"md5":"0dc5713069cb379448d28ad16eadfa36","frameRate":30,"textureGroups":[{"scaleFactor":1,"atlases":[{"file":"atlas0.png","textures":[{"symbol":"jump_6","origin":[1,1.5],"rect":[1,1,159,200]},{"symbol":"jump_4","origin":[1,1.5],"rect":[163,1,159,195]},{"symbol":"jump_5","origin":[1,1.5],"rect":[325,1,159,193]},{"symbol":"jump_10","origin":[1,1.5],"rect":[325,196,159,191]},{"symbol":"jump_9","origin":[1,1.5],"rect":[163,198,159,189]},{"symbol":"jump_7","origin":[1,1.5],"rect":[1,203,159,179]},{"symbol":"jump_8","origin":[1,1.5],"rect":[1,384,159,179]},{"symbol":"jump_2","origin":[1,1.5],"rect":[163,389,159,165]},{"symbol":"jump_12","origin":[1,1.5],"rect":[325,389,159,158]},{"symbol":"idle_1","origin":[1,1.5],"rect":[325,549,159,158]},{"symbol":"jump_11","origin":[1,1.5],"rect":[1,565,168,149]},{"symbol":"jump_3","origin":[1,1.5],"rect":[171,709,159,147]},{"symbol":"bean_head_body_1","origin":[0,0],"rect":[171,556,70,78]},{"symbol":"bean_board","origin":[0.5,0.5],"rect":[332,709,157,25]},{"symbol":"bean_borad_right_leg","origin":[0,0],"rect":[171,636,92,29]},{"symbol":"bean_board_left_leg","origin":[0,0],"rect":[171,667,99,19]},{"symbol":"bean_left_arm","origin":[0,0],"rect":[243,556,73,24]},{"symbol":"bean_right_arm","origin":[0,0],"rect":[243,582,65,21]},{"symbol":"bean_left_upperleg","origin":[0,0],"rect":[265,605,27,36]},{"symbol":"wheel_right_2","origin":[0,0],"rect":[294,605,27,35]},{"symbol":"wheel_right_4","origin":[0,0],"rect":[294,642,27,35]},{"symbol":"wheel_right_1","origin":[0,0],"rect":[1,716,27,35]},{"symbol":"wheel_left_4","origin":[0,0],"rect":[30,716,29,31]},{"symbol":"wheel_left_2","origin":[0,0],"rect":[61,716,29,31]},{"symbol":"wheel_left_1","origin":[0,0],"rect":[92,716,29,31]},{"symbol":"bean_right_upperleg","origin":[0,0],"rect":[123,716,26,29]},{"symbol":"bean_right_lowerleg","origin":[0,0],"rect":[486,1,20,27]},{"symbol":"bean_left_lowerleg","origin":[0,0],"rect":[487,30,24,21]},{"symbol":"bean_waist","origin":[0,0],"rect":[486,53,21,22]},{"symbol":"bean_knee","origin":[0,0],"rect":[486,77,9,7]}]}]}]}