{
  "font0": {
	"en": "BenchNine",
    "es": "BenchNine",	
    "de": "BenchNine",	
	"pt": "BenchNine",
	"hu": "BenchNine",
    "ro": "BenchNine",
    "pl": "BenchNine",	
	"bg": "PT Sans Narrow",
	"ru": "PT Sans Narrow",
    "nl": "BenchNine",
    "cz": "BenchNine",
    "no": "BenchNine",
    "se": "BenchNine",
    "da": "BenchNine",
    "ar": "Mada",
    "tr": "BenchNine",  
    "fr": "BenchNine",
    "it": "BenchNine" 
  },
  "font1": {
    "en": "Ahkio W00 Regular",
    "fr": "Ahkio W00 Regular",
    "es": "Ahkio W00 Regular",
    "de": "Ahkio W00 Regular",
    "pt": "Ahkio W00 Regular",
    "hu": "Ahkio W00 Regular",
    "ro": "Ahkio W00 Regular",
    "pl": "Ahkio W00 Regular",
    "bg": "Fred Fredburger Cyrillic",
    "ru": "Fred Fredburger Cyrillic",
    "nl": "Ahkio W00 Regular",
    "cz": "Ahkio W00 Regular",
    "no": "Ahkio W00 Regular",
    "se": "Ahkio W00 Regular",
    "da": "Ahkio W00 Regular",
    "ar": "Fred Fredburger Arabic",
    "tr": "Fred Fredburger Cyrillic",
    "it": "Ahkio W00 Regular"
  },
  "producedFor": {
    "en": "Produced for",  
    "es": "Producido para",
    "de": "Produziert für",
    "pt": "Produzido para",
    "hu": "Megbízó:",
    "ro": "Produs pentru",
    "pl": "Wyprodukowano dla",
    "bg": "Създадена за",
    "ru": "Специально для",
    "nl": "Gemaakt voor",
    "cz": "Vytvořeno pro",
    "no": "Produsert for",
    "se": "Producerat för",
    "da": "Produceret for",
    "ar": "تم الإنتاج لصالح",
    "tr": "Yaptıran:",
    "fr": "Produit pour",
    "it": "Prodotto per"
  },
  "createdBy": {
    "en": "Created by", 
    "es": "Creado por",
    "de": "Erstellt von",
    "pt": "Criado por",
    "hu": "Alkotók:",
    "ro": "Creat de",
    "pl": "Twórcy",
    "bg": "Създадена от",
    "ru": "Разработчик",
    "nl": "Gemaakt door",
    "cz": "Vytvořil",
    "no": "Laget av",
    "se": "Skapat av",
    "da": "Skabt af",
    "ar": "تم تصميم اللعبة بواسطة",
    "tr": "Hazırlayan:",
    "fr": "Créé par",
    "it": "Ideato da"
  },
	"char0": {
		"en": "Cannonbolt", 
		"es": "Rayo de cañón",
		"de": "Kanonenkugel",
		"pt": "Bala de Canhão",
		"hu": "Ágyúgolyó",
		"ro": "Ghiulea",
		"pl": "Kulopłot",
		"bg": "Топовна мощ",
		"ru": "Ядро",
		"nl": "Kanonbal",
		"cz": "Kanoňák",
		"no": "Kanonbolt",
		"se": "Cannonbolt",
		"da": "Cannonbolt",
		"ar": "كانون بولت",
		"tr": "Yıldırım Gülle",
		"fr": "Boulet de canon",
		"it": "Rotolone"
  },
  "char1": {
		"en": "Gwen", 
		"es": "Gwen",
		"de": "Gwen",
		"pt": "Gwen",
		"hu": "Gwen",
		"ro": "Gwen",
		"pl": "Gwen",
		"bg": "Гуен",
		"ru": "Гвен",
		"nl": "Gwen",
		"cz": "Gwen",
		"no": "Gunda",
		"se": "Gwen",
		"da": "Gwen",
		"ar": "غوين",
		"tr": "Gwen",
		"fr": "Gwen",
		"it": "Gwen"
  },
  "char2": {
		"en": "Hex", 
		"es": "Hex",
		"de": "ErsHextellt",
		"pt": "Hex",
		"hu": "Boszorka",
		"ro": "Hex",
		"pl": "Hex",
		"bg": "Хекс",
		"ru": "Хекс",
		"nl": "Hex",
		"cz": "Hex",
		"no": "Hex",
		"se": "Hex",
		"da": "Hex",
		"ar": "هيكس",
		"tr": "Hex",
		"fr": "Hex",
		"it": "Stregone"
  },
  "char3": {
		"en": "Four Arms", 
		"es": "Cuatrobrazos",
		"de": "Krake",
		"pt": "Quatro Braços",
		"hu": "Csupakar",
		"ro": "Patru Brațe",
		"pl": "Czteroręki",
		"bg": "Четириръкия",
		"ru": "Силач",
		"nl": "Quatre Bras",
		"cz": "Čtyřhnát",
		"no": "Firarm",
		"se": "Fyr-arm",
		"da": "Firarm",
		"ar": "فور آرمز",
		"tr": "Dört Kol",
		"fr": "Quad",
		"it": "Dueperdue"
  },
  "char4": {
		"en": "Heatblast", 
		"es": "Inferno",
		"de": "Inferno",
		"pt": "Chama",
		"hu": "Lánglovag",
		"ro": "Torța Vie",
		"pl": "Inferno",
		"bg": "Огнен порив",
		"ru": "Человек-огонь",
		"nl": "Vuurvlaag",
		"cz": "Horkohlav",
		"no": "Fakkelen",
		"se": "Facklan",
		"da": "Faklen",
		"ar": "هيت بلاست",
		"tr": "Ateş Topu",
		"fr": "Inferno",
		"it": "Inferno"
  },
  "char5": {
		"en": "Forever Knight", 
		"es": "Caballero Eterno",
		"de": "Forever Knight",
		"pt": "Cavaleiro Eterno",
		"hu": "Forever Knight",
		"ro": "Forever Knight",
		"pl": "Wieczny Rycerz",
		"bg": "Вечният Рицар",
		"ru": "Вечный Рыцарь",
		"nl": "De Eeuwige Ridder",
		"cz": "Věčný Rytíř",
		"no": "Evighetsridderen",
		"se": "Evighetsriddaren",
		"da": "Evighedsridder",
		"ar": "الفارس الأبدي",
		"tr": "Ebedi Şövalye",
		"fr": "Chevalier Éternel",
		"it": "Cavaliere Immortale"
  },
  "char6": {
		"en": "Grandpa Max", 
		"es": "Abuelo Max",
		"de": "Opa Max",
		"pt": "Avô Max",
		"hu": "Max Nagyapa",
		"ro": "Bunicul Max",
		"pl": "Dziadek Max",
		"bg": "Дядо Макс",
		"ru": "Дедушка Макс",
		"nl": "Opa Max",
		"cz": "Dědou Maxem",
		"no": "Bestefar Max",
		"se": "Farfar Max",
		"da": "Bedstefar Max",
		"ar": "الجد ماكس",
		"tr": "Büyükbaba Max",
		"fr": "Grand-père Max",
		"it": "Nonno Max"
  },
  "char7": {
		"en": "Wildvine", 
		"es": "Malayerba",
		"de": "Kletterrebe",
		"pt": "Vinha Selvagem",
		"hu": "Venyige",
		"ro": "Lujerul",
		"pl": "Dzikie Pnącze",
		"bg": "Плевел",
		"ru": "Дикая лоза",
		"nl": "Wildrank",
		"cz": "Révoun",
		"no": "Villranken",
		"se": "Vildrank",
		"da": "Vildranken",
		"ar": "الكرمة البرية",
		"tr": "Yaban Asma",
		"fr": "Végétal",
		"it": "Vite Elastica"
  },
  "char8": {
		"en": "Slapback", 
		"es": "Duplicador",
		"de": "Doppelschlag",
		"pt": "Duplicador",
		"hu": "Hátulütő",
		"ro": "Dublura",
		"pl": "Pacak",
		"bg": "Туп-две",
		"ru": "Шлепок",
		"nl": "Slapback",
		"cz": "Rozskoč",
		"no": "Ryggsmekk",
		"se": "Slapback",
		"da": "Rekyl",
		"ar": "سلاب باك",
		"tr": "Böl-geç",
		"fr": "Frappadouble",
		"it": "Sdoppione"
  },
  "char9": {
		"en": "Kevin Levin", 
		"es": "Kevin Levin",
		"de": "Kevin",
		"pt": "Kevin Levin",
		"hu": "Kevin Levin",
		"ro": "Kevin Levin",
		"pl": "Kevin 11",
		"bg": "Кевин Левин",
		"ru": "Кевин Левин",
		"nl": "Kevin Levin",
		"cz": "Kevin Levin",
		"no": "Kevin Levin",
		"se": "Kevin Levin",
		"da": "Kevin Levin",
		"ar": "كيفن ليفن",
		"tr": "Kevin Levin",
		"fr": "Kévin Levin",
		"it": "Kevin Levin"
  },
  "char10": {
		"en": "Ben 10", 
		"es": "Ben 10",
		"de": "Ben 10",
		"pt": "Ben 10",
		"hu": "Ben 10",
		"ro": "Ben 10",
		"pl": "Ben 10",
		"bg": "Бен 10",
		"ru": "Бен 10",
		"nl": "Ben 10",
		"cz": "Ben 10",
		"no": "Ben 10",
		"se": "Ben 10",
		"da": "Ben 10",
		"ar": "بن 10",
		"tr": "Ben 10",
		"fr": "Ben 10",
		"it": "Ben 10"
  },
  "char11": {
		"en": "Vilgax", 
		"es": "Vilgax",
		"de": "Vilgax",
		"pt": "Vilgax",
		"hu": "Vilgax",
		"ro": "Vilgax",
		"pl": "Vilgax",
		"bg": "Вилгакс",
		"ru": "Вилгакс",
		"nl": "Vilgax",
		"cz": "Vilgax",
		"no": "Vilgax",
		"se": "Vilgax",
		"da": "Vilgax",
		"ar": "فيلغاكس",
		"tr": "Vilgax",
		"fr": "Vilgax",
		"it": "Vilgax"
  },
  "char12": {
		"en": "Zombozo", 
		"es": "Zombozo",
		"de": "Zombozo",
		"pt": "Zombozo",
		"hu": "Zombózó",
		"ro": "Zombozo",
		"pl": "Zombozo",
		"bg": "Зомбозо",
		"ru": "Зомбозо",
		"nl": "Zombozo",
		"cz": "Zombozo",
		"no": "Zombozo",
		"se": "Zombozo",
		"da": "Zombozo",
		"ar": "زومبوزو",
		"tr": "Zombozo",
		"fr": "Zombozo",
		"it": "Zombozo"
  },
  "char13": {
		"en": "Rath", 
		"es": "Airado",
		"de": "Tiger",
		"pt": "Rath",
		"hu": "Frász",
		"ro": "Rath",
		"pl": "Gniew",
		"bg": "Бяс",
		"ru": "Рэт",
		"nl": "Fraak",
		"cz": "Ras",
		"no": "Rath",
		"se": "Rath",
		"da": "Rath",
		"ar": "راث",
		"tr": "Rath",
		"fr": "Bengalosaure",
		"it": "Tigre"
  },
  "char14": {
		"en": "Rustbucket", 
		"es": "Tartana",
		"de": "Rostlaube",
		"pt": "Carrinha",
		"hu": "Rozogány",
		"ro": "Rulota",
		"pl": "Gruchot",
		"bg": "Ръждивата таратайка",
		"ru": "Фургон",
		"nl": "Roestbak",
		"cz": "Plechovka",
		"no": "Rustholken",
		"se": "Rösthögen",
		"da": "Skrammelkassen",
		"ar": "راستباكيت",
		"tr": "Paslı Kova",
		"fr": "Le Van",
		"it": "Vecchia Carretta"
  },
  "char15": {
		"en": "Stinkfly", 
		"es": "Libélulo",
		"de": "Minijet",
		"pt": "Insectóide",
		"hu": "Reppencs",
		"ro": "Musca",
		"pl": "Mucha",
		"bg": "Жило",
		"ru": "Жук",
		"nl": "Stinkvlieg",
		"cz": "Pušivec",
		"no": "Stinkers",
		"se": "Sländan",
		"da": "Flyver",
		"ar": "ستينك فلاي",
		"tr": "Pul Kanat",
		"fr": "Le Dard",
		"it": "Pungiglione"
  },
  "char16": {
		"en": "Humungousaur", 
		"es": "Gigantosaurio",
		"de": "Gigantosaurus",
		"pt": "Enormossauro",
		"hu": "Óriásszaurusz",
		"ro": "Umangozaur",
		"pl": "Gigantozaur",
		"bg": "Човекозавър",
		"ru": "Гумангозавр",
		"nl": "Gigantosaurus",
		"cz": "Obrosaurus",
		"no": "Enormosaur",
		"se": "Gigantosaur",
		"da": "Enormosaur",
		"ar": "هومنغوسور",
		"tr": "İnsanazor",
		"fr": "Enormausaure",
		"it": "Omosauro"
  },
  "char17": {
		"en": "XLR8", 
		"es": "XLR8",
		"de": "XLR8",
		"pt": "XLR8",
		"hu": "Villámmanó",
		"ro": "Acceleratorul",
		"pl": "Szybcior",
		"bg": "Акселерат",
		"ru": "Молния",
		"nl": "XLR8",
		"cz": "Akcelerátor",
		"no": "XLR8",
		"se": "XLR8",
		"da": "XLR8",
		"ar": "إكس إل آر ثمانية",
		"tr": "Şimşek Hız",
		"fr": "AXLR",
		"it": "XLR8"
  },
  "char18": {
		"en": "Shock Rock", 
		"es": "Shock Rock",
		"de": "Shockrock",
		"pt": "Arrasa-Choque",
		"hu": "Shock Rock",
		"ro": "Shock Rock",
		"pl": "Skalniak",
		"bg": "Шок-рок",
		"ru": "Шок Рок",
		"nl": "Shock Rock",
		"cz": "Šokval",
		"no": "Sjokkstein",
		"se": "Shock Rock",
		"da": "Stenstød",
		"ar": "شوك روك",
		"tr": "Şok Kaya",
		"fr": "Choc-Rock",
		"it": "Roccia Shock"
  },
  "char19": {
		"en": "Omnitrix", 
		"es": "Omnitrix",
		"de": "Omnitrix",
		"pt": "Omnitrix",
		"hu": "Omnitrix",
		"ro": "Omnitrixul",
		"pl": "Omnitrix",
		"bg": "Омнитрикс",
		"ru": "Омнитрикс",
		"nl": "Omnitrix",
		"cz": "Omnitrix",
		"no": "Omnitrixen",
		"se": "Omnitrixen",
		"da": "Omnitrixen",
		"ar": "أومنيتركس",
		"tr": "Omnitrix",
		"fr": "Omnitrix",
		"it": "Omnitrix"
  },
  "char20": {
		"en": "Grey Matter", 
		"es": "Materia Gris",
		"de": "Graue Eminenz",
		"pt": "Massa Cinzenta",
		"hu": "Ragacska",
		"ro": "Materie Cenuşie",
		"pl": "Szara Materia",
		"bg": "Сиво Вещество",
		"ru": "Гуманоид",
		"nl": "Grijze Massa",
		"cz": "Šedá Hmota",
		"no": "Gråbarken",
		"se": "Grå Dvärgen",
		"da": "Grå substans",
		"ar": "غراي ماتر",
		"tr": "Gri Madde",
		"fr": "Le Têtard Gris",
		"it": "Materia Grigia"
  },
  "char21": {
		"en": "Steam Smythe", 
		"es": "Vapor Smythe",
		"de": "Steam Smythe",
		"pt": "Steamsmith",
		"hu": "Gőzkovács",
		"ro": "Steam Smythe",
		"pl": "Para Buch",
		"bg": "Парния Смайт",
		"ru": "Стим Смит",
		"nl": "Stoom Smythe",
		"cz": "Paromor",
		"no": "Storm Schmidt",
		"se": "Åke Ånga",
		"da": "Damp David",
		"ar": "ستيم سمايث",
		"tr": "Buharlı Smythe",
		"fr": "Steam Smythe",
		"it": "Vapore Smythe"
  },
  "char22": {
		"en": "Diamondhead", 
		"es": "Diamantino",
		"de": "Stahlschädel",
		"pt": "Diamante",
		"hu": "Gyémántfej",
		"ro": "Cap de diamant",
		"pl": "Diamentogłowy",
		"bg": "Диамантения",
		"ru": "Алмаз",
		"nl": "Diamantkop",
		"cz": "Diamantovec",
		"no": "Hardhaus",
		"se": "Diamantskallen",
		"da": "Diamanthoved",
		"ar": "دياموند هيد",
		"tr": "Elmas Kafa",
		"fr": "Incassable",
		"it": "Diamante"
  },
  "char23": {
		"en": "Overflow", 
		"es": "Overflow",
		"de": "Overflow",
		"pt": "Overflow",
		"hu": "Vízöntő",
		"ro": "Overflow",
		"pl": "Turbin Wodny",
		"bg": "Водна струя",
		"ru": "Водохлест",
		"nl": "Overflow",
		"cz": "Prouďák",
		"no": "Oversvømmer'n",
		"se": "Overflow",
		"da": "Overflow",
		"ar": "أوفر فلو",
		"tr": "Su Tankı",
		"fr": "Lance L'O",
		"it": "Acquaspruzzo"
  }
}