{
  "font": {
    "en": "Ahkio W00 Regular",
    "fr": "Ahkio W00 Regular",
    "es": "Ahkio W00 Regular",
    "de": "Ahkio W00 Regular",
    "pt": "Ahkio W00 Regular",
    "hu": "Ahkio W00 Regular",
    "ro": "Ahkio W00 Regular",
    "pl": "Ahkio W00 Regular",
    "bg": "Ahkio W00 Regular",
    "ru": "Fred Fredburger Cyrillic",
    "nl": "Ahkio W00 Regular",
    "cz": "Ahkio W00 Regular",
    "no": "Ahkio W00 Regular",
    "se": "Ahkio W00 Regular",
    "da": "Ahkio W00 Regular",
    "ar": "Fred Fredburger Arabic",
    "tr": "Fred Fredburger Cyrillic",
    "it": "Ahkio W00 Regular"
  },
  "producedFor": {
    "en": "Produced for",  
    "es": "Producido para",
    "de": "Produziert für",
    "pt": "Produzido para",
    "hu": "Megbízó:",
    "ro": "Produs pentru",
    "pl": "Wyprodukowano dla",
    "bg": "Създадена за",
    "ru": "Специально для",
    "nl": "Gemaakt voor",
    "cz": "Vytvořeno pro",
    "no": "Produsert for",
    "se": "Producerat för",
    "da": "Produceret for",
    "ar": "تم الإنتاج لصالح",
    "tr": "Yaptıran:",
    "fr": "Produit pour",
    "it": "Prodotto per"
  },
  "createdBy": {
    "en": "Created by", 
    "es": "Creado por",
    "de": "Erstellt von",
    "pt": "Criado por",
    "hu": "Alkotók:",
    "ro": "Creat de",
    "pl": "Twórcy",
    "bg": "Създадена от",
    "ru": "Разработчик",
    "nl": "Gemaakt door",
    "cz": "Vytvořil",
    "no": "Laget av",
    "se": "Skapat av",
    "da": "Skabt af",
    "ar": "تم تصميم اللعبة بواسطة",
    "tr": "Hazırlayan:",
    "fr": "Créé par",
    "it": "Ideato da"
  }
}