{"frames": [

{
	"filename": "hazard_explosion0001.png",
	"frame": {"x":6,"y":1,"w":144,"h":124},
	"rotated": false,
	"trimmed": true,
	"spriteSourceSize": {"x":34,"y":43,"w":144,"h":124},
	"sourceSize": {"w":220,"h":195},
	"pivot": {"x":0.5,"y":0.5}
},
{
	"filename": "hazard_explosion0002.png",
	"frame": {"x":152,"y":1,"w":164,"h":146},
	"rotated": false,
	"trimmed": true,
	"spriteSourceSize": {"x":25,"y":33,"w":164,"h":146},
	"sourceSize": {"w":220,"h":195},
	"pivot": {"x":0.5,"y":0.5}
},
{
	"filename": "hazard_explosion0003.png",
	"frame": {"x":318,"y":1,"w":180,"h":160},
	"rotated": false,
	"trimmed": true,
	"spriteSourceSize": {"x":19,"y":26,"w":180,"h":160},
	"sourceSize": {"w":220,"h":195},
	"pivot": {"x":0.5,"y":0.5}
},
{
	"filename": "hazard_explosion0004.png",
	"frame": {"x":1,"y":149,"w":187,"h":162},
	"rotated": false,
	"trimmed": true,
	"spriteSourceSize": {"x":17,"y":26,"w":187,"h":162},
	"sourceSize": {"w":220,"h":195},
	"pivot": {"x":0.5,"y":0.5}
},
{
	"filename": "hazard_explosion0005.png",
	"frame": {"x":500,"y":1,"w":196,"h":161},
	"rotated": false,
	"trimmed": true,
	"spriteSourceSize": {"x":15,"y":26,"w":196,"h":161},
	"sourceSize": {"w":220,"h":195},
	"pivot": {"x":0.5,"y":0.5}
},
{
	"filename": "hazard_explosion0006.png",
	"frame": {"x":698,"y":1,"w":202,"h":161},
	"rotated": false,
	"trimmed": true,
	"spriteSourceSize": {"x":12,"y":26,"w":202,"h":161},
	"sourceSize": {"w":220,"h":195},
	"pivot": {"x":0.5,"y":0.5}
},
{
	"filename": "hazard_explosion0007.png",
	"frame": {"x":190,"y":163,"w":208,"h":178},
	"rotated": false,
	"trimmed": true,
	"spriteSourceSize": {"x":11,"y":13,"w":208,"h":178},
	"sourceSize": {"w":220,"h":195},
	"pivot": {"x":0.5,"y":0.5}
},
{
	"filename": "hazard_explosion0008.png",
	"frame": {"x":400,"y":164,"w":207,"h":181},
	"rotated": false,
	"trimmed": true,
	"spriteSourceSize": {"x":13,"y":10,"w":207,"h":181},
	"sourceSize": {"w":220,"h":195},
	"pivot": {"x":0.5,"y":0.5}
},
{
	"filename": "hazard_explosion0009.png",
	"frame": {"x":1,"y":343,"w":205,"h":188},
	"rotated": false,
	"trimmed": true,
	"spriteSourceSize": {"x":6,"y":6,"w":205,"h":188},
	"sourceSize": {"w":220,"h":195},
	"pivot": {"x":0.5,"y":0.5}
},
{
	"filename": "hazard_explosion0010.png",
	"frame": {"x":208,"y":347,"w":209,"h":190},
	"rotated": false,
	"trimmed": true,
	"spriteSourceSize": {"x":3,"y":5,"w":209,"h":190},
	"sourceSize": {"w":220,"h":195},
	"pivot": {"x":0.5,"y":0.5}
},
{
	"filename": "hazard_explosion0011.png",
	"frame": {"x":419,"y":351,"w":215,"h":192},
	"rotated": false,
	"trimmed": true,
	"spriteSourceSize": {"x":0,"y":3,"w":215,"h":192},
	"sourceSize": {"w":220,"h":195},
	"pivot": {"x":0.5,"y":0.5}
},
{
	"filename": "hazard_explosion0012.png",
	"frame": {"x":636,"y":351,"w":220,"h":195},
	"rotated": false,
	"trimmed": false,
	"spriteSourceSize": {"x":0,"y":0,"w":220,"h":195},
	"sourceSize": {"w":220,"h":195},
	"pivot": {"x":0.5,"y":0.5}
},
{
	"filename": "hazard_explosion0013.png",
	"frame": {"x":609,"y":164,"w":213,"h":185},
	"rotated": false,
	"trimmed": true,
	"spriteSourceSize": {"x":0,"y":10,"w":213,"h":185},
	"sourceSize": {"w":220,"h":195},
	"pivot": {"x":0.5,"y":0.5}
},
{
	"filename": "hazard_explosion0014.png",
	"frame": {"x":1,"y":1,"w":3,"h":3},
	"rotated": false,
	"trimmed": true,
	"spriteSourceSize": {"x":0,"y":0,"w":3,"h":3},
	"sourceSize": {"w":220,"h":195},
	"pivot": {"x":0.5,"y":0.5}
}],
"meta": {
	"app": "http://www.codeandweb.com/texturepacker",
	"version": "1.0",
	"image": "hazard_explosion.png/hazard_explosion.png",
	"format": "RGBA8888",
	"size": {"w":901,"h":547},
	"scale": "1",
	"smartupdate": "$TexturePacker:SmartUpdate:4efb57c7d2dc314eec7fec9bb1a501c1:a1dbeea890aad84a29efd74ecaa721cf:a025f7c7114d5c45ab88b00929e3509d$"
}
}
