{"frames": [

{
	"filename": "hazard0001.png",
	"frame": {"x":1,"y":1,"w":193,"h":123},
	"rotated": false,
	"trimmed": true,
	"spriteSourceSize": {"x":0,"y":0,"w":193,"h":123},
	"sourceSize": {"w":197,"h":123},
	"pivot": {"x":0.5,"y":0.5}
},
{
	"filename": "hazard0002.png",
	"frame": {"x":196,"y":1,"w":193,"h":122},
	"rotated": false,
	"trimmed": true,
	"spriteSourceSize": {"x":0,"y":0,"w":193,"h":122},
	"sourceSize": {"w":197,"h":123},
	"pivot": {"x":0.5,"y":0.5}
},
{
	"filename": "hazard0003.png",
	"frame": {"x":391,"y":1,"w":193,"h":120},
	"rotated": false,
	"trimmed": true,
	"spriteSourceSize": {"x":0,"y":0,"w":193,"h":120},
	"sourceSize": {"w":197,"h":123},
	"pivot": {"x":0.5,"y":0.5}
},
{
	"filename": "hazard0004.png",
	"frame": {"x":586,"y":1,"w":193,"h":120},
	"rotated": false,
	"trimmed": true,
	"spriteSourceSize": {"x":0,"y":0,"w":193,"h":120},
	"sourceSize": {"w":197,"h":123},
	"pivot": {"x":0.5,"y":0.5}
},
{
	"filename": "hazard0005.png",
	"frame": {"x":1171,"y":1,"w":193,"h":119},
	"rotated": false,
	"trimmed": true,
	"spriteSourceSize": {"x":0,"y":0,"w":193,"h":119},
	"sourceSize": {"w":197,"h":123},
	"pivot": {"x":0.5,"y":0.5}
},
{
	"filename": "hazard0006.png",
	"frame": {"x":1366,"y":1,"w":193,"h":119},
	"rotated": false,
	"trimmed": true,
	"spriteSourceSize": {"x":0,"y":0,"w":193,"h":119},
	"sourceSize": {"w":197,"h":123},
	"pivot": {"x":0.5,"y":0.5}
},
{
	"filename": "hazard0007.png",
	"frame": {"x":1561,"y":1,"w":193,"h":119},
	"rotated": false,
	"trimmed": true,
	"spriteSourceSize": {"x":0,"y":0,"w":193,"h":119},
	"sourceSize": {"w":197,"h":123},
	"pivot": {"x":0.5,"y":0.5}
},
{
	"filename": "hazard0008.png",
	"frame": {"x":781,"y":1,"w":193,"h":120},
	"rotated": false,
	"trimmed": true,
	"spriteSourceSize": {"x":0,"y":0,"w":193,"h":120},
	"sourceSize": {"w":197,"h":123},
	"pivot": {"x":0.5,"y":0.5}
},
{
	"filename": "hazard0009.png",
	"frame": {"x":976,"y":1,"w":193,"h":120},
	"rotated": false,
	"trimmed": true,
	"spriteSourceSize": {"x":0,"y":0,"w":193,"h":120},
	"sourceSize": {"w":197,"h":123},
	"pivot": {"x":0.5,"y":0.5}
},
{
	"filename": "hazard0010.png",
	"frame": {"x":196,"y":1,"w":193,"h":122},
	"rotated": false,
	"trimmed": true,
	"spriteSourceSize": {"x":0,"y":0,"w":193,"h":122},
	"sourceSize": {"w":197,"h":123},
	"pivot": {"x":0.5,"y":0.5}
},
{
	"filename": "hazard0011.png",
	"frame": {"x":1,"y":1,"w":193,"h":123},
	"rotated": false,
	"trimmed": true,
	"spriteSourceSize": {"x":0,"y":0,"w":193,"h":123},
	"sourceSize": {"w":197,"h":123},
	"pivot": {"x":0.5,"y":0.5}
}],
"meta": {
	"app": "http://www.codeandweb.com/texturepacker",
	"version": "1.0",
	"image": "hazard.png/hazard.png",
	"format": "RGBA8888",
	"size": {"w":1755,"h":125},
	"scale": "1",
	"smartupdate": "$TexturePacker:SmartUpdate:dae06cebd70082f7aa45ae0ea604d40d:780bea77f908252ea07cb01a7d6ca27f:18a2753017b928db83e85ae590d7de40$"
}
}
