﻿{"frames": [

{
	"filename": "hero0000",
	"frame": {"x":2,"y":2,"w":248,"h":301},
	"rotated": false,
	"trimmed": false,
	"spriteSourceSize": {"x":0,"y":0,"w":248,"h":301},
	"sourceSize": {"w":248,"h":301}
}
,{
	"filename": "hero0001",
	"frame": {"x":2,"y":305,"w":246,"h":301},
	"rotated": false,
	"trimmed": true,
	"spriteSourceSize": {"x":0,"y":0,"w":248,"h":301},
	"sourceSize": {"w":248,"h":301}
}
,{
	"filename": "hero0002",
	"frame": {"x":2,"y":608,"w":244,"h":301},
	"rotated": false,
	"trimmed": true,
	"spriteSourceSize": {"x":0,"y":0,"w":248,"h":301},
	"sourceSize": {"w":248,"h":301}
}
,{
	"filename": "hero0003",
	"frame": {"x":2,"y":911,"w":243,"h":301},
	"rotated": false,
	"trimmed": true,
	"spriteSourceSize": {"x":0,"y":0,"w":248,"h":301},
	"sourceSize": {"w":248,"h":301}
}
,{
	"filename": "hero0004",
	"frame": {"x":247,"y":911,"w":241,"h":301},
	"rotated": false,
	"trimmed": true,
	"spriteSourceSize": {"x":0,"y":0,"w":248,"h":301},
	"sourceSize": {"w":248,"h":301}
}
,{
	"filename": "hero0005",
	"frame": {"x":248,"y":608,"w":239,"h":301},
	"rotated": false,
	"trimmed": true,
	"spriteSourceSize": {"x":0,"y":0,"w":248,"h":301},
	"sourceSize": {"w":248,"h":301}
}
,{
	"filename": "hero0006",
	"frame": {"x":250,"y":305,"w":237,"h":301},
	"rotated": false,
	"trimmed": true,
	"spriteSourceSize": {"x":0,"y":0,"w":248,"h":301},
	"sourceSize": {"w":248,"h":301}
}
,{
	"filename": "hero0007",
	"frame": {"x":252,"y":2,"w":235,"h":301},
	"rotated": false,
	"trimmed": true,
	"spriteSourceSize": {"x":0,"y":0,"w":248,"h":301},
	"sourceSize": {"w":248,"h":301}
}
,{
	"filename": "hero0008",
	"frame": {"x":489,"y":2,"w":233,"h":301},
	"rotated": false,
	"trimmed": true,
	"spriteSourceSize": {"x":0,"y":0,"w":248,"h":301},
	"sourceSize": {"w":248,"h":301}
}
,{
	"filename": "hero0009",
	"frame": {"x":489,"y":305,"w":231,"h":301},
	"rotated": false,
	"trimmed": true,
	"spriteSourceSize": {"x":0,"y":0,"w":248,"h":301},
	"sourceSize": {"w":248,"h":301}
}
,{
	"filename": "hero0010",
	"frame": {"x":489,"y":608,"w":229,"h":301},
	"rotated": false,
	"trimmed": true,
	"spriteSourceSize": {"x":0,"y":0,"w":248,"h":301},
	"sourceSize": {"w":248,"h":301}
}
,{
	"filename": "hero0011",
	"frame": {"x":490,"y":911,"w":228,"h":301},
	"rotated": false,
	"trimmed": true,
	"spriteSourceSize": {"x":0,"y":0,"w":248,"h":301},
	"sourceSize": {"w":248,"h":301}
}
,{
	"filename": "hero0012",
	"frame": {"x":720,"y":608,"w":226,"h":301},
	"rotated": false,
	"trimmed": true,
	"spriteSourceSize": {"x":0,"y":0,"w":248,"h":301},
	"sourceSize": {"w":248,"h":301}
}
,{
	"filename": "hero0013",
	"frame": {"x":722,"y":305,"w":226,"h":301},
	"rotated": false,
	"trimmed": true,
	"spriteSourceSize": {"x":0,"y":0,"w":248,"h":301},
	"sourceSize": {"w":248,"h":301}
}
,{
	"filename": "hero0014",
	"frame": {"x":724,"y":2,"w":226,"h":301},
	"rotated": false,
	"trimmed": true,
	"spriteSourceSize": {"x":0,"y":0,"w":248,"h":301},
	"sourceSize": {"w":248,"h":301}
}
,{
	"filename": "hero0015",
	"frame": {"x":720,"y":911,"w":226,"h":301},
	"rotated": false,
	"trimmed": true,
	"spriteSourceSize": {"x":0,"y":0,"w":248,"h":301},
	"sourceSize": {"w":248,"h":301}
}
,{
	"filename": "hero0016",
	"frame": {"x":948,"y":608,"w":226,"h":301},
	"rotated": false,
	"trimmed": true,
	"spriteSourceSize": {"x":0,"y":0,"w":248,"h":301},
	"sourceSize": {"w":248,"h":301}
}
,{
	"filename": "hero0017",
	"frame": {"x":950,"y":305,"w":226,"h":301},
	"rotated": false,
	"trimmed": true,
	"spriteSourceSize": {"x":0,"y":0,"w":248,"h":301},
	"sourceSize": {"w":248,"h":301}
}
,{
	"filename": "hero0018",
	"frame": {"x":952,"y":2,"w":226,"h":301},
	"rotated": false,
	"trimmed": true,
	"spriteSourceSize": {"x":0,"y":0,"w":248,"h":301},
	"sourceSize": {"w":248,"h":301}
}
,{
	"filename": "hero0019",
	"frame": {"x":948,"y":911,"w":226,"h":301},
	"rotated": false,
	"trimmed": true,
	"spriteSourceSize": {"x":0,"y":0,"w":248,"h":301},
	"sourceSize": {"w":248,"h":301}
}
,{
	"filename": "hero0020",
	"frame": {"x":1176,"y":608,"w":226,"h":301},
	"rotated": false,
	"trimmed": true,
	"spriteSourceSize": {"x":0,"y":0,"w":248,"h":301},
	"sourceSize": {"w":248,"h":301}
}
,{
	"filename": "hero0021",
	"frame": {"x":1178,"y":305,"w":226,"h":301},
	"rotated": false,
	"trimmed": true,
	"spriteSourceSize": {"x":0,"y":0,"w":248,"h":301},
	"sourceSize": {"w":248,"h":301}
}
,{
	"filename": "hero0022",
	"frame": {"x":1180,"y":2,"w":226,"h":301},
	"rotated": false,
	"trimmed": true,
	"spriteSourceSize": {"x":0,"y":0,"w":248,"h":301},
	"sourceSize": {"w":248,"h":301}
}
,{
	"filename": "hero0023",
	"frame": {"x":1404,"y":608,"w":226,"h":301},
	"rotated": false,
	"trimmed": true,
	"spriteSourceSize": {"x":0,"y":0,"w":248,"h":301},
	"sourceSize": {"w":248,"h":301}
}
,{
	"filename": "hero0024",
	"frame": {"x":1406,"y":305,"w":226,"h":301},
	"rotated": false,
	"trimmed": true,
	"spriteSourceSize": {"x":0,"y":0,"w":248,"h":301},
	"sourceSize": {"w":248,"h":301}
}],
"meta": {
	"app": "Adobe Animate",
	"version": "15.2.0.66",
	"image": "hero.png",
	"format": "RGBA8888",
	"size": {"w":1650,"h":1300},
	"scale": "1"
}
}
