<?xml version="1.0" encoding="utf-8" ?>
<data>
	<stage_duration>20</stage_duration>
	<obstacle_speed>400</obstacle_speed>
	<obstacle_spawn_interval>1.5</obstacle_spawn_interval>
	<tom_invulnerable>false</tom_invulnerable>
	
	<!-- Spawn chance -->
	<trashcan_spawn_chance>15</trashcan_spawn_chance>
	<vase_spawn_chance>15</vase_spawn_chance>
	<soil_spawn_chance>15</soil_spawn_chance>
	<cat_spawn_chance>15</cat_spawn_chance>
	<granny_spawn_chance>15</granny_spawn_chance>
	
	<!-- Power ups and score booster -->
	<teddy_spawn_chance>5</teddy_spawn_chance>
	
	<milk_spawn_chance>5</milk_spawn_chance>
	<food_basket_spawn_chance>100</food_basket_spawn_chance>
	<!-- Spawn chance -->
	
	<show_collider>false</show_collider>

</data>