{"movies":[{"id":"bean_idle","layers":[{"keyframes":[{"tweened":false,"ref":"idle_1","loc":[0,-0.05],"duration":2,"index":0,"pivot":[79.1,85.25]},{"tweened":false,"ref":"idle_2","loc":[-0.05,-0.3],"duration":2,"index":2,"pivot":[79.15,85.85]},{"tweened":false,"ref":"idle_3","loc":[-0.05,-2.4],"duration":2,"index":4,"pivot":[79.15,87.7]},{"tweened":false,"ref":"idle_4","loc":[-0.05,-0.3],"duration":2,"index":6,"pivot":[79.15,85.85]}],"name":"outline"},{"keyframes":[{"tweened":false,"ref":"wheel_right_1","loc":[46.3,66.55],"duration":2,"index":0,"pivot":[13.1,17.1]},{"tweened":false,"ref":"wheel_right_2","loc":[50.2913,74.7831],"skew":[0.1086,0.1086],"duration":2,"index":2,"pivot":[15.05,25.1]},{"tweened":false,"ref":"wheel_right_3","loc":[51.1016,74.4887],"skew":[0.1086,0.1086],"duration":2,"index":4,"pivot":[15.1,25]},{"tweened":false,"ref":"wheel_right_4","loc":[48.5413,74.7831],"skew":[0.1086,0.1086],"duration":2,"index":6,"pivot":[15.05,25.1]}],"name":"wheel_right"},{"keyframes":[{"tweened":false,"ref":"wheel_left_1","loc":[-46.8,62.5],"duration":2,"index":0,"pivot":[14.25,15.15]},{"tweened":false,"ref":"wheel_left_2","loc":[-49.311,62.2554],"skew":[0.1346,0.1346],"duration":2,"index":2,"pivot":[14.1,15.15]},{"tweened":false,"ref":"wheel_left_3","loc":[-50.0568,61.2325],"skew":[0.2566,0.2566],"duration":2,"index":4,"pivot":[14.1,15.15]},{"tweened":false,"ref":"wheel_left_4","loc":[-47.811,62.2554],"skew":[0.1346,0.1346],"duration":2,"index":6,"pivot":[14.1,15.15]}],"name":"wheel_left"},{"keyframes":[{"tweened":false,"ref":"bean_board_left_leg","loc":[-17.1,51.9],"duration":2,"index":0,"pivot":[49.1,9.2]},{"tweened":false,"ref":"bean_board_left_leg","loc":[-54.603,58.4146],"skew":[-0.0649,-0.0649],"duration":2,"index":2,"pivot":[11.6,15.75]},{"tweened":false,"ref":"bean_board_left_leg","loc":[-54.5898,58.421],"skew":[-0.0994,-0.0994],"duration":2,"index":4,"pivot":[11.6,15.8]},{"tweened":false,"ref":"bean_board_left_leg","loc":[-54.603,58.4146],"skew":[-0.0649,-0.0649],"duration":2,"index":6,"pivot":[11.6,15.75]}],"name":"bean_board_left_leg"},{"keyframes":[{"tweened":false,"ref":"bean_borad_right_leg","loc":[17.35,54.3],"duration":2,"index":0,"pivot":[45.55,14.25]},{"tweened":false,"ref":"bean_borad_right_leg","loc":[54.3509,60.2991],"skew":[0.0654,0.0654],"duration":2,"index":2,"pivot":[82.55,20.25]},{"tweened":false,"ref":"bean_borad_right_leg","loc":[54.3393,60.2954],"skew":[0.1044,0.1044],"duration":2,"index":4,"pivot":[82.55,20.25]},{"tweened":false,"ref":"bean_borad_right_leg","loc":[54.3509,60.2991],"skew":[0.0654,0.0654],"duration":2,"index":6,"pivot":[82.55,20.25]}],"name":"bean_borad_right_leg"},{"keyframes":[{"tweened":false,"ref":"bean_board","loc":[0,43.35],"duration":2,"index":0,"pivot":[78.1,12]},{"tweened":false,"ref":"bean_board","loc":[-0.0072,41.3602],"skew":[-0.0082,-0.0082],"duration":2,"index":2,"pivot":[78.1,12.05]},{"tweened":false,"ref":"bean_board","loc":[-0.0072,38.8602],"skew":[-0.0082,-0.0082],"duration":2,"index":4,"pivot":[78.1,12.05]},{"tweened":false,"ref":"bean_board","loc":[-0.0072,41.3602],"skew":[-0.0082,-0.0082],"duration":2,"index":6,"pivot":[78.1,12.05]}],"name":"bean_board"},{"keyframes":[{"tweened":false,"ref":"bean_right_upperleg","loc":[-1.85,9.45],"duration":2,"index":0,"pivot":[12.7,14.1]},{"tweened":false,"ref":"bean_right_upperleg","loc":[-8.4087,-1.5324],"skew":[-0.1381,-0.0647],"duration":2,"scale":[1,1.0027],"index":2,"pivot":[6.15,5.1]},{"tweened":false,"ref":"bean_right_upperleg","loc":[-8.334,-3.5807],"skew":[-0.1234,-0.0647],"duration":2,"scale":[1,1.0017],"index":4,"pivot":[6.2,5.1]},{"tweened":false,"ref":"bean_right_upperleg","loc":[-8.3334,-1.5613],"skew":[-0.0647,-0.0647],"duration":2,"index":6,"pivot":[6.2,5.1]}],"name":"bean_right_upperleg"},{"keyframes":[{"tweened":false,"ref":"bean_right_lowerleg","loc":[12.85,33.15],"duration":2,"index":0,"pivot":[9.85,13.25]},{"tweened":false,"ref":"bean_right_lowerleg","loc":[8.0836,40.2492],"skew":[0.0431,0.0431],"duration":2,"index":2,"pivot":[5.1,22.3]},{"tweened":false,"ref":"bean_right_lowerleg","loc":[8.0836,38.7492],"skew":[0.0431,0.0431],"duration":2,"index":4,"pivot":[5.1,22.3]},{"tweened":false,"ref":"bean_right_lowerleg","loc":[8.0836,40.2492],"skew":[0.0431,0.0431],"duration":2,"index":6,"pivot":[5.1,22.3]}],"name":"bean_right_lowerleg"},{"keyframes":[{"tweened":false,"ref":"bean_knee","loc":[11.1946,20.5764],"skew":[-0.2618,-0.2618],"duration":2,"index":0,"pivot":[4.3,3.25]},{"tweened":false,"ref":"bean_knee","loc":[12.3446,17.9764],"skew":[-0.2618,-0.2618],"duration":2,"index":2,"pivot":[4.3,3.25]},{"tweened":false,"ref":"bean_knee","loc":[12.3446,15.9764],"skew":[-0.2618,-0.2618],"duration":2,"index":4,"pivot":[4.3,3.25]},{"tweened":false,"ref":"bean_knee","loc":[12.3446,17.9764],"skew":[-0.2618,-0.2618],"duration":2,"index":6,"pivot":[4.3,3.25]}],"name":"bean_knee"},{"keyframes":[{"tweened":false,"ref":"bean_right_arm","loc":[42.55,-17.3],"duration":2,"index":0,"pivot":[32.45,10.1]},{"tweened":false,"ref":"bean_right_arm","loc":[14.0353,-25.3035],"skew":[0.108,0.108],"duration":2,"index":2,"pivot":[3.9,4.1]},{"tweened":false,"ref":"bean_right_arm","loc":[12.6247,-27.8081],"skew":[0.1646,0.1646],"duration":2,"index":4,"pivot":[3.95,4.1]},{"tweened":false,"ref":"bean_right_arm","loc":[14.0353,-25.3035],"skew":[0.108,0.108],"duration":2,"index":6,"pivot":[3.9,4.1]}],"name":"bean_right_arm"},{"keyframes":[{"tweened":false,"ref":"bean_left_arm","loc":[-24.3,-26.2],"duration":2,"index":0,"pivot":[36.2,11.95]},{"tweened":false,"ref":"bean_left_arm","loc":[8.3973,-29.7861],"skew":[0.0739,0.0739],"duration":2,"index":2,"pivot":[68.95,10.35]},{"tweened":false,"ref":"bean_left_arm","loc":[9.3962,-32.0448],"skew":[0.1344,0.1344],"duration":2,"index":4,"pivot":[69,10.3]},{"tweened":false,"ref":"bean_left_arm","loc":[8.3973,-29.7861],"skew":[0.0739,0.0739],"duration":2,"index":6,"pivot":[68.95,10.35]}],"name":"bean_left_arm"},{"keyframes":[{"tweened":false,"ref":"bean_head_body_1","loc":[20.25,-45],"duration":2,"index":0,"pivot":[34.6,38.8]},{"tweened":false,"ref":"bean_head_body_1","loc":[-8.269,-14.0088],"skew":[0.0649,0.0649],"duration":2,"index":2,"pivot":[6.05,71.8]},{"tweened":false,"ref":"bean_head_body_1","loc":[-8.2374,-17.2359],"skew":[0.0214,0.0214],"duration":2,"index":4,"pivot":[6.1,71.8]},{"tweened":false,"ref":"bean_head_body_1","loc":[-8.269,-14.0088],"skew":[0.0649,0.0649],"duration":2,"index":6,"pivot":[6.05,71.8]}],"name":"bean_head_body"},{"keyframes":[{"tweened":false,"ref":"bean_waist","loc":[-12.2,-7],"duration":2,"index":0,"pivot":[10.4,10.8]},{"tweened":false,"ref":"bean_waist","loc":[-12.2,-9],"duration":2,"index":2,"pivot":[10.4,10.8]},{"tweened":false,"ref":"bean_waist","loc":[-17.1996,-5.9954],"skew":[-0.0825,-0.0825],"duration":2,"index":4,"pivot":[5.35,16]},{"tweened":false,"ref":"bean_waist","loc":[-12.2,-9],"duration":2,"index":6,"pivot":[10.4,10.8]}],"name":"bean_waist"},{"keyframes":[{"tweened":false,"ref":"bean_left_upperleg","loc":[-21.35,8.4],"duration":2,"index":0,"pivot":[13.2,17.65]},{"tweened":false,"ref":"bean_left_upperleg","loc":[-16.6563,-4.7767],"skew":[-0.0518,-0.1765],"duration":2,"scale":[1.0078,1],"index":2,"pivot":[17.9,6.45]},{"tweened":false,"ref":"bean_left_upperleg","loc":[-16.6493,-6.8192],"skew":[-0.0518,-0.2711],"duration":2,"scale":[1.0245,1],"index":4,"pivot":[17.9,6.4]},{"tweened":false,"ref":"bean_left_upperleg","loc":[-16.5926,-4.8385],"skew":[-0.0518,-0.0518],"duration":2,"index":6,"pivot":[17.95,6.4]}],"name":"bean_left_upperleg"},{"keyframes":[{"tweened":false,"ref":"bean_left_lowerleg","loc":[-21.3,32.5],"duration":2,"index":0,"pivot":[11.7,10.3]},{"tweened":false,"ref":"bean_left_lowerleg","loc":[-24.2763,36.5824],"skew":[-0.0731,-0.0731],"duration":2,"index":2,"pivot":[7.2,15.65]},{"tweened":false,"ref":"bean_left_lowerleg","loc":[-23.2763,35.0824],"skew":[-0.0731,-0.0731],"duration":2,"index":4,"pivot":[7.2,15.65]},{"tweened":false,"ref":"bean_left_lowerleg","loc":[-24.2763,36.5824],"skew":[-0.0731,-0.0731],"duration":2,"index":6,"pivot":[7.2,15.65]}],"name":"bean_left_lowerleg"},{"keyframes":[{"tweened":false,"ref":"bean_knee","loc":[-8.8,24.85],"duration":2,"index":0,"pivot":[4.3,3.25]},{"tweened":false,"ref":"bean_knee","loc":[-8.15,22.85],"duration":2,"index":2,"pivot":[4.3,3.25]},{"tweened":false,"ref":"bean_knee","loc":[-8.15,20.85],"duration":2,"index":4,"pivot":[4.3,3.25]},{"tweened":false,"ref":"bean_knee","loc":[-8.15,22.85],"duration":2,"index":6,"pivot":[4.3,3.25]}],"name":"bean_knee"}]}],"md5":"a523cd5f2c7339908137cd2fd414c65c","frameRate":30,"textureGroups":[{"scaleFactor":1,"atlases":[{"file":"atlas0.png","textures":[{"symbol":"idle_3","origin":[1,1.5],"rect":[1,1,159,176]},{"symbol":"idle_2","origin":[1,1.5],"rect":[163,1,159,172]},{"symbol":"idle_4","origin":[1,1.5],"rect":[325,1,159,172]},{"symbol":"idle_1","origin":[1,1.5],"rect":[163,175,159,171]},{"symbol":"bean_head_body_1","origin":[0,0],"rect":[324,175,70,78]},{"symbol":"bean_board","origin":[0.5,0.5],"rect":[1,179,157,25]},{"symbol":"bean_borad_right_leg","origin":[0,0],"rect":[396,175,92,29]},{"symbol":"bean_board_left_leg","origin":[0,0],"rect":[1,206,99,19]},{"symbol":"bean_left_arm","origin":[0,0],"rect":[396,206,73,24]},{"symbol":"bean_right_arm","origin":[0,0],"rect":[1,227,65,21]},{"symbol":"bean_left_upperleg","origin":[0,0],"rect":[102,206,27,36]},{"symbol":"wheel_right_3","origin":[0,0],"rect":[131,206,27,35]},{"symbol":"wheel_right_4","origin":[0,0],"rect":[471,206,27,35]},{"symbol":"wheel_right_1","origin":[0,0],"rect":[68,227,27,35]},{"symbol":"wheel_right_2","origin":[0,0],"rect":[396,232,27,35]},{"symbol":"wheel_left_3","origin":[0,0],"rect":[425,232,29,31]},{"symbol":"wheel_left_2","origin":[0,0],"rect":[131,243,29,31]},{"symbol":"wheel_left_4","origin":[0,0],"rect":[456,243,29,31]},{"symbol":"wheel_left_1","origin":[0,0],"rect":[97,244,29,31]},{"symbol":"bean_right_upperleg","origin":[0,0],"rect":[1,250,26,29]},{"symbol":"bean_right_lowerleg","origin":[0,0],"rect":[486,1,20,27]},{"symbol":"bean_left_lowerleg","origin":[0,0],"rect":[487,30,24,21]},{"symbol":"bean_waist","origin":[0,0],"rect":[486,53,21,22]},{"symbol":"bean_knee","origin":[0,0],"rect":[486,77,9,7]}]}]}]}