{
  "game": {
    "title": "page title",
    "desciption": "page description",
    "pages": {


      "intro": {
        "skip": {
          "text": "SKIP",
          "x": 0,
          "y": 7,
          "font": "26px cloudy_boldregular"
        }
      },
      "choice": {
          "easy": {
            "text": "EASY",
            "x": 0,
            "y": 156,
            "font": "41px cloudy_boldregular"
          },
          "hard": {
            "text": "HARD",
            "x": 0,
            "y": 156,
            "font": "41px cloudy_boldregular"
          }

      },
      "game": {
        "best_score": {
          "text": "BEST SCORE",
          "x": 0,
          "y": 0,
          "font": "12px cloudy_boldregular"
        }
      },
      "gameover": {
        "sure": {
          "text": "ARE YOU SURE\nYOU WANT TO QUIT?",
          "x": 0,
          "y": 0,
          "font": "48px cloudy_boldregular"
        },
        "title": {
          "text": "GAME OVER!",
          "x": 0,
          "y": 0,
          "font": "57px cloudy_boldregular"
        },
        "points": {
          "text": "points",
          "x": 0,
          "y": 0,
          "font": "37px cloudy_boldregular"
        },
        "yourscore": {
          "text": "YOUR SCORE:",
          "x": 0,
          "y": 0,
          "font": "24px cloudy_boldregular"
        },

        "score": {
          "text": "HIGH SCORE:",
          "x": 0,
          "y": 0,
          "font": "24px cloudy_boldregular"
        },


        "playagain": {
          "text": "PLAY\nAGAIN",
          "x": -10,
          "y": 115,
          "font": "32px cloudy_boldregular"
        }

      }



    }
  }
}