<content>
	<text0001>PLAY</text0001>
	<text0002>EASY</text0002>
	<text0003>MEDIUM</text0003>
	<text0004>HARD</text0004>
	<text0005>SUPER PAWESOME!</text0005>
	<text0005b>You made it!</text0005b>
	<text0006>Remaining Time:</text0006>
	<text0007>Score:</text0007>
	<text0008>PLAY AGAIN</text0008>
	<text0009>OH NO!</text0009>
	<text0010>Our furry fellows have once again done a mess! Help them match the couples hidden behind the cards before the time runs up!</text0010>
	<text0011>OH MY MEATBALLS!!</text0011>
	<text0012>Time's up!</text0012>
</content>
