{ "Scene01" : {"class":"BattleScene","gameClass":"BattleScene","parent":"GameState01","x":0,"y":0,"width":800,"height":500,"groundLevel":65,"type":"Scene","backgrounds":{"sky":{"src":"images/background/sky.png","backWidth":1200,"backHeight":500,"backX":0,"backY":0,"repeat":0,"idx":10},"ground":{"src":"images/background/ground.png","backWidth":256,"backHeight":185,"backX":0,"backY":485,"repeat":"repeat-x","idx":0},"farMountains":{"src":"images/background/mountains.png","backWidth":800,"backHeight":214,"backX":0,"backY":285,"repeat":"repeat-x","idx":9},"clouds":{"src":"images/clouds.png","backWidth":750,"backHeight":170,"backX":0,"backY":100,"repeat":"repeat-x","idx":7},"nearMountains":{"src":"images/ChunkTile_001.png","backWidth":800,"backHeight":500,"backX":0,"backY":7,"repeat":"repeat-x","idx":8},"farTrees":{"src":"images/TreeTileFog001.png","backWidth":800,"backHeight":100,"backX":0,"backY":400,"repeat":"repeat-x","idx":3},"nearTrees":{"src":"images/TreeTile001.png","backWidth":800,"backHeight":100,"backX":0,"backY":395,"repeat":"repeat-x","idx":1}},"id":"Scene01"}, "WoodBox.0" : {"class":"Block","parent":"Scene01","type":"WoodBox","x":550.722544059779,"y":421.1514890025581,"angle":0}, "EnemySoldier.0" : {"class":"Soldier","parent":"Scene01","type":"EnemySoldier","x":552.491127259529,"y":371.2708290865908,"angle":0}, "Cannon.0" : {"class":"Cannon","parent":"Scene01","type":"Cannon","x":23.16885325558806,"y":363.10458786936226,"angle":0} }