{ "Scene01" : {"class":"BattleScene","gameClass":"BattleScene","parent":"GameState01","x":0,"y":0,"width":800,"height":500,"groundLevel":65,"type":"Scene","backgrounds":{"sky":{"src":"images/background/sky.png","backWidth":1200,"backHeight":500,"backX":0,"backY":0,"repeat":0,"idx":10},"ground":{"src":"images/background/ground.png","backWidth":256,"backHeight":185,"backX":0,"backY":485,"repeat":"repeat-x","idx":0},"farMountains":{"src":"images/background/mountains.png","backWidth":800,"backHeight":214,"backX":0,"backY":285,"repeat":"repeat-x","idx":9},"clouds":{"src":"images/clouds.png","backWidth":750,"backHeight":170,"backX":0,"backY":100,"repeat":"repeat-x","idx":7},"nearMountains":{"src":"images/ChunkTile_001.png","backWidth":800,"backHeight":500,"backX":0,"backY":7,"repeat":"repeat-x","idx":8},"farTrees":{"src":"images/TreeTileFog001.png","backWidth":800,"backHeight":100,"backX":0,"backY":400,"repeat":"repeat-x","idx":3},"nearTrees":{"src":"images/TreeTile001.png","backWidth":800,"backHeight":100,"backX":0,"backY":395,"repeat":"repeat-x","idx":1}},"id":"Scene01"}, "BigBlock_1.1" : {"class":"Block","parent":"Scene01","type":"BigBlock_1","x":402.74419991396474,"y":419.1500239027615,"angle":0}, "BigBlock_2.0" : {"class":"Block","parent":"Scene01","type":"BigBlock_2","x":401.7808482464315,"y":387.30007195394865,"angle":0}, "WindowBlock.0" : {"class":"Block","parent":"Scene01","type":"WindowBlock","x":402.74322236364094,"y":323.60013817067784,"angle":0}, "BigBlock_3.0" : {"class":"Block","parent":"Scene01","type":"BigBlock_3","x":402.819092362625,"y":355.45011239278364,"angle":0}, "EnemySoldier.0" : {"class":"Soldier","parent":"Scene01","type":"EnemySoldier","x":648.5526518410105,"y":399.14619263970434,"angle":0}, "EnemySoldier.1" : {"class":"Soldier","parent":"Scene01","type":"EnemySoldier","x":539.3477614685577,"y":399.1460983129514,"angle":0}, "Cannon.0" : {"class":"Cannon","parent":"Scene01","type":"Cannon","x":98.83260105448134,"y":357.4841772151897,"angle":0}, "PrisonerSoldier.2" : {"class":"Soldier","parent":"Scene01","type":"PrisonerSoldier","x":404.34368351621947,"y":271.73696819329325,"angle":0} }