{ "Scene01" : {"class":"BattleScene","gameClass":"BattleScene","parent":"GameState01","x":0,"y":0,"width":800,"height":500,"groundLevel":65,"type":"Scene","backgrounds":{"sky":{"src":"images/background/sky.png","backWidth":1200,"backHeight":500,"backX":0,"backY":0,"repeat":0,"idx":10},"ground":{"src":"images/background/ground.png","backWidth":256,"backHeight":185,"backX":0,"backY":485,"repeat":"repeat-x","idx":0},"farMountains":{"src":"images/background/mountains.png","backWidth":800,"backHeight":214,"backX":0,"backY":285,"repeat":"repeat-x","idx":9},"clouds":{"src":"images/clouds.png","backWidth":750,"backHeight":170,"backX":0,"backY":100,"repeat":"repeat-x","idx":7},"nearMountains":{"src":"images/ChunkTile_001.png","backWidth":800,"backHeight":500,"backX":0,"backY":7,"repeat":"repeat-x","idx":8},"farTrees":{"src":"images/TreeTileFog001.png","backWidth":800,"backHeight":100,"backX":0,"backY":400,"repeat":"repeat-x","idx":3},"nearTrees":{"src":"images/TreeTile001.png","backWidth":800,"backHeight":100,"backX":0,"backY":395,"repeat":"repeat-x","idx":1}},"id":"Scene01"}, "Cannon.0" : {"class":"Cannon","parent":"Scene01","type":"Cannon","x":17.726676384839664,"y":361.5493779160189,"angle":0}, "PrisonerSoldier.1" : {"class":"Soldier","parent":"Scene01","type":"PrisonerSoldier","x":545.748655405773,"y":371.2708334196469,"angle":0}, "WoodBox.0" : {"class":"Block","parent":"Scene01","type":"WoodBox","x":543.5112477458491,"y":421.15000075900247,"angle":0}, "EnemySoldier.2" : {"class":"Soldier","parent":"Scene01","type":"EnemySoldier","x":677.9186054879941,"y":399.1343396463054,"angle":0}, "SmallBlock_3.0" : {"class":"Block","parent":"Scene01","type":"SmallBlock_3","x":543.8631324747744,"y":338.1678848487438,"angle":0}, "BigColumn.2" : {"class":"Block","parent":"Scene01","type":"BigColumn","x":606.2780521286338,"y":386.6043837747167,"angle":1.6067588539157514}, "SmallBlock_3.2" : {"class":"Block","parent":"Scene01","type":"SmallBlock_3","x":613.5132809433933,"y":330.79632392741456,"angle":0}, "SmallColumn.4" : {"class":"Block","parent":"Scene01","type":"SmallColumn","x":573.5059472961773,"y":328.89127170697657,"angle":0.09863006934883616}, "RedTowerRoof.0" : {"class":"Block","parent":"Scene01","type":"RedTowerRoof","x":598.5403842115417,"y":315.9880816174488,"angle":0} }