{ "Scene01" : {"class":"BattleScene","gameClass":"BattleScene","parent":"GameState01","x":0,"y":0,"width":800,"height":500,"groundLevel":65,"type":"Scene","backgrounds":{"sky":{"src":"images/background/sky.png","backWidth":1200,"backHeight":500,"backX":0,"backY":0,"repeat":0,"idx":10},"ground":{"src":"images/background/ground.png","backWidth":256,"backHeight":185,"backX":0,"backY":485,"repeat":"repeat-x","idx":0},"farMountains":{"src":"images/background/mountains.png","backWidth":800,"backHeight":214,"backX":0,"backY":285,"repeat":"repeat-x","idx":9},"clouds":{"src":"images/clouds.png","backWidth":750,"backHeight":170,"backX":0,"backY":100,"repeat":"repeat-x","idx":7},"nearMountains":{"src":"images/ChunkTile_001.png","backWidth":800,"backHeight":500,"backX":0,"backY":7,"repeat":"repeat-x","idx":8},"farTrees":{"src":"images/TreeTileFog001.png","backWidth":800,"backHeight":100,"backX":0,"backY":400,"repeat":"repeat-x","idx":3},"nearTrees":{"src":"images/TreeTile001.png","backWidth":800,"backHeight":100,"backX":0,"backY":395,"repeat":"repeat-x","idx":1}},"id":"Scene01"}, "BackWall.0" : {"class":"Block","parent":"Scene01","type":"BackWall","x":583.9514091350823,"y":335.5816485225508,"angle":0}, "WindowBlock.0" : {"class":"Block","parent":"Scene01","type":"WindowBlock","x":652.0021208405317,"y":419.1499999933702,"angle":0}, "EnemySoldier.0" : {"class":"Soldier","parent":"Scene01","type":"EnemySoldier","x":653.7290432410351,"y":367.28689340230795,"angle":0}, "Cannon.0" : {"class":"Cannon","parent":"Scene01","type":"Cannon","x":41.08357628765781,"y":362.91601866251955,"angle":0, "balls":4}, "BigBlock_2.0" : {"class":"Block","parent":"Scene01","type":"BigBlock_2","x":584.8837210716242,"y":419.1500001284204,"angle":0}, "BigBlock_3.0" : {"class":"Block","parent":"Scene01","type":"BigBlock_3","x":583.8462228964295,"y":387.3000003316185,"angle":0}, "BigBlock_2.1" : {"class":"Block","parent":"Scene01","type":"BigBlock_2","x":584.678333890778,"y":355.45000051267317,"angle":0}, "RedTowerRoof.0" : {"class":"Block","parent":"Scene01","type":"RedTowerRoof","x":586.2881118781445,"y":331.9127365827727,"angle":0}, "BigBlock_1.0" : {"class":"Block","parent":"Scene01","type":"BigBlock_1","x":718.6811156601201,"y":419.15000207850073,"angle":0}, "BigBlock_2.2" : {"class":"Block","parent":"Scene01","type":"BigBlock_2","x":718.5930846701501,"y":387.30000613528466,"angle":0}, "BigBlock_3.1" : {"class":"Block","parent":"Scene01","type":"BigBlock_3","x":717.0825646845325,"y":355.45000891069276,"angle":0}, "RedTowerRoof.1" : {"class":"Block","parent":"Scene01","type":"RedTowerRoof","x":719.7973589986758,"y":331.93334406416506,"angle":0} }