{ "Scene01" : {"class":"BattleScene","gameClass":"BattleScene","parent":"GameState01","x":0,"y":0,"width":800,"height":500,"groundLevel":65,"type":"Scene","backgrounds":{"sky":{"src":"images/background/sky.png","backWidth":1200,"backHeight":500,"backX":0,"backY":0,"repeat":0,"idx":10},"ground":{"src":"images/background/ground.png","backWidth":256,"backHeight":185,"backX":0,"backY":485,"repeat":"repeat-x","idx":0},"farMountains":{"src":"images/background/mountains.png","backWidth":800,"backHeight":214,"backX":0,"backY":285,"repeat":"repeat-x","idx":9},"clouds":{"src":"images/clouds.png","backWidth":750,"backHeight":170,"backX":0,"backY":100,"repeat":"repeat-x","idx":7},"nearMountains":{"src":"images/ChunkTile_001.png","backWidth":800,"backHeight":500,"backX":0,"backY":7,"repeat":"repeat-x","idx":8},"farTrees":{"src":"images/TreeTileFog001.png","backWidth":800,"backHeight":100,"backX":0,"backY":400,"repeat":"repeat-x","idx":3},"nearTrees":{"src":"images/TreeTile001.png","backWidth":800,"backHeight":100,"backX":0,"backY":395,"repeat":"repeat-x","idx":1}},"id":"Scene01"}, "BigBlock_3.0" : {"class":"Block","parent":"Scene01","type":"BigBlock_3","x":548.7484656181523,"y":419.1499545314648,"angle":0}, "BigColumn.0" : {"class":"Block","parent":"Scene01","type":"BigColumn","x":549.4650578076802,"y":354.79654608180886,"angle":-1.5823942765598158}, "EnemySoldier.1" : {"class":"Soldier","parent":"Scene01","type":"EnemySoldier","x":549.9741849344987,"y":270.44200850141016,"angle":0}, "BigColumn.1" : {"class":"Block","parent":"Scene01","type":"BigColumn","x":611.4565421443128,"y":386.64957683042275,"angle":1.5696852804699357}, "EnemySoldier.2" : {"class":"Soldier","parent":"Scene01","type":"EnemySoldier","x":612.4394451305964,"y":302.2876969271371,"angle":0}, "BigBlock_3.1" : {"class":"Block","parent":"Scene01","type":"BigBlock_3","x":682.6040235999703,"y":419.15000174282375,"angle":0}, "BigBlock_3.2" : {"class":"Block","parent":"Scene01","type":"BigBlock_3","x":677.9169186690827,"y":387.30000469021,"angle":0}, "EnemySoldier.3" : {"class":"Soldier","parent":"Scene01","type":"EnemySoldier","x":680.8086787740883,"y":335.4463111509353,"angle":0}, "PrisonerSoldier.0" : {"class":"Soldier","parent":"Scene01","type":"PrisonerSoldier","x":638.2067043689459,"y":399.13453310503337,"angle":0}, "PrisonerSoldier.1" : {"class":"Soldier","parent":"Scene01","type":"PrisonerSoldier","x":582.7268994097666,"y":399.089360537315,"angle":0}, "Cannon.0" : {"class":"Cannon","parent":"Scene01","type":"Cannon","x":32.498299319727785,"y":363.1045878693624,"angle":0}, "BackWall.0" : {"class":"Block","parent":"Scene01","type":"BackWall","x":552.8532555879495,"y":337.9144634525662,"angle":0} }