{ "Scene01" : {"class":"BattleScene","gameClass":"BattleScene","parent":"GameState01","x":0,"y":0,"width":800,"height":500,"groundLevel":65,"type":"Scene","backgrounds":{"sky":{"src":"images/background/sky.png","backWidth":1200,"backHeight":500,"backX":0,"backY":0,"repeat":0,"idx":10},"ground":{"src":"images/background/ground.png","backWidth":256,"backHeight":185,"backX":0,"backY":485,"repeat":"repeat-x","idx":0},"farMountains":{"src":"images/background/mountains.png","backWidth":800,"backHeight":214,"backX":0,"backY":285,"repeat":"repeat-x","idx":9},"clouds":{"src":"images/clouds.png","backWidth":750,"backHeight":170,"backX":0,"backY":100,"repeat":"repeat-x","idx":7},"nearMountains":{"src":"images/ChunkTile_001.png","backWidth":800,"backHeight":500,"backX":0,"backY":7,"repeat":"repeat-x","idx":8},"farTrees":{"src":"images/TreeTileFog001.png","backWidth":800,"backHeight":100,"backX":0,"backY":400,"repeat":"repeat-x","idx":3},"nearTrees":{"src":"images/TreeTile001.png","backWidth":800,"backHeight":100,"backX":0,"backY":395,"repeat":"repeat-x","idx":1}},"id":"Scene01"}, "BackWall.0" : {"class":"Block","parent":"Scene01","type":"BackWall","x":570.2038664323358,"y":341.1856540084384,"angle":0}, "BigBlock_3.0" : {"class":"Block","parent":"Scene01","type":"BigBlock_3","x":580.7264856143216,"y":419.14999996527746,"angle":0}, "BigBlock_2.0" : {"class":"Block","parent":"Scene01","type":"BigBlock_2","x":579.6594563393105,"y":387.2999985841215,"angle":0}, "BigBlock_3.1" : {"class":"Block","parent":"Scene01","type":"BigBlock_3","x":689.6409184289873,"y":419.15000140384785,"angle":0}, "BigBlock_2.1" : {"class":"Block","parent":"Scene01","type":"BigBlock_2","x":690.3448679607719,"y":387.30000414762384,"angle":0}, "WindowBlock.0" : {"class":"Block","parent":"Scene01","type":"WindowBlock","x":689.4458340394764,"y":355.45000640136374,"angle":0}, "BigColumn.1" : {"class":"Block","parent":"Scene01","type":"BigColumn","x":633.2234705085857,"y":332.60000942789964,"angle":0}, "WindowBlock.1" : {"class":"Block","parent":"Scene01","type":"WindowBlock","x":580.0792529427134,"y":355.44999949605227,"angle":0}, "WindowBlock.2" : {"class":"Block","parent":"Scene01","type":"WindowBlock","x":632.6958267452535,"y":309.74855450589865,"angle":0}, "RedTowerRoof.4" : {"class":"Block","parent":"Scene01","type":"RedTowerRoof","x":632.6070334383328,"y":286.1981058036707,"angle":0}, "EnemySoldier.0" : {"class":"Soldier","parent":"Scene01","type":"EnemySoldier","x":640.0773985836031,"y":399.0353330376034,"angle":0}, "Cannon.0" : {"class":"Cannon", "balls":10, "parent":"Scene01","type":"Cannon","x":65.79217926186294,"y":356.78094233474,"angle":0} }