{ "Scene01" : {"class":"BattleScene","gameClass":"BattleScene","parent":"GameState01","x":0,"y":0,"width":800,"height":500,"groundLevel":65,"type":"Scene","backgrounds":{"sky":{"src":"images/background/sky.png","backWidth":1200,"backHeight":500,"backX":0,"backY":0,"repeat":0,"idx":10},"ground":{"src":"images/background/ground.png","backWidth":256,"backHeight":185,"backX":0,"backY":485,"repeat":"repeat-x","idx":0},"farMountains":{"src":"images/background/mountains.png","backWidth":800,"backHeight":214,"backX":0,"backY":285,"repeat":"repeat-x","idx":9},"clouds":{"src":"images/clouds.png","backWidth":750,"backHeight":170,"backX":0,"backY":100,"repeat":"repeat-x","idx":7},"nearMountains":{"src":"images/ChunkTile_001.png","backWidth":800,"backHeight":500,"backX":0,"backY":7,"repeat":"repeat-x","idx":8},"farTrees":{"src":"images/TreeTileFog001.png","backWidth":800,"backHeight":100,"backX":0,"backY":400,"repeat":"repeat-x","idx":3},"nearTrees":{"src":"images/TreeTile001.png","backWidth":800,"backHeight":100,"backX":0,"backY":395,"repeat":"repeat-x","idx":1}},"id":"Scene01"}, "BigBlock_1.1" : {"class":"Block","parent":"Scene01","type":"BigBlock_1","x":402.7533135969455,"y":419.1500072762775,"angle":0}, "BigBlock_2.0" : {"class":"Block","parent":"Scene01","type":"BigBlock_2","x":401.8023173398386,"y":387.300021788926,"angle":0}, "BigBlock_3.0" : {"class":"Block","parent":"Scene01","type":"BigBlock_3","x":402.89890214701273,"y":355.4500324024514,"angle":0}, "BigBlock_3.1" : {"class":"Block","parent":"Scene01","type":"BigBlock_3","x":402.8573734145668,"y":323.60003970921304,"angle":0}, "RedTowerRoof.0" : {"class":"Block","parent":"Scene01","type":"RedTowerRoof","x":402.6587328778874,"y":300.0833791259516,"angle":0}, "EnemySoldier.1" : {"class":"Soldier","parent":"Scene01","type":"EnemySoldier","x":539.0293096557551,"y":384.2840183165318,"angle":0}, "Cannon.0" : {"class":"Cannon","parent":"Scene01","type":"Cannon","x":1.1173110720561397,"y":356.78094233473956,"angle":0}, "EnemySoldier.2" : {"class":"Soldier","parent":"Scene01","type":"EnemySoldier","x":542.668424856572,"y":322.6908361812946,"angle":0}, "EnemySoldier.3" : {"class":"Soldier","parent":"Scene01","type":"EnemySoldier","x":544.293531293507,"y":261.0938283152696,"angle":0}, "WoodPlankBig.0" : {"class":"Block","parent":"Scene01","type":"WoodPlankBig","x":540.5742710340995,"y":427.65104995726944,"angle":0} }