{ "Scene01" : {"class":"BattleScene","gameClass":"BattleScene","parent":"GameState01","x":0,"y":0,"width":800,"height":500,"groundLevel":65,"type":"Scene","backgrounds":{"sky":{"src":"images/background/sky.png","backWidth":1200,"backHeight":500,"backX":0,"backY":0,"repeat":0,"idx":10},"ground":{"src":"images/background/ground.png","backWidth":256,"backHeight":185,"backX":0,"backY":485,"repeat":"repeat-x","idx":0},"farMountains":{"src":"images/background/mountains.png","backWidth":800,"backHeight":214,"backX":0,"backY":285,"repeat":"repeat-x","idx":9},"clouds":{"src":"images/clouds.png","backWidth":750,"backHeight":170,"backX":0,"backY":100,"repeat":"repeat-x","idx":7},"nearMountains":{"src":"images/ChunkTile_001.png","backWidth":800,"backHeight":500,"backX":0,"backY":7,"repeat":"repeat-x","idx":8},"farTrees":{"src":"images/TreeTileFog001.png","backWidth":800,"backHeight":100,"backX":0,"backY":400,"repeat":"repeat-x","idx":3},"nearTrees":{"src":"images/TreeTile001.png","backWidth":800,"backHeight":100,"backX":0,"backY":395,"repeat":"repeat-x","idx":1}},"id":"Scene01"}, "Cannon.0" : {"balls" : 5, "class":"Cannon","parent":"Scene01","type":"Cannon","x":42.59358523725844,"y":356.7809423347396,"angle":0}, "WoodBox.1" : {"class":"Block","parent":"Scene01","type":"WoodBox","x":493.86868872834276,"y":365.45525144783977,"angle":0}, "WoodBox.2" : {"class":"Block","parent":"Scene01","type":"WoodBox","x":495.1113916971421,"y":421.1511202820118,"angle":0}, "WoodBox.3" : {"class":"Block","parent":"Scene01","type":"WoodBox","x":496.6695168570409,"y":393.303451592225,"angle":0}, "EnemySoldier.3" : {"class":"Soldier","parent":"Scene01","type":"EnemySoldier","x":546.0679705007916,"y":399.1461481552924,"angle":0}, "PrisonerSoldier.4" : {"class":"Soldier","parent":"Scene01","type":"PrisonerSoldier","x":407.83213691255804,"y":399.0786402530454,"angle":0}, "WoodPlankBig.2" : {"class":"Block","parent":"Scene01","type":"WoodPlankBig","x":541.4794078274972,"y":344.109945074933,"angle":0}, "WoodBox.4" : {"class":"Block","parent":"Scene01","type":"WoodBox","x":590.0952623666432,"y":421.15180016392515,"angle":0}, "WoodBox.5" : {"class":"Block","parent":"Scene01","type":"WoodBox","x":590.0804691314318,"y":393.3056098087437,"angle":0}, "WoodBox.6" : {"class":"Block","parent":"Scene01","type":"WoodBox","x":589.4792929530829,"y":365.4590424924585,"angle":0}, "EnemySoldier.4" : {"class":"Soldier","parent":"Scene01","type":"EnemySoldier","x":546.245757084872,"y":300.7579115294377,"angle":0} }