{ "Scene01" : {"class":"BattleScene","gameClass":"BattleScene","parent":"GameState01","x":0,"y":0,"width":800,"height":500,"groundLevel":65,"type":"Scene","backgrounds":{"sky":{"src":"images/background/sky.png","backWidth":1200,"backHeight":500,"backX":0,"backY":0,"repeat":0,"idx":10},"ground":{"src":"images/background/ground.png","backWidth":256,"backHeight":185,"backX":0,"backY":485,"repeat":"repeat-x","idx":0},"farMountains":{"src":"images/background/mountains.png","backWidth":800,"backHeight":214,"backX":0,"backY":285,"repeat":"repeat-x","idx":9},"clouds":{"src":"images/clouds.png","backWidth":750,"backHeight":170,"backX":0,"backY":100,"repeat":"repeat-x","idx":7},"nearMountains":{"src":"images/ChunkTile_001.png","backWidth":800,"backHeight":500,"backX":0,"backY":7,"repeat":"repeat-x","idx":8},"farTrees":{"src":"images/TreeTileFog001.png","backWidth":800,"backHeight":100,"backX":0,"backY":400,"repeat":"repeat-x","idx":3},"nearTrees":{"src":"images/TreeTile001.png","backWidth":800,"backHeight":100,"backX":0,"backY":395,"repeat":"repeat-x","idx":1}},"id":"Scene01"}, "Cannon.0" : {"balls" : 5, "class":"Cannon","parent":"Scene01","type":"Cannon","x":21.37785588752191,"y":358.0759493670883,"angle":0}, "PrisonerSoldier.3" : {"class":"Soldier","parent":"Scene01","type":"PrisonerSoldier","x":420.5962529388243,"y":399.1459474923071,"angle":0}, "EnemySoldier.2" : {"class":"Soldier","parent":"Scene01","type":"EnemySoldier","x":633.9832761010315,"y":399.14588686481784,"angle":0}, "BigBlock_1.0" : {"class":"Block","parent":"Scene01","type":"BigBlock_1","x":573.4227311408207,"y":419.1500810841556,"angle":0}, "BigBlock_2.0" : {"class":"Block","parent":"Scene01","type":"BigBlock_2","x":572.7535163659388,"y":387.30024550746737,"angle":0}, "BigBlock_3.0" : {"class":"Block","parent":"Scene01","type":"BigBlock_3","x":572.691023263578,"y":355.4503793574373,"angle":0}, "BigBlock_1.1" : {"class":"Block","parent":"Scene01","type":"BigBlock_1","x":573.318281432729,"y":323.60046660107867,"angle":0}, "WindowBlock.4" : {"class":"Block","parent":"Scene01","type":"WindowBlock","x":574.7099023222997,"y":291.75050144992116,"angle":0} }