{ "Scene01" : {"class":"BattleScene","gameClass":"BattleScene","parent":"GameState01","x":0,"y":0,"width":800,"height":500,"groundLevel":65,"type":"Scene","backgrounds":{"sky":{"src":"images/background/sky.png","backWidth":1200,"backHeight":500,"backX":0,"backY":0,"repeat":0,"idx":10},"ground":{"src":"images/background/ground.png","backWidth":256,"backHeight":185,"backX":0,"backY":485,"repeat":"repeat-x","idx":0},"farMountains":{"src":"images/background/mountains.png","backWidth":800,"backHeight":214,"backX":0,"backY":285,"repeat":"repeat-x","idx":9},"clouds":{"src":"images/clouds.png","backWidth":750,"backHeight":170,"backX":0,"backY":100,"repeat":"repeat-x","idx":7},"nearMountains":{"src":"images/ChunkTile_001.png","backWidth":800,"backHeight":500,"backX":0,"backY":7,"repeat":"repeat-x","idx":8},"farTrees":{"src":"images/TreeTileFog001.png","backWidth":800,"backHeight":100,"backX":0,"backY":400,"repeat":"repeat-x","idx":3},"nearTrees":{"src":"images/TreeTile001.png","backWidth":800,"backHeight":100,"backX":0,"backY":395,"repeat":"repeat-x","idx":1}},"id":"Scene01"}, "Cannon.0" : {"class":"Cannon","parent":"Scene01","type":"Cannon","x":29.421768707483132,"y":362.1384136858478,"angle":0}, "BackWall.0" : {"class":"Block","parent":"Scene01","type":"BackWall","x":536.2288604118512,"y":337.211228572116,"angle":0}, "EnemySoldier.0" : {"class":"Soldier","parent":"Scene01","type":"EnemySoldier","x":614.4613144140853,"y":399.1462210074426,"angle":0}, "WoodBox.0" : {"class":"Block","parent":"Scene01","type":"WoodBox","x":546.8378904348979,"y":365.4544876121043,"angle":0}, "WoodBox.1" : {"class":"Block","parent":"Scene01","type":"WoodBox","x":544.9363614243392,"y":421.1508691464953,"angle":0}, "WoodBox.2" : {"class":"Block","parent":"Scene01","type":"WoodBox","x":545.2477527005677,"y":393.30271160848196,"angle":0}, "WoodPlankBig.1" : {"class":"Block","parent":"Scene01","type":"WoodPlankBig","x":601.6306541127323,"y":331.9982707988017,"angle":0}, "WoodPlankBig.2" : {"class":"Block","parent":"Scene01","type":"WoodPlankBig","x":645.2467254030835,"y":387.109512486755,"angle":-1.5799270334192386}, "WoodPlankSmall.0" : {"class":"Block","parent":"Scene01","type":"WoodPlankSmall","x":548.5173132413447,"y":345.6069851269227,"angle":0}, "RedTowerRoof.3" : {"class":"Block","parent":"Scene01","type":"RedTowerRoof","x":600.722013558306,"y":316.9873942544748,"angle":0} }