{ "Scene01" : {"class":"BattleScene","gameClass":"BattleScene","parent":"GameState01","x":0,"y":0,"width":800,"height":500,"groundLevel":65,"type":"Scene","backgrounds":{"sky":{"src":"images/background/sky.png","backWidth":1200,"backHeight":500,"backX":0,"backY":0,"repeat":0,"idx":10},"ground":{"src":"images/background/ground.png","backWidth":256,"backHeight":185,"backX":0,"backY":485,"repeat":"repeat-x","idx":0},"farMountains":{"src":"images/background/mountains.png","backWidth":800,"backHeight":214,"backX":0,"backY":285,"repeat":"repeat-x","idx":9},"clouds":{"src":"images/clouds.png","backWidth":750,"backHeight":170,"backX":0,"backY":100,"repeat":"repeat-x","idx":7},"nearMountains":{"src":"images/ChunkTile_001.png","backWidth":800,"backHeight":500,"backX":0,"backY":7,"repeat":"repeat-x","idx":8},"farTrees":{"src":"images/TreeTileFog001.png","backWidth":800,"backHeight":100,"backX":0,"backY":400,"repeat":"repeat-x","idx":3},"nearTrees":{"src":"images/TreeTile001.png","backWidth":800,"backHeight":100,"backX":0,"backY":395,"repeat":"repeat-x","idx":1}},"id":"Scene01"}, "Cannon.0" : {"balls":9, "class":"Cannon","parent":"Scene01","type":"Cannon","x":25.595782073813638,"y":356.6694796061883,"angle":0}, "BackWall.0" : {"class":"Block","parent":"Scene01","type":"BackWall","x":448.58699472759207,"y":336.26300984528814,"angle":0}, "BackWall.1" : {"class":"Block","parent":"Scene01","type":"BackWall","x":579.251955985998,"y":336.1724736181645,"angle":0}, "EnemySoldier.0" : {"class":"Soldier","parent":"Scene01","type":"EnemySoldier","x":561.1396827074327,"y":399.14595885557674,"angle":0}, "BigBlock_3.0" : {"class":"Block","parent":"Scene01","type":"BigBlock_3","x":464.73996934229064,"y":419.150021802863,"angle":0}, "BigBlock_2.0" : {"class":"Block","parent":"Scene01","type":"BigBlock_2","x":464.8422457830178,"y":387.30006829886406,"angle":0}, "BigBlock_2.1" : {"class":"Block","parent":"Scene01","type":"BigBlock_2","x":464.69404754135707,"y":355.4500969489598,"angle":0}, "BigBlock_3.1" : {"class":"Block","parent":"Scene01","type":"BigBlock_3","x":504.249583993086,"y":419.1500232088736,"angle":0}, "BigBlock_1.0" : {"class":"Block","parent":"Scene01","type":"BigBlock_1","x":504.93461129311714,"y":387.30006836578804,"angle":0}, "BigBlock_3.2" : {"class":"Block","parent":"Scene01","type":"BigBlock_3","x":504.31414550450813,"y":355.4501023779188,"angle":0}, "RedTowerRoof.0" : {"class":"Block","parent":"Scene01","type":"RedTowerRoof","x":486.26248342297583,"y":300.0834739582351,"angle":0}, "PrisonerSoldier.0" : {"class":"Soldier","parent":"Scene01","type":"PrisonerSoldier","x":697.5362733440222,"y":399.1459439401279,"angle":0}, "WindowBlock.1" : {"class":"Block","parent":"Scene01","type":"WindowBlock","x":486.28409530012,"y":323.60011628577587,"angle":0} }