{ "Scene01" : {"class":"BattleScene","gameClass":"BattleScene","parent":"GameState01","x":0,"y":0,"width":800,"height":500,"groundLevel":65,"type":"Scene","backgrounds":{"sky":{"src":"images/background/sky.png","backWidth":1200,"backHeight":500,"backX":0,"backY":0,"repeat":0,"idx":10},"ground":{"src":"images/background/ground.png","backWidth":256,"backHeight":185,"backX":0,"backY":485,"repeat":"repeat-x","idx":0},"farMountains":{"src":"images/background/mountains.png","backWidth":800,"backHeight":214,"backX":0,"backY":285,"repeat":"repeat-x","idx":9},"clouds":{"src":"images/clouds.png","backWidth":750,"backHeight":170,"backX":0,"backY":100,"repeat":"repeat-x","idx":7},"nearMountains":{"src":"images/ChunkTile_001.png","backWidth":800,"backHeight":500,"backX":0,"backY":7,"repeat":"repeat-x","idx":8},"farTrees":{"src":"images/TreeTileFog001.png","backWidth":800,"backHeight":100,"backX":0,"backY":400,"repeat":"repeat-x","idx":3},"nearTrees":{"src":"images/TreeTile001.png","backWidth":800,"backHeight":100,"backX":0,"backY":395,"repeat":"repeat-x","idx":1}},"id":"Scene01"}, "Cannon.0" : {"class":"Cannon","parent":"Scene01","type":"Cannon","x":21.37785588752191,"y":358.0759493670883,"angle":0}, "BigBlock_3.3" : {"class":"Block","parent":"Scene01","type":"BigBlock_3","x":658.7307967838636,"y":309.7740990476117,"angle":0}, "BigBlock_3.4" : {"class":"Block","parent":"Scene01","type":"BigBlock_3","x":659.1112214207435,"y":419.1509673638854,"angle":0}, "BigBlock_2.4" : {"class":"Block","parent":"Scene01","type":"BigBlock_2","x":659.2273540931228,"y":387.30308460528596,"angle":0}, "BigBlock_2.5" : {"class":"Block","parent":"Scene01","type":"BigBlock_2","x":660.0145960823536,"y":341.62396100469374,"angle":0}, "BigColumn.1" : {"class":"Block","parent":"Scene01","type":"BigColumn","x":632.9027449817078,"y":364.4504594641869,"angle":0}, "BackWall.2" : {"class":"Block","parent":"Scene01","type":"BackWall","x":537.1634446397181,"y":336.96624472573836,"angle":0}, "BackWall.4" : {"class":"Block","parent":"Scene01","type":"BackWall","x":537.1634446397195,"y":250.46835443038003,"angle":0}, "EnemySoldier.5" : {"class":"Soldier","parent":"Scene01","type":"EnemySoldier","x":609.538628945459,"y":321.5637050182072,"angle":0}, "PrisonerSoldier.0" : {"class":"Soldier","parent":"Scene01","type":"PrisonerSoldier","x":656.0441674500104,"y":257.916809237929,"angle":0} }