{ "Scene01" : {"class":"BattleScene","gameClass":"BattleScene","parent":"GameState01","x":0,"y":0,"width":800,"height":500,"groundLevel":65,"type":"Scene","backgrounds":{"sky":{"src":"images/background/sky.png","backWidth":1200,"backHeight":500,"backX":0,"backY":0,"repeat":0,"idx":10},"ground":{"src":"images/background/ground.png","backWidth":256,"backHeight":185,"backX":0,"backY":485,"repeat":"repeat-x","idx":0},"farMountains":{"src":"images/background/mountains.png","backWidth":800,"backHeight":214,"backX":0,"backY":285,"repeat":"repeat-x","idx":9},"clouds":{"src":"images/clouds.png","backWidth":750,"backHeight":170,"backX":0,"backY":100,"repeat":"repeat-x","idx":7},"nearMountains":{"src":"images/ChunkTile_001.png","backWidth":800,"backHeight":500,"backX":0,"backY":7,"repeat":"repeat-x","idx":8},"farTrees":{"src":"images/TreeTileFog001.png","backWidth":800,"backHeight":100,"backX":0,"backY":400,"repeat":"repeat-x","idx":3},"nearTrees":{"src":"images/TreeTile001.png","backWidth":800,"backHeight":100,"backX":0,"backY":395,"repeat":"repeat-x","idx":1}},"id":"Scene01"}, "Cannon.0" : {"class":"Cannon","parent":"Scene01","type":"Cannon","x":21.37785588752191,"y":358.0759493670883,"angle":0}, "PrisonerSoldier.8" : {"class":"Soldier","parent":"Scene01","type":"PrisonerSoldier","x":651.3164728482659,"y":399.00580710992307,"angle":0}, "BigBlock_3.6" : {"class":"Block","parent":"Scene01","type":"BigBlock_3","x":492.56573275728414,"y":419.15008751193193,"angle":0}, "BigBlock_2.7" : {"class":"Block","parent":"Scene01","type":"BigBlock_2","x":492.26025634554287,"y":387.3000925770602,"angle":0}, "BigColumn.5" : {"class":"Block","parent":"Scene01","type":"BigColumn","x":518.0852926251229,"y":364.44894742924345,"angle":0}, "BigBlock_3.7" : {"class":"Block","parent":"Scene01","type":"BigBlock_3","x":489.38483387079435,"y":341.60248421871313,"angle":0}, "EnemySoldier.8" : {"class":"Soldier","parent":"Scene01","type":"EnemySoldier","x":536.9076353115115,"y":321.55517428837453,"angle":0}, "WindowBlock.10" : {"class":"Block","parent":"Scene01","type":"WindowBlock","x":487.3063239148687,"y":309.75287944791876,"angle":0}, "RedTowerRoof.5" : {"class":"Block","parent":"Scene01","type":"RedTowerRoof","x":488.9009675803169,"y":286.236069551091,"angle":0} }