{ "Scene01" : {"class":"BattleScene","gameClass":"BattleScene","parent":"GameState01","x":0,"y":0,"width":800,"height":500,"groundLevel":65,"type":"Scene","backgrounds":{"sky":{"src":"images/background/sky.png","backWidth":1200,"backHeight":500,"backX":0,"backY":0,"repeat":0,"idx":10},"ground":{"src":"images/background/ground.png","backWidth":256,"backHeight":185,"backX":0,"backY":485,"repeat":"repeat-x","idx":0},"farMountains":{"src":"images/background/mountains.png","backWidth":800,"backHeight":214,"backX":0,"backY":285,"repeat":"repeat-x","idx":9},"clouds":{"src":"images/clouds.png","backWidth":750,"backHeight":170,"backX":0,"backY":100,"repeat":"repeat-x","idx":7},"nearMountains":{"src":"images/ChunkTile_001.png","backWidth":800,"backHeight":500,"backX":0,"backY":7,"repeat":"repeat-x","idx":8},"farTrees":{"src":"images/TreeTileFog001.png","backWidth":800,"backHeight":100,"backX":0,"backY":400,"repeat":"repeat-x","idx":3},"nearTrees":{"src":"images/TreeTile001.png","backWidth":800,"backHeight":100,"backX":0,"backY":395,"repeat":"repeat-x","idx":1}},"id":"Scene01"}, "Cannon.0" : {"class":"Cannon","parent":"Scene01","type":"Cannon","x":21.37785588752191,"y":358.0759493670883,"angle":0}, "BigBlock_3.6" : {"class":"Block","parent":"Scene01","type":"BigBlock_3","x":375.6588504774444,"y":419.14974696183026,"angle":0}, "BigBlock_2.7" : {"class":"Block","parent":"Scene01","type":"BigBlock_2","x":450.0647652382094,"y":387.29999316277184,"angle":0}, "BigBlock_2.8" : {"class":"Block","parent":"Scene01","type":"BigBlock_2","x":448.2822219638808,"y":419.1499989564932,"angle":0}, "BigBlock_2.9" : {"class":"Block","parent":"Scene01","type":"BigBlock_2","x":555.2087374427823,"y":419.1500562023977,"angle":0}, "PrisonerSoldier.10" : {"class":"Soldier","parent":"Scene01","type":"PrisonerSoldier","x":375.43218552227506,"y":367.184525920104,"angle":0}, "EnemySoldier.13" : {"class":"Soldier","parent":"Scene01","type":"EnemySoldier","x":450.84146670681054,"y":335.4457592649144,"angle":0}, "BigBlock_3.11" : {"class":"Block","parent":"Scene01","type":"BigBlock_3","x":555.152238004709,"y":387.30017204924485,"angle":0}, "BigBlock_2.10" : {"class":"Block","parent":"Scene01","type":"BigBlock_2","x":555.1458506961072,"y":355.4502688445855,"angle":0}, "BigBlock_2.11" : {"class":"Block","parent":"Scene01","type":"BigBlock_2","x":555.1837090919907,"y":323.6003337575906,"angle":0}, "EnemySoldier.14" : {"class":"Soldier","parent":"Scene01","type":"EnemySoldier","x":555.7505292965097,"y":271.74667487689754,"angle":0}, "EnemySoldier.15" : {"class":"Soldier","parent":"Scene01","type":"EnemySoldier","x":694.8811641719869,"y":399.0136618327446,"angle":0} }