{ "Scene01" : {"class":"BattleScene","gameClass":"BattleScene","parent":"GameState01","x":0,"y":0,"width":800,"height":500,"groundLevel":65,"type":"Scene","backgrounds":{"sky":{"src":"images/background/sky.png","backWidth":1200,"backHeight":500,"backX":0,"backY":0,"repeat":0,"idx":10},"ground":{"src":"images/background/ground.png","backWidth":256,"backHeight":185,"backX":0,"backY":485,"repeat":"repeat-x","idx":0},"farMountains":{"src":"images/background/mountains.png","backWidth":800,"backHeight":214,"backX":0,"backY":285,"repeat":"repeat-x","idx":9},"clouds":{"src":"images/clouds.png","backWidth":750,"backHeight":170,"backX":0,"backY":100,"repeat":"repeat-x","idx":7},"nearMountains":{"src":"images/ChunkTile_001.png","backWidth":800,"backHeight":500,"backX":0,"backY":7,"repeat":"repeat-x","idx":8},"farTrees":{"src":"images/TreeTileFog001.png","backWidth":800,"backHeight":100,"backX":0,"backY":400,"repeat":"repeat-x","idx":3},"nearTrees":{"src":"images/TreeTile001.png","backWidth":800,"backHeight":100,"backX":0,"backY":395,"repeat":"repeat-x","idx":1}},"id":"Scene01"}, "Cannon.0" : {"balls" : 5, "class":"Cannon","parent":"Scene01","type":"Cannon","x":21.37785588752191,"y":358.0759493670883,"angle":0}, "BigBlock_2.7" : {"class":"Block","parent":"Scene01","type":"BigBlock_2","x":455.58947226088367,"y":387.30000000010637,"angle":0}, "BigBlock_2.8" : {"class":"Block","parent":"Scene01","type":"BigBlock_2","x":454.49496646335405,"y":419.1500000000403,"angle":0}, "EnemySoldier.15" : {"class":"Soldier","parent":"Scene01","type":"EnemySoldier","x":513.917512780812,"y":399.0447505641596,"angle":0}, "WoodPlankBig.0" : {"class":"Block","parent":"Scene01","type":"WoodPlankBig","x":483.9465864710357,"y":363.8823362731102,"angle":0}, "WoodBox.0" : {"class":"Block","parent":"Scene01","type":"WoodBox","x":558.5473407881136,"y":421.14999961624176,"angle":0}, "WoodBox.1" : {"class":"Block","parent":"Scene01","type":"WoodBox","x":559.4408802123229,"y":393.29999948837497,"angle":0}, "WoodBox.2" : {"class":"Block","parent":"Scene01","type":"WoodBox","x":559.2288802332931,"y":365.44999948027083,"angle":0}, "WoodBox.3" : {"class":"Block","parent":"Scene01","type":"WoodBox","x":451.8245649377547,"y":342.5776011498442,"angle":0} }