{ "Scene01" : {"class":"BattleScene","gameClass":"BattleScene","parent":"GameState01","x":0,"y":0,"width":800,"height":500,"groundLevel":65,"type":"Scene","backgrounds":{"sky":{"src":"images/background/sky.png","backWidth":1200,"backHeight":500,"backX":0,"backY":0,"repeat":0,"idx":10},"ground":{"src":"images/background/ground.png","backWidth":256,"backHeight":185,"backX":0,"backY":485,"repeat":"repeat-x","idx":0},"farMountains":{"src":"images/background/mountains.png","backWidth":800,"backHeight":214,"backX":0,"backY":285,"repeat":"repeat-x","idx":9},"clouds":{"src":"images/clouds.png","backWidth":750,"backHeight":170,"backX":0,"backY":100,"repeat":"repeat-x","idx":7},"nearMountains":{"src":"images/ChunkTile_001.png","backWidth":800,"backHeight":500,"backX":0,"backY":7,"repeat":"repeat-x","idx":8},"farTrees":{"src":"images/TreeTileFog001.png","backWidth":800,"backHeight":100,"backX":0,"backY":400,"repeat":"repeat-x","idx":3},"nearTrees":{"src":"images/TreeTile001.png","backWidth":800,"backHeight":100,"backX":0,"backY":395,"repeat":"repeat-x","idx":1}},"id":"Scene01"}, "Cannon.0" : {"class":"Cannon","parent":"Scene01","type":"Cannon","x":21.37785588752191,"y":358.0759493670883,"angle":0}, "EnemySoldier.20" : {"class":"Soldier","parent":"Scene01","type":"EnemySoldier","x":519.9345911109781,"y":399.14609948958986,"angle":0}, "WoodBox.15" : {"class":"Block","parent":"Scene01","type":"WoodBox","x":558.6573333969814,"y":421.14953737926675,"angle":0}, "WoodBox.16" : {"class":"Block","parent":"Scene01","type":"WoodBox","x":557.8325906475117,"y":393.29932605661315,"angle":0}, "WoodBox.17" : {"class":"Block","parent":"Scene01","type":"WoodBox","x":558.3867521891721,"y":365.4492823401544,"angle":0}, "WoodBox.19" : {"class":"Block","parent":"Scene01","type":"WoodBox","x":590.5933210379662,"y":421.1499996208164,"angle":0}, "WoodBox.20" : {"class":"Block","parent":"Scene01","type":"WoodBox","x":589.7869328045264,"y":393.2995039903139,"angle":0}, "WoodBox.21" : {"class":"Block","parent":"Scene01","type":"WoodBox","x":590.7306701539165,"y":365.44919769170946,"angle":0}, "EnemySoldier.21" : {"class":"Soldier","parent":"Scene01","type":"EnemySoldier","x":467.1579567880187,"y":399.14588435818547,"angle":0}, "EnemySoldier.22" : {"class":"Soldier","parent":"Scene01","type":"EnemySoldier","x":415.08139419074877,"y":399.1458913518489,"angle":0} }