{ "Scene01" : {"class":"BattleScene","gameClass":"BattleScene","parent":"GameState01","x":0,"y":0,"width":800,"height":500,"groundLevel":65,"type":"Scene","backgrounds":{"sky":{"src":"images/background/sky.png","backWidth":1200,"backHeight":500,"backX":0,"backY":0,"repeat":0,"idx":10},"ground":{"src":"images/background/ground.png","backWidth":256,"backHeight":185,"backX":0,"backY":485,"repeat":"repeat-x","idx":0},"farMountains":{"src":"images/background/mountains.png","backWidth":800,"backHeight":214,"backX":0,"backY":285,"repeat":"repeat-x","idx":9},"clouds":{"src":"images/clouds.png","backWidth":750,"backHeight":170,"backX":0,"backY":100,"repeat":"repeat-x","idx":7},"nearMountains":{"src":"images/ChunkTile_001.png","backWidth":800,"backHeight":500,"backX":0,"backY":7,"repeat":"repeat-x","idx":8},"farTrees":{"src":"images/TreeTileFog001.png","backWidth":800,"backHeight":100,"backX":0,"backY":400,"repeat":"repeat-x","idx":3},"nearTrees":{"src":"images/TreeTile001.png","backWidth":800,"backHeight":100,"backX":0,"backY":395,"repeat":"repeat-x","idx":1}},"id":"Scene01"}, "Cannon.0" : {"balls" : 5,"class":"Cannon","parent":"Scene01","type":"Cannon","x":21.37785588752191,"y":358.0759493670883,"angle":0}, "EnemySoldier.21" : {"class":"Soldier","parent":"Scene01","type":"EnemySoldier","x":446.1184718184676,"y":303.473099380559,"angle":0}, "BackWall.5" : {"class":"Block","parent":"Scene01","type":"BackWall","x":423.9824253075571,"y":338.37271448663864,"angle":0}, "BigBlock_3.0" : {"class":"Block","parent":"Scene01","type":"BigBlock_3","x":443.3676660790006,"y":419.1496224459177,"angle":0}, "BigBlock_3.1" : {"class":"Block","parent":"Scene01","type":"BigBlock_3","x":443.51508915174884,"y":387.2970342744211,"angle":0}, "BigBlock_3.2" : {"class":"Block","parent":"Scene01","type":"BigBlock_3","x":442.6495620544762,"y":355.4453386653783,"angle":0}, "BigBlock_1.0" : {"class":"Block","parent":"Scene01","type":"BigBlock_1","x":543.1738687277946,"y":419.1504324785258,"angle":0}, "BigBlock_3.3" : {"class":"Block","parent":"Scene01","type":"BigBlock_3","x":542.9342126311874,"y":387.30117005985653,"angle":0}, "BigColumn.3" : {"class":"Block","parent":"Scene01","type":"BigColumn","x":540.9360665176096,"y":364.43814297830227,"angle":0}, "BigBlock_2.0" : {"class":"Block","parent":"Scene01","type":"BigBlock_2","x":563.4523193555318,"y":341.61337158041465,"angle":0}, "EnemySoldier.6" : {"class":"Soldier","parent":"Scene01","type":"EnemySoldier","x":524.5160691253813,"y":321.5026097760122,"angle":0} }