{ "Scene01" : {"class":"BattleScene","gameClass":"BattleScene","parent":"GameState01","x":0,"y":0,"width":800,"height":500,"groundLevel":65,"type":"Scene","backgrounds":{"sky":{"src":"images/background/sky.png","backWidth":1200,"backHeight":500,"backX":0,"backY":0,"repeat":0,"idx":10},"ground":{"src":"images/background/ground.png","backWidth":256,"backHeight":185,"backX":0,"backY":485,"repeat":"repeat-x","idx":0},"farMountains":{"src":"images/background/mountains.png","backWidth":800,"backHeight":214,"backX":0,"backY":285,"repeat":"repeat-x","idx":9},"clouds":{"src":"images/clouds.png","backWidth":750,"backHeight":170,"backX":0,"backY":100,"repeat":"repeat-x","idx":7},"nearMountains":{"src":"images/ChunkTile_001.png","backWidth":800,"backHeight":500,"backX":0,"backY":7,"repeat":"repeat-x","idx":8},"farTrees":{"src":"images/TreeTileFog001.png","backWidth":800,"backHeight":100,"backX":0,"backY":400,"repeat":"repeat-x","idx":3},"nearTrees":{"src":"images/TreeTile001.png","backWidth":800,"backHeight":100,"backX":0,"backY":395,"repeat":"repeat-x","idx":1}},"id":"Scene01"}, "Cannon.0" : {"class":"Cannon","parent":"Scene01","type":"Cannon","x":21.37785588752191,"y":358.0759493670883,"angle":0}, "BigBlock_3.6" : {"class":"Block","parent":"Scene01","type":"BigBlock_3","x":375.64378671608637,"y":419.1493484074526,"angle":0}, "BigBlock_2.7" : {"class":"Block","parent":"Scene01","type":"BigBlock_2","x":375.6605078411146,"y":387.29825024816677,"angle":0}, "BigBlock_3.7" : {"class":"Block","parent":"Scene01","type":"BigBlock_3","x":374.2395912499183,"y":341.53348123471864,"angle":0}, "BigColumn.7" : {"class":"Block","parent":"Scene01","type":"BigColumn","x":400.9446978788528,"y":364.4681175621466,"angle":0}, "EnemySoldier.10" : {"class":"Soldier","parent":"Scene01","type":"EnemySoldier","x":429.083765338592,"y":321.7036184326454,"angle":0}, "PrisonerSoldier.1" : {"class":"Soldier","parent":"Scene01","type":"PrisonerSoldier","x":530.1421530781251,"y":399.0815328664067,"angle":0}, "WoodBox.0" : {"class":"Block","parent":"Scene01","type":"WoodBox","x":702.4187364311863,"y":421.1501517838649,"angle":0}, "EnemySoldier.3" : {"class":"Soldier","parent":"Scene01","type":"EnemySoldier","x":703.4710139288151,"y":371.2950760965093,"angle":0} }