{ "Scene01" : {"class":"BattleScene","gameClass":"BattleScene","parent":"GameState01","x":0,"y":0,"width":800,"height":500,"groundLevel":65,"type":"Scene","backgrounds":{"sky":{"src":"images/background/sky.png","backWidth":1200,"backHeight":500,"backX":0,"backY":0,"repeat":0,"idx":10},"ground":{"src":"images/background/ground.png","backWidth":256,"backHeight":185,"backX":0,"backY":485,"repeat":"repeat-x","idx":0},"farMountains":{"src":"images/background/mountains.png","backWidth":800,"backHeight":214,"backX":0,"backY":285,"repeat":"repeat-x","idx":9},"clouds":{"src":"images/clouds.png","backWidth":750,"backHeight":170,"backX":0,"backY":100,"repeat":"repeat-x","idx":7},"nearMountains":{"src":"images/ChunkTile_001.png","backWidth":800,"backHeight":500,"backX":0,"backY":7,"repeat":"repeat-x","idx":8},"farTrees":{"src":"images/TreeTileFog001.png","backWidth":800,"backHeight":100,"backX":0,"backY":400,"repeat":"repeat-x","idx":3},"nearTrees":{"src":"images/TreeTile001.png","backWidth":800,"backHeight":100,"backX":0,"backY":395,"repeat":"repeat-x","idx":1}},"id":"Scene01"}, "Cannon.0" : {"class":"Cannon", "balls":4,"parent":"Scene01","type":"Cannon","x":119.79613356766248,"y":355.9662447257381,"angle":0}, "BackWall.0" : {"class":"Block","parent":"Scene01","type":"BackWall","x":448.58699472759207,"y":336.26300984528814,"angle":0}, "BackWall.1" : {"class":"Block","parent":"Scene01","type":"BackWall","x":580.7486818980655,"y":337.6694796061884,"angle":0}, "WoodBox.0" : {"class":"Block","parent":"Scene01","type":"WoodBox","x":463.96467769470956,"y":421.15000994412435,"angle":0}, "WoodBox.1" : {"class":"Block","parent":"Scene01","type":"WoodBox","x":463.2626635093007,"y":393.30002903416033,"angle":0}, "WoodBox.2" : {"class":"Block","parent":"Scene01","type":"WoodBox","x":463.57361972569754,"y":365.4500463911498,"angle":0}, "WoodBox.3" : {"class":"Block","parent":"Scene01","type":"WoodBox","x":579.2619234638089,"y":421.15002315400693,"angle":0}, "WoodBox.4" : {"class":"Block","parent":"Scene01","type":"WoodBox","x":579.6576971130659,"y":393.30006983480314,"angle":0}, "WoodBox.5" : {"class":"Block","parent":"Scene01","type":"WoodBox","x":579.0127818815304,"y":365.4501058862766,"angle":0}, "WoodBox.6" : {"class":"Block","parent":"Scene01","type":"WoodBox","x":700.1728625868586,"y":421.15000289617456,"angle":0}, "WoodBox.7" : {"class":"Block","parent":"Scene01","type":"WoodBox","x":700.2021721620439,"y":393.3000087355218,"angle":0}, "WoodBox.8" : {"class":"Block","parent":"Scene01","type":"WoodBox","x":699.5597988042673,"y":365.44972627250314,"angle":0}, "WoodPlankBig.2" : {"class":"Block","parent":"Scene01","type":"WoodPlankBig","x":522.3637547605267,"y":344.100098232662,"angle":0}, "WoodPlankBig.3" : {"class":"Block","parent":"Scene01","type":"WoodPlankBig","x":640.4198918801958,"y":344.1000377791968,"angle":0}, "EnemySoldier.0" : {"class":"Soldier","parent":"Scene01","type":"EnemySoldier","x":525.0636793464172,"y":399.146060053694,"angle":0}, "EnemySoldier.1" : {"class":"Soldier","parent":"Scene01","type":"EnemySoldier","x":642.3305211352979,"y":399.14601152241977,"angle":0} }