{ "Scene01" : {"class":"BattleScene","gameClass":"BattleScene","parent":"GameState01","x":0,"y":0,"width":800,"height":500,"groundLevel":65,"type":"Scene","backgrounds":{"sky":{"src":"images/background/sky.png","backWidth":1200,"backHeight":500,"backX":0,"backY":0,"repeat":0,"idx":10},"ground":{"src":"images/background/ground.png","backWidth":256,"backHeight":185,"backX":0,"backY":485,"repeat":"repeat-x","idx":0},"farMountains":{"src":"images/background/mountains.png","backWidth":800,"backHeight":214,"backX":0,"backY":285,"repeat":"repeat-x","idx":9},"clouds":{"src":"images/clouds.png","backWidth":750,"backHeight":170,"backX":0,"backY":100,"repeat":"repeat-x","idx":7},"nearMountains":{"src":"images/ChunkTile_001.png","backWidth":800,"backHeight":500,"backX":0,"backY":7,"repeat":"repeat-x","idx":8},"farTrees":{"src":"images/TreeTileFog001.png","backWidth":800,"backHeight":100,"backX":0,"backY":400,"repeat":"repeat-x","idx":3},"nearTrees":{"src":"images/TreeTile001.png","backWidth":800,"backHeight":100,"backX":0,"backY":395,"repeat":"repeat-x","idx":1}},"id":"Scene01"}, "BackWall.0" : {"class":"Block","parent":"Scene01","type":"BackWall","x":573.8445092322642,"y":337.91446345256634,"angle":0}, "BigBlock_1.0" : {"class":"Block","parent":"Scene01","type":"BigBlock_1","x":573.7632289131358,"y":419.1518996719215,"angle":0}, "BigBlock_1.1" : {"class":"Block","parent":"Scene01","type":"BigBlock_1","x":573.7369219306189,"y":372.5136266196339,"angle":0}, "SmallBlock_3.0" : {"class":"Block","parent":"Scene01","type":"SmallBlock_3","x":572.9063436257966,"y":395.829821611467,"angle":0}, "WoodBox.0" : {"class":"Block","parent":"Scene01","type":"WoodBox","x":572.6788042214549,"y":342.66954276175113,"angle":0}, "RedTowerRoof.0" : {"class":"Block","parent":"Scene01","type":"RedTowerRoof","x":571.5830518620255,"y":321.15990761828357,"angle":0}, "EnemySoldier.0" : {"class":"Soldier","parent":"Scene01","type":"EnemySoldier","x":640.8843760663223,"y":404.5258330260241,"angle":0}, "Cannon.0" : {"class":"Cannon","parent":"Scene01","type":"Cannon","x":24.650145772594673,"y":364.02488335925364,"angle":0} }