{ "Scene01" : {"class":"BattleScene","gameClass":"BattleScene","parent":"GameState01","x":0,"y":0,"width":800,"height":500,"groundLevel":65,"type":"Scene","backgrounds":{"sky":{"src":"images/background/sky.png","backWidth":1200,"backHeight":500,"backX":0,"backY":0,"repeat":0,"idx":10},"ground":{"src":"images/background/ground.png","backWidth":256,"backHeight":185,"backX":0,"backY":485,"repeat":"repeat-x","idx":0},"farMountains":{"src":"images/background/mountains.png","backWidth":800,"backHeight":214,"backX":0,"backY":285,"repeat":"repeat-x","idx":9},"clouds":{"src":"images/clouds.png","backWidth":750,"backHeight":170,"backX":0,"backY":100,"repeat":"repeat-x","idx":7},"nearMountains":{"src":"images/ChunkTile_001.png","backWidth":800,"backHeight":500,"backX":0,"backY":7,"repeat":"repeat-x","idx":8},"farTrees":{"src":"images/TreeTileFog001.png","backWidth":800,"backHeight":100,"backX":0,"backY":400,"repeat":"repeat-x","idx":3},"nearTrees":{"src":"images/TreeTile001.png","backWidth":800,"backHeight":100,"backX":0,"backY":395,"repeat":"repeat-x","idx":1}},"id":"Scene01"}, "Cannon.0" : {"class":"Cannon","parent":"Scene01","type":"Cannon","x":29.38848396501455,"y":366.21500777604984,"angle":0}, "PrisonerSoldier.0" : {"class":"Soldier","parent":"Scene01","type":"PrisonerSoldier","x":599.4027253074976,"y":399.1463760392186,"angle":0}, "WoodBox.2" : {"class":"Block","parent":"Scene01","type":"WoodBox","x":600.8812111247094,"y":359.5508993080957,"angle":0}, "EnemySoldier.3" : {"class":"Soldier","parent":"Scene01","type":"EnemySoldier","x":600.2086398780626,"y":309.6974619452151,"angle":0} }