{ "Scene01" : {"class":"BattleScene","gameClass":"BattleScene","parent":"GameState01","x":0,"y":0,"width":800,"height":500,"groundLevel":65,"type":"Scene","backgrounds":{"sky":{"src":"images/background/sky.png","backWidth":1200,"backHeight":500,"backX":0,"backY":0,"repeat":0,"idx":10},"ground":{"src":"images/background/ground.png","backWidth":256,"backHeight":185,"backX":0,"backY":485,"repeat":"repeat-x","idx":0},"farMountains":{"src":"images/background/mountains.png","backWidth":800,"backHeight":214,"backX":0,"backY":285,"repeat":"repeat-x","idx":9},"clouds":{"src":"images/clouds.png","backWidth":750,"backHeight":170,"backX":0,"backY":100,"repeat":"repeat-x","idx":7},"nearMountains":{"src":"images/ChunkTile_001.png","backWidth":800,"backHeight":500,"backX":0,"backY":7,"repeat":"repeat-x","idx":8},"farTrees":{"src":"images/TreeTileFog001.png","backWidth":800,"backHeight":100,"backX":0,"backY":400,"repeat":"repeat-x","idx":3},"nearTrees":{"src":"images/TreeTile001.png","backWidth":800,"backHeight":100,"backX":0,"backY":395,"repeat":"repeat-x","idx":1}},"id":"Scene01"}, "BigColumn.0" : {"class":"Block","parent":"Scene01","type":"BigColumn","x":577.0996681764761,"y":386.59631016161603,"angle":-1.588903298434497}, "BackWall.0" : {"class":"Block","parent":"Scene01","type":"BackWall","x":575.3994169096209,"y":339.46967340590993,"angle":0}, "BigColumn.1" : {"class":"Block","parent":"Scene01","type":"BigColumn","x":631.0135220659854,"y":386.61716856871885,"angle":1.585605380199378}, "Cannon.0" : {"class":"Cannon","parent":"Scene01","type":"Cannon","x":27.866861030126266,"y":363.69362363919123,"angle":0}, "SmallColumn.1" : {"class":"Block","parent":"Scene01","type":"SmallColumn","x":603.4448672865939,"y":333.21293813835047,"angle":0}, "RedTowerRoof.0" : {"class":"Block","parent":"Scene01","type":"RedTowerRoof","x":602.1733994362141,"y":320.6949990980587,"angle":0}, "BigBlock_3.0" : {"class":"Block","parent":"Scene01","type":"BigBlock_3","x":682.6018478826908,"y":419.14999999996724,"angle":0}, "EnemySoldier.1" : {"class":"Soldier","parent":"Scene01","type":"EnemySoldier","x":685.4048746456643,"y":372.6757490161605,"angle":0}, "PrisonerSoldier.0" : {"class":"Soldier","parent":"Scene01","type":"PrisonerSoldier","x":517.3324428672719,"y":404.52582203001276,"angle":0} }