{ "Scene01" : {"class":"BattleScene","gameClass":"BattleScene","parent":"GameState01","x":0,"y":0,"width":800,"height":500,"groundLevel":65,"type":"Scene","backgrounds":{"sky":{"src":"images/background/sky.png","backWidth":1200,"backHeight":500,"backX":0,"backY":0,"repeat":0,"idx":10},"ground":{"src":"images/background/ground.png","backWidth":256,"backHeight":185,"backX":0,"backY":485,"repeat":"repeat-x","idx":0},"farMountains":{"src":"images/background/mountains.png","backWidth":800,"backHeight":214,"backX":0,"backY":285,"repeat":"repeat-x","idx":9},"clouds":{"src":"images/clouds.png","backWidth":750,"backHeight":170,"backX":0,"backY":100,"repeat":"repeat-x","idx":7},"nearMountains":{"src":"images/ChunkTile_001.png","backWidth":800,"backHeight":500,"backX":0,"backY":7,"repeat":"repeat-x","idx":8},"farTrees":{"src":"images/TreeTileFog001.png","backWidth":800,"backHeight":100,"backX":0,"backY":400,"repeat":"repeat-x","idx":3},"nearTrees":{"src":"images/TreeTile001.png","backWidth":800,"backHeight":100,"backX":0,"backY":395,"repeat":"repeat-x","idx":1}},"id":"Scene01"}, "Cannon.0" : {"class":"Cannon","parent":"Scene01","type":"Cannon","x":29.38848396501455,"y":366.21500777604984,"angle":0}, "PrisonerSoldier.0" : {"class":"Soldier","parent":"Scene01","type":"PrisonerSoldier","x":565.7283749836698,"y":399.146012227835,"angle":0}, "PrisonerSoldier.1" : {"class":"Soldier","parent":"Scene01","type":"PrisonerSoldier","x":634.7738337055684,"y":399.146694088485,"angle":0}, "WoodPlankBig.0" : {"class":"Block","parent":"Scene01","type":"WoodPlankBig","x":604.07168859759,"y":366.05374720470473,"angle":0}, "WoodBox.1" : {"class":"Block","parent":"Scene01","type":"WoodBox","x":601.8560457883823,"y":344.71527069741757,"angle":0}, "EnemySoldier.2" : {"class":"Soldier","parent":"Scene01","type":"EnemySoldier","x":603.646590354681,"y":294.86221990713176,"angle":0} }