{
  "font": {
	"en": "BenchNine",
    "es": "BenchNine",	
    "de": "BenchNine",	
	"pt": "BenchNine",
	"hu": "BenchNine",
    "ro": "BenchNine",
    "pl": "BenchNine",	
	"bg": "PT Sans Narrow",
	"ru": "PT Sans Narrow",
    "nl": "BenchNine",
    "cz": "BenchNine",
    "no": "BenchNine",
    "se": "BenchNine",
    "da": "BenchNine",
    "ar": "Mada",
    "tr": "BenchNine",  
    "fr": "BenchNine",
    "it": "BenchNine" 
  },
  "producedFor": {
    "en": "Produced for",  
    "es": "Producido para",
    "de": "Produziert für",
    "pt": "Produzido para",
    "hu": "Megbízó:",
    "ro": "Produs pentru",
    "pl": "Wyprodukowano dla",
    "bg": "Създадена за",
    "ru": "Специально для",
    "nl": "Gemaakt voor",
    "cz": "Vytvořeno pro",
    "no": "Produsert for",
    "se": "Producerat för",
    "da": "Produceret for",
    "ar": "تم الإنتاج لصالح",
    "tr": "Yaptıran:",
    "fr": "Produit pour",
    "it": "Prodotto per"
  },
  "createdBy": {
    "en": "Created by", 
    "es": "Creado por",
    "de": "Erstellt von",
    "pt": "Criado por",
    "hu": "Alkotók:",
    "ro": "Creat de",
    "pl": "Twórcy",
    "bg": "Създадена от",
    "ru": "Разработчик",
    "nl": "Gemaakt door",
    "cz": "Vytvořil",
    "no": "Laget av",
    "se": "Skapat av",
    "da": "Skabt af",
    "ar": "تم تصميم اللعبة بواسطة",
    "tr": "Hazırlayan:",
    "fr": "Créé par",
    "it": "Ideato da"
  }
}