{"pages":["ed34_red.png"],"chars":[{"id":32,"x":488,"y":184,"width":0,"height":0,"xoffset":0,"yoffset":29,"xadvance":6,"page":0,"chnl":0,"letter":null},{"id":33,"x":270,"y":102,"width":9,"height":27,"xoffset":0,"yoffset":3,"xadvance":7,"page":0,"chnl":0,"letter":null},{"id":34,"x":284,"y":184,"width":13,"height":12,"xoffset":1,"yoffset":2,"xadvance":12,"page":0,"chnl":0,"letter":null},{"id":35,"x":265,"y":159,"width":18,"height":20,"xoffset":0,"yoffset":5,"xadvance":16,"page":0,"chnl":0,"letter":null},{"id":36,"x":477,"y":102,"width":13,"height":26,"xoffset":0,"yoffset":3,"xadvance":11,"page":0,"chnl":0,"letter":null},{"id":37,"x":2,"y":73,"width":29,"height":27,"xoffset":1,"yoffset":3,"xadvance":28,"page":0,"chnl":0,"letter":null},{"id":38,"x":163,"y":39,"width":21,"height":28,"xoffset":1,"yoffset":2,"xadvance":20,"page":0,"chnl":0,"letter":null},{"id":39,"x":338,"y":184,"width":7,"height":12,"xoffset":1,"yoffset":2,"xadvance":6,"page":0,"chnl":0,"letter":null},{"id":40,"x":87,"y":39,"width":11,"height":29,"xoffset":1,"yoffset":1,"xadvance":9,"page":0,"chnl":0,"letter":null},{"id":41,"x":100,"y":39,"width":11,"height":29,"xoffset":0,"yoffset":1,"xadvance":9,"page":0,"chnl":0,"letter":null},{"id":42,"x":245,"y":184,"width":13,"height":13,"xoffset":1,"yoffset":2,"xadvance":12,"page":0,"chnl":0,"letter":null},{"id":43,"x":186,"y":184,"width":13,"height":14,"xoffset":1,"yoffset":10,"xadvance":12,"page":0,"chnl":0,"letter":null},{"id":44,"x":327,"y":184,"width":9,"height":12,"xoffset":1,"yoffset":22,"xadvance":8,"page":0,"chnl":0,"letter":null},{"id":45,"x":407,"y":184,"width":10,"height":7,"xoffset":1,"yoffset":14,"xadvance":9,"page":0,"chnl":0,"letter":null},{"id":46,"x":372,"y":184,"width":9,"height":8,"xoffset":1,"yoffset":22,"xadvance":8,"page":0,"chnl":0,"letter":null},{"id":47,"x":2,"y":131,"width":12,"height":26,"xoffset":0,"yoffset":3,"xadvance":11,"page":0,"chnl":0,"letter":null},{"id":48,"x":186,"y":39,"width":19,"height":28,"xoffset":1,"yoffset":2,"xadvance":18,"page":0,"chnl":0,"letter":0},{"id":49,"x":258,"y":102,"width":10,"height":27,"xoffset":0,"yoffset":2,"xadvance":8,"page":0,"chnl":0,"letter":1},{"id":50,"x":74,"y":102,"width":15,"height":27,"xoffset":1,"yoffset":2,"xadvance":14,"page":0,"chnl":0,"letter":2},{"id":51,"x":287,"y":39,"width":17,"height":28,"xoffset":0,"yoffset":2,"xadvance":15,"page":0,"chnl":0,"letter":3},{"id":52,"x":373,"y":73,"width":17,"height":27,"xoffset":0,"yoffset":2,"xadvance":16,"page":0,"chnl":0,"letter":4},{"id":53,"x":392,"y":73,"width":17,"height":27,"xoffset":0,"yoffset":3,"xadvance":15,"page":0,"chnl":0,"letter":5},{"id":54,"x":306,"y":39,"width":17,"height":28,"xoffset":1,"yoffset":2,"xadvance":16,"page":0,"chnl":0,"letter":6},{"id":55,"x":487,"y":73,"width":16,"height":27,"xoffset":0,"yoffset":3,"xadvance":14,"page":0,"chnl":0,"letter":7},{"id":56,"x":207,"y":39,"width":18,"height":28,"xoffset":1,"yoffset":2,"xadvance":16,"page":0,"chnl":0,"letter":8},{"id":57,"x":325,"y":39,"width":17,"height":28,"xoffset":1,"yoffset":2,"xadvance":16,"page":0,"chnl":0,"letter":9},{"id":58,"x":46,"y":184,"width":9,"height":19,"xoffset":1,"yoffset":11,"xadvance":8,"page":0,"chnl":0,"letter":null},{"id":59,"x":36,"y":159,"width":9,"height":23,"xoffset":1,"yoffset":11,"xadvance":8,"page":0,"chnl":0,"letter":null},{"id":60,"x":142,"y":184,"width":12,"height":15,"xoffset":1,"yoffset":10,"xadvance":11,"page":0,"chnl":0,"letter":null},{"id":61,"x":299,"y":184,"width":12,"height":12,"xoffset":1,"yoffset":11,"xadvance":11,"page":0,"chnl":0,"letter":null},{"id":62,"x":156,"y":184,"width":12,"height":15,"xoffset":1,"yoffset":10,"xadvance":11,"page":0,"chnl":0,"letter":null},{"id":63,"x":452,"y":39,"width":14,"height":28,"xoffset":1,"yoffset":2,"xadvance":13,"page":0,"chnl":0,"letter":null},{"id":64,"x":113,"y":39,"width":23,"height":28,"xoffset":1,"yoffset":5,"xadvance":22,"page":0,"chnl":0,"letter":null},{"id":65,"x":273,"y":73,"width":18,"height":27,"xoffset":0,"yoffset":3,"xadvance":16,"page":0,"chnl":0,"letter":null},{"id":66,"x":382,"y":39,"width":16,"height":28,"xoffset":1,"yoffset":2,"xadvance":15,"page":0,"chnl":0,"letter":null},{"id":67,"x":400,"y":39,"width":16,"height":28,"xoffset":1,"yoffset":2,"xadvance":14,"page":0,"chnl":0,"letter":null},{"id":68,"x":411,"y":73,"width":17,"height":27,"xoffset":1,"yoffset":3,"xadvance":16,"page":0,"chnl":0,"letter":null},{"id":69,"x":174,"y":102,"width":13,"height":27,"xoffset":1,"yoffset":2,"xadvance":13,"page":0,"chnl":0,"letter":null},{"id":70,"x":189,"y":102,"width":13,"height":27,"xoffset":1,"yoffset":2,"xadvance":12,"page":0,"chnl":0,"letter":null},{"id":71,"x":227,"y":39,"width":18,"height":28,"xoffset":1,"yoffset":2,"xadvance":17,"page":0,"chnl":0,"letter":null},{"id":72,"x":430,"y":73,"width":17,"height":27,"xoffset":1,"yoffset":3,"xadvance":17,"page":0,"chnl":0,"letter":null},{"id":73,"x":314,"y":102,"width":7,"height":27,"xoffset":1,"yoffset":2,"xadvance":7,"page":0,"chnl":0,"letter":null},{"id":74,"x":142,"y":102,"width":14,"height":27,"xoffset":0,"yoffset":3,"xadvance":13,"page":0,"chnl":0,"letter":null},{"id":75,"x":293,"y":73,"width":18,"height":27,"xoffset":1,"yoffset":3,"xadvance":16,"page":0,"chnl":0,"letter":null},{"id":76,"x":204,"y":102,"width":13,"height":27,"xoffset":1,"yoffset":2,"xadvance":12,"page":0,"chnl":0,"letter":null},{"id":77,"x":165,"y":73,"width":22,"height":27,"xoffset":1,"yoffset":3,"xadvance":22,"page":0,"chnl":0,"letter":null},{"id":78,"x":313,"y":73,"width":18,"height":27,"xoffset":1,"yoffset":2,"xadvance":17,"page":0,"chnl":0,"letter":null},{"id":79,"x":247,"y":39,"width":18,"height":28,"xoffset":1,"yoffset":2,"xadvance":17,"page":0,"chnl":0,"letter":null},{"id":80,"x":2,"y":102,"width":16,"height":27,"xoffset":1,"yoffset":2,"xadvance":15,"page":0,"chnl":0,"letter":null},{"id":81,"x":24,"y":39,"width":18,"height":31,"xoffset":1,"yoffset":3,"xadvance":17,"page":0,"chnl":0,"letter":null},{"id":82,"x":344,"y":39,"width":17,"height":28,"xoffset":1,"yoffset":2,"xadvance":16,"page":0,"chnl":0,"letter":null},{"id":83,"x":418,"y":39,"width":15,"height":28,"xoffset":0,"yoffset":2,"xadvance":14,"page":0,"chnl":0,"letter":null},{"id":84,"x":91,"y":102,"width":15,"height":27,"xoffset":1,"yoffset":2,"xadvance":14,"page":0,"chnl":0,"letter":null},{"id":85,"x":449,"y":73,"width":17,"height":27,"xoffset":1,"yoffset":3,"xadvance":16,"page":0,"chnl":0,"letter":null},{"id":86,"x":210,"y":73,"width":19,"height":27,"xoffset":0,"yoffset":3,"xadvance":17,"page":0,"chnl":0,"letter":null},{"id":87,"x":33,"y":73,"width":27,"height":27,"xoffset":0,"yoffset":2,"xadvance":24,"page":0,"chnl":0,"letter":null},{"id":88,"x":231,"y":73,"width":19,"height":27,"xoffset":0,"yoffset":2,"xadvance":17,"page":0,"chnl":0,"letter":null},{"id":89,"x":252,"y":73,"width":19,"height":27,"xoffset":0,"yoffset":2,"xadvance":16,"page":0,"chnl":0,"letter":null},{"id":90,"x":20,"y":102,"width":16,"height":27,"xoffset":1,"yoffset":2,"xadvance":14,"page":0,"chnl":0,"letter":null},{"id":91,"x":281,"y":102,"width":9,"height":27,"xoffset":1,"yoffset":2,"xadvance":9,"page":0,"chnl":0,"letter":null},{"id":92,"x":16,"y":131,"width":12,"height":26,"xoffset":0,"yoffset":3,"xadvance":11,"page":0,"chnl":0,"letter":null},{"id":93,"x":292,"y":102,"width":9,"height":27,"xoffset":1,"yoffset":2,"xadvance":9,"page":0,"chnl":0,"letter":null},{"id":94,"x":228,"y":184,"width":15,"height":13,"xoffset":0,"yoffset":3,"xadvance":14,"page":0,"chnl":0,"letter":null},{"id":95,"x":453,"y":184,"width":22,"height":6,"xoffset":0,"yoffset":30,"xadvance":20,"page":0,"chnl":0,"letter":null},{"id":96,"x":431,"y":184,"width":9,"height":7,"xoffset":1,"yoffset":-1,"xadvance":8,"page":0,"chnl":0,"letter":null},{"id":97,"x":427,"y":159,"width":15,"height":19,"xoffset":1,"yoffset":11,"xadvance":13,"page":0,"chnl":0,"letter":null},{"id":98,"x":358,"y":102,"width":15,"height":26,"xoffset":1,"yoffset":4,"xadvance":14,"page":0,"chnl":0,"letter":null},{"id":99,"x":2,"y":184,"width":13,"height":19,"xoffset":1,"yoffset":11,"xadvance":11,"page":0,"chnl":0,"letter":null},{"id":100,"x":375,"y":102,"width":15,"height":26,"xoffset":1,"yoffset":4,"xadvance":14,"page":0,"chnl":0,"letter":null},{"id":101,"x":444,"y":159,"width":15,"height":19,"xoffset":1,"yoffset":11,"xadvance":14,"page":0,"chnl":0,"letter":null},{"id":102,"x":219,"y":102,"width":11,"height":27,"xoffset":0,"yoffset":3,"xadvance":9,"page":0,"chnl":0,"letter":null},{"id":103,"x":392,"y":102,"width":15,"height":26,"xoffset":1,"yoffset":11,"xadvance":14,"page":0,"chnl":0,"letter":null},{"id":104,"x":409,"y":102,"width":15,"height":26,"xoffset":1,"yoffset":3,"xadvance":14,"page":0,"chnl":0,"letter":null},{"id":105,"x":30,"y":131,"width":9,"height":26,"xoffset":0,"yoffset":3,"xadvance":7,"page":0,"chnl":0,"letter":null},{"id":106,"x":298,"y":2,"width":11,"height":33,"xoffset":-2,"yoffset":4,"xadvance":7,"page":0,"chnl":0,"letter":null},{"id":107,"x":426,"y":102,"width":15,"height":26,"xoffset":1,"yoffset":4,"xadvance":13,"page":0,"chnl":0,"letter":null},{"id":108,"x":41,"y":131,"width":7,"height":26,"xoffset":1,"yoffset":3,"xadvance":6,"page":0,"chnl":0,"letter":null},{"id":109,"x":349,"y":159,"width":21,"height":19,"xoffset":1,"yoffset":10,"xadvance":20,"page":0,"chnl":0,"letter":null},{"id":110,"x":461,"y":159,"width":15,"height":19,"xoffset":1,"yoffset":10,"xadvance":14,"page":0,"chnl":0,"letter":null},{"id":111,"x":391,"y":159,"width":16,"height":19,"xoffset":1,"yoffset":11,"xadvance":14,"page":0,"chnl":0,"letter":null},{"id":112,"x":443,"y":102,"width":15,"height":26,"xoffset":1,"yoffset":10,"xadvance":14,"page":0,"chnl":0,"letter":null},{"id":113,"x":129,"y":131,"width":15,"height":25,"xoffset":1,"yoffset":11,"xadvance":14,"page":0,"chnl":0,"letter":null},{"id":114,"x":32,"y":184,"width":12,"height":19,"xoffset":1,"yoffset":10,"xadvance":11,"page":0,"chnl":0,"letter":null},{"id":115,"x":285,"y":159,"width":13,"height":20,"xoffset":0,"yoffset":10,"xadvance":11,"page":0,"chnl":0,"letter":null},{"id":116,"x":22,"y":159,"width":12,"height":23,"xoffset":0,"yoffset":7,"xadvance":10,"page":0,"chnl":0,"letter":null},{"id":117,"x":478,"y":159,"width":15,"height":19,"xoffset":1,"yoffset":11,"xadvance":14,"page":0,"chnl":0,"letter":null},{"id":118,"x":409,"y":159,"width":16,"height":19,"xoffset":0,"yoffset":10,"xadvance":14,"page":0,"chnl":0,"letter":null},{"id":119,"x":325,"y":159,"width":22,"height":19,"xoffset":0,"yoffset":11,"xadvance":20,"page":0,"chnl":0,"letter":null},{"id":120,"x":372,"y":159,"width":17,"height":19,"xoffset":0,"yoffset":11,"xadvance":14,"page":0,"chnl":0,"letter":null},{"id":121,"x":460,"y":102,"width":15,"height":26,"xoffset":1,"yoffset":11,"xadvance":14,"page":0,"chnl":0,"letter":null},{"id":122,"x":17,"y":184,"width":13,"height":19,"xoffset":0,"yoffset":10,"xadvance":11,"page":0,"chnl":0,"letter":null},{"id":123,"x":232,"y":102,"width":11,"height":27,"xoffset":1,"yoffset":3,"xadvance":10,"page":0,"chnl":0,"letter":null},{"id":124,"x":323,"y":102,"width":7,"height":27,"xoffset":1,"yoffset":2,"xadvance":6,"page":0,"chnl":0,"letter":null},{"id":125,"x":245,"y":102,"width":11,"height":27,"xoffset":1,"yoffset":3,"xadvance":10,"page":0,"chnl":0,"letter":null},{"id":126,"x":357,"y":184,"width":13,"height":8,"xoffset":0,"yoffset":3,"xadvance":11,"page":0,"chnl":0,"letter":null},{"id":128,"x":44,"y":39,"width":22,"height":29,"xoffset":-1,"yoffset":1,"xadvance":19,"page":0,"chnl":0,"letter":null},{"id":142,"x":2,"y":2,"width":20,"height":35,"xoffset":2,"yoffset":-6,"xadvance":21,"page":0,"chnl":0,"letter":null},{"id":158,"x":435,"y":39,"width":15,"height":28,"xoffset":1,"yoffset":1,"xadvance":15,"page":0,"chnl":0,"letter":null},{"id":161,"x":303,"y":102,"width":9,"height":27,"xoffset":0,"yoffset":2,"xadvance":7,"page":0,"chnl":0,"letter":null},{"id":162,"x":492,"y":102,"width":13,"height":26,"xoffset":1,"yoffset":3,"xadvance":12,"page":0,"chnl":0,"letter":null},{"id":163,"x":158,"y":102,"width":14,"height":27,"xoffset":1,"yoffset":2,"xadvance":14,"page":0,"chnl":0,"letter":null},{"id":164,"x":146,"y":159,"width":21,"height":21,"xoffset":2,"yoffset":5,"xadvance":22,"page":0,"chnl":0,"letter":null},{"id":165,"x":2,"y":159,"width":18,"height":23,"xoffset":0,"yoffset":5,"xadvance":15,"page":0,"chnl":0,"letter":null},{"id":166,"x":332,"y":102,"width":7,"height":27,"xoffset":1,"yoffset":2,"xadvance":7,"page":0,"chnl":0,"letter":null},{"id":167,"x":108,"y":102,"width":15,"height":27,"xoffset":1,"yoffset":3,"xadvance":14,"page":0,"chnl":0,"letter":null},{"id":168,"x":394,"y":184,"width":11,"height":7,"xoffset":1,"yoffset":-1,"xadvance":10,"page":0,"chnl":0,"letter":null},{"id":169,"x":138,"y":39,"width":23,"height":28,"xoffset":1,"yoffset":2,"xadvance":22,"page":0,"chnl":0,"letter":null},{"id":170,"x":215,"y":184,"width":11,"height":14,"xoffset":1,"yoffset":2,"xadvance":10,"page":0,"chnl":0,"letter":null},{"id":171,"x":98,"y":184,"width":15,"height":16,"xoffset":1,"yoffset":9,"xadvance":13,"page":0,"chnl":0,"letter":null},{"id":172,"x":260,"y":184,"width":22,"height":12,"xoffset":4,"yoffset":12,"xadvance":27,"page":0,"chnl":0,"letter":null},{"id":173,"x":419,"y":184,"width":10,"height":7,"xoffset":1,"yoffset":14,"xadvance":9,"page":0,"chnl":0,"letter":null},{"id":174,"x":57,"y":184,"width":14,"height":17,"xoffset":1,"yoffset":1,"xadvance":13,"page":0,"chnl":0,"letter":null},{"id":175,"x":477,"y":184,"width":9,"height":5,"xoffset":0,"yoffset":-1,"xadvance":7,"page":0,"chnl":0,"letter":null},{"id":176,"x":313,"y":184,"width":12,"height":12,"xoffset":1,"yoffset":2,"xadvance":10,"page":0,"chnl":0,"letter":null},{"id":177,"x":47,"y":159,"width":22,"height":22,"xoffset":4,"yoffset":7,"xadvance":27,"page":0,"chnl":0,"letter":null},{"id":178,"x":86,"y":184,"width":10,"height":17,"xoffset":1,"yoffset":2,"xadvance":9,"page":0,"chnl":0,"letter":null},{"id":179,"x":73,"y":184,"width":11,"height":17,"xoffset":0,"yoffset":2,"xadvance":10,"page":0,"chnl":0,"letter":null},{"id":180,"x":442,"y":184,"width":9,"height":7,"xoffset":1,"yoffset":-1,"xadvance":8,"page":0,"chnl":0,"letter":null},{"id":181,"x":468,"y":73,"width":17,"height":27,"xoffset":3,"yoffset":9,"xadvance":21,"page":0,"chnl":0,"letter":null},{"id":182,"x":363,"y":39,"width":17,"height":28,"xoffset":1,"yoffset":2,"xadvance":16,"page":0,"chnl":0,"letter":null},{"id":183,"x":383,"y":184,"width":9,"height":8,"xoffset":1,"yoffset":13,"xadvance":8,"page":0,"chnl":0,"letter":null},{"id":184,"x":347,"y":184,"width":8,"height":9,"xoffset":0,"yoffset":27,"xadvance":6,"page":0,"chnl":0,"letter":null},{"id":185,"x":132,"y":184,"width":8,"height":16,"xoffset":1,"yoffset":3,"xadvance":7,"page":0,"chnl":0,"letter":null},{"id":186,"x":201,"y":184,"width":12,"height":14,"xoffset":1,"yoffset":3,"xadvance":11,"page":0,"chnl":0,"letter":null},{"id":187,"x":115,"y":184,"width":15,"height":16,"xoffset":1,"yoffset":9,"xadvance":13,"page":0,"chnl":0,"letter":null},{"id":188,"x":90,"y":73,"width":23,"height":27,"xoffset":1,"yoffset":2,"xadvance":21,"page":0,"chnl":0,"letter":null},{"id":189,"x":115,"y":73,"width":23,"height":27,"xoffset":1,"yoffset":2,"xadvance":21,"page":0,"chnl":0,"letter":null},{"id":190,"x":62,"y":73,"width":26,"height":27,"xoffset":0,"yoffset":2,"xadvance":24,"page":0,"chnl":0,"letter":null},{"id":191,"x":468,"y":39,"width":14,"height":28,"xoffset":1,"yoffset":2,"xadvance":13,"page":0,"chnl":0,"letter":null},{"id":192,"x":62,"y":2,"width":18,"height":33,"xoffset":0,"yoffset":-3,"xadvance":16,"page":0,"chnl":0,"letter":null},{"id":193,"x":82,"y":2,"width":18,"height":33,"xoffset":0,"yoffset":-3,"xadvance":16,"page":0,"chnl":0,"letter":null},{"id":194,"x":332,"y":2,"width":18,"height":32,"xoffset":0,"yoffset":-2,"xadvance":16,"page":0,"chnl":0,"letter":null},{"id":195,"x":352,"y":2,"width":18,"height":32,"xoffset":0,"yoffset":-2,"xadvance":16,"page":0,"chnl":0,"letter":null},{"id":196,"x":102,"y":2,"width":18,"height":33,"xoffset":0,"yoffset":-3,"xadvance":16,"page":0,"chnl":0,"letter":null},{"id":197,"x":24,"y":2,"width":18,"height":35,"xoffset":0,"yoffset":-5,"xadvance":16,"page":0,"chnl":0,"letter":null},{"id":198,"x":140,"y":73,"width":23,"height":27,"xoffset":0,"yoffset":2,"xadvance":22,"page":0,"chnl":0,"letter":null},{"id":199,"x":44,"y":2,"width":16,"height":34,"xoffset":1,"yoffset":2,"xadvance":14,"page":0,"chnl":0,"letter":null},{"id":200,"x":426,"y":2,"width":13,"height":32,"xoffset":1,"yoffset":-3,"xadvance":13,"page":0,"chnl":0,"letter":null},{"id":201,"x":441,"y":2,"width":13,"height":32,"xoffset":1,"yoffset":-3,"xadvance":13,"page":0,"chnl":0,"letter":null},{"id":202,"x":456,"y":2,"width":13,"height":32,"xoffset":1,"yoffset":-3,"xadvance":13,"page":0,"chnl":0,"letter":null},{"id":203,"x":471,"y":2,"width":13,"height":32,"xoffset":1,"yoffset":-3,"xadvance":13,"page":0,"chnl":0,"letter":null},{"id":204,"x":2,"y":39,"width":9,"height":32,"xoffset":-1,"yoffset":-3,"xadvance":7,"page":0,"chnl":0,"letter":null},{"id":205,"x":13,"y":39,"width":9,"height":32,"xoffset":1,"yoffset":-3,"xadvance":7,"page":0,"chnl":0,"letter":null},{"id":206,"x":499,"y":2,"width":10,"height":32,"xoffset":0,"yoffset":-3,"xadvance":7,"page":0,"chnl":0,"letter":null},{"id":207,"x":486,"y":2,"width":11,"height":32,"xoffset":-1,"yoffset":-3,"xadvance":7,"page":0,"chnl":0,"letter":null},{"id":208,"x":333,"y":73,"width":18,"height":27,"xoffset":0,"yoffset":3,"xadvance":16,"page":0,"chnl":0,"letter":null},{"id":209,"x":372,"y":2,"width":18,"height":32,"xoffset":1,"yoffset":-3,"xadvance":18,"page":0,"chnl":0,"letter":null},{"id":210,"x":122,"y":2,"width":18,"height":33,"xoffset":1,"yoffset":-3,"xadvance":17,"page":0,"chnl":0,"letter":null},{"id":211,"x":142,"y":2,"width":18,"height":33,"xoffset":1,"yoffset":-3,"xadvance":17,"page":0,"chnl":0,"letter":null},{"id":212,"x":162,"y":2,"width":18,"height":33,"xoffset":1,"yoffset":-3,"xadvance":17,"page":0,"chnl":0,"letter":null},{"id":213,"x":182,"y":2,"width":18,"height":33,"xoffset":1,"yoffset":-3,"xadvance":17,"page":0,"chnl":0,"letter":null},{"id":214,"x":202,"y":2,"width":18,"height":33,"xoffset":1,"yoffset":-3,"xadvance":17,"page":0,"chnl":0,"letter":null},{"id":215,"x":170,"y":184,"width":14,"height":14,"xoffset":1,"yoffset":10,"xadvance":13,"page":0,"chnl":0,"letter":null},{"id":216,"x":267,"y":39,"width":18,"height":28,"xoffset":1,"yoffset":2,"xadvance":17,"page":0,"chnl":0,"letter":null},{"id":217,"x":222,"y":2,"width":17,"height":33,"xoffset":1,"yoffset":-3,"xadvance":16,"page":0,"chnl":0,"letter":null},{"id":218,"x":241,"y":2,"width":17,"height":33,"xoffset":1,"yoffset":-3,"xadvance":16,"page":0,"chnl":0,"letter":null},{"id":219,"x":260,"y":2,"width":17,"height":33,"xoffset":1,"yoffset":-3,"xadvance":16,"page":0,"chnl":0,"letter":null},{"id":220,"x":279,"y":2,"width":17,"height":33,"xoffset":1,"yoffset":-3,"xadvance":16,"page":0,"chnl":0,"letter":null},{"id":221,"x":311,"y":2,"width":19,"height":32,"xoffset":0,"yoffset":-3,"xadvance":16,"page":0,"chnl":0,"letter":null},{"id":222,"x":38,"y":102,"width":16,"height":27,"xoffset":1,"yoffset":2,"xadvance":15,"page":0,"chnl":0,"letter":null},{"id":223,"x":353,"y":73,"width":18,"height":27,"xoffset":1,"yoffset":3,"xadvance":16,"page":0,"chnl":0,"letter":null},{"id":224,"x":146,"y":131,"width":15,"height":25,"xoffset":1,"yoffset":5,"xadvance":13,"page":0,"chnl":0,"letter":null},{"id":225,"x":163,"y":131,"width":15,"height":25,"xoffset":1,"yoffset":5,"xadvance":13,"page":0,"chnl":0,"letter":null},{"id":226,"x":312,"y":131,"width":15,"height":24,"xoffset":1,"yoffset":6,"xadvance":13,"page":0,"chnl":0,"letter":null},{"id":227,"x":329,"y":131,"width":15,"height":24,"xoffset":1,"yoffset":6,"xadvance":13,"page":0,"chnl":0,"letter":null},{"id":228,"x":346,"y":131,"width":15,"height":24,"xoffset":1,"yoffset":6,"xadvance":13,"page":0,"chnl":0,"letter":null},{"id":229,"x":125,"y":102,"width":15,"height":27,"xoffset":1,"yoffset":3,"xadvance":13,"page":0,"chnl":0,"letter":null},{"id":230,"x":300,"y":159,"width":23,"height":19,"xoffset":1,"yoffset":11,"xadvance":21,"page":0,"chnl":0,"letter":null},{"id":231,"x":261,"y":131,"width":13,"height":25,"xoffset":1,"yoffset":11,"xadvance":11,"page":0,"chnl":0,"letter":null},{"id":232,"x":180,"y":131,"width":15,"height":25,"xoffset":1,"yoffset":5,"xadvance":14,"page":0,"chnl":0,"letter":null},{"id":233,"x":197,"y":131,"width":15,"height":25,"xoffset":1,"yoffset":5,"xadvance":14,"page":0,"chnl":0,"letter":null},{"id":234,"x":363,"y":131,"width":15,"height":24,"xoffset":1,"yoffset":6,"xadvance":14,"page":0,"chnl":0,"letter":null},{"id":235,"x":380,"y":131,"width":15,"height":24,"xoffset":1,"yoffset":6,"xadvance":14,"page":0,"chnl":0,"letter":null},{"id":236,"x":490,"y":131,"width":9,"height":24,"xoffset":-1,"yoffset":5,"xadvance":6,"page":0,"chnl":0,"letter":null},{"id":237,"x":501,"y":131,"width":9,"height":24,"xoffset":1,"yoffset":5,"xadvance":6,"page":0,"chnl":0,"letter":null},{"id":238,"x":478,"y":131,"width":10,"height":24,"xoffset":0,"yoffset":5,"xadvance":6,"page":0,"chnl":0,"letter":null},{"id":239,"x":465,"y":131,"width":11,"height":24,"xoffset":-1,"yoffset":5,"xadvance":6,"page":0,"chnl":0,"letter":null},{"id":240,"x":56,"y":102,"width":16,"height":27,"xoffset":1,"yoffset":3,"xadvance":15,"page":0,"chnl":0,"letter":null},{"id":241,"x":397,"y":131,"width":15,"height":24,"xoffset":1,"yoffset":5,"xadvance":14,"page":0,"chnl":0,"letter":null},{"id":242,"x":75,"y":131,"width":16,"height":25,"xoffset":1,"yoffset":5,"xadvance":14,"page":0,"chnl":0,"letter":null},{"id":243,"x":93,"y":131,"width":16,"height":25,"xoffset":1,"yoffset":5,"xadvance":14,"page":0,"chnl":0,"letter":null},{"id":244,"x":111,"y":131,"width":16,"height":25,"xoffset":1,"yoffset":5,"xadvance":14,"page":0,"chnl":0,"letter":null},{"id":245,"x":276,"y":131,"width":16,"height":24,"xoffset":1,"yoffset":6,"xadvance":14,"page":0,"chnl":0,"letter":null},{"id":246,"x":294,"y":131,"width":16,"height":24,"xoffset":1,"yoffset":6,"xadvance":14,"page":0,"chnl":0,"letter":null},{"id":247,"x":71,"y":159,"width":22,"height":22,"xoffset":4,"yoffset":7,"xadvance":27,"page":0,"chnl":0,"letter":null},{"id":248,"x":495,"y":159,"width":15,"height":19,"xoffset":1,"yoffset":11,"xadvance":14,"page":0,"chnl":0,"letter":null},{"id":249,"x":214,"y":131,"width":15,"height":25,"xoffset":1,"yoffset":5,"xadvance":14,"page":0,"chnl":0,"letter":null},{"id":250,"x":414,"y":131,"width":15,"height":24,"xoffset":1,"yoffset":6,"xadvance":14,"page":0,"chnl":0,"letter":null},{"id":251,"x":431,"y":131,"width":15,"height":24,"xoffset":1,"yoffset":6,"xadvance":14,"page":0,"chnl":0,"letter":null},{"id":252,"x":448,"y":131,"width":15,"height":24,"xoffset":1,"yoffset":6,"xadvance":14,"page":0,"chnl":0,"letter":null},{"id":253,"x":392,"y":2,"width":15,"height":32,"xoffset":1,"yoffset":5,"xadvance":14,"page":0,"chnl":0,"letter":null},{"id":254,"x":409,"y":2,"width":15,"height":32,"xoffset":1,"yoffset":4,"xadvance":14,"page":0,"chnl":0,"letter":null},{"id":263,"x":246,"y":131,"width":13,"height":25,"xoffset":1,"yoffset":5,"xadvance":11,"page":0,"chnl":0,"letter":null},{"id":281,"x":341,"y":102,"width":15,"height":26,"xoffset":1,"yoffset":10,"xadvance":14,"page":0,"chnl":0,"letter":null},{"id":347,"x":231,"y":131,"width":13,"height":25,"xoffset":0,"yoffset":5,"xadvance":11,"page":0,"chnl":0,"letter":null},{"id":1074,"x":248,"y":159,"width":15,"height":21,"xoffset":3,"yoffset":8,"xadvance":18,"page":0,"chnl":0,"letter":null},{"id":1076,"x":50,"y":131,"width":23,"height":25,"xoffset":1,"yoffset":8,"xadvance":23,"page":0,"chnl":0,"letter":null},{"id":1078,"x":95,"y":159,"width":26,"height":21,"xoffset":1,"yoffset":8,"xadvance":25,"page":0,"chnl":0,"letter":null},{"id":1081,"x":68,"y":39,"width":17,"height":29,"xoffset":3,"yoffset":0,"xadvance":21,"page":0,"chnl":0,"letter":null},{"id":1082,"x":191,"y":159,"width":17,"height":21,"xoffset":3,"yoffset":8,"xadvance":19,"page":0,"chnl":0,"letter":null},{"id":1085,"x":229,"y":159,"width":17,"height":21,"xoffset":3,"yoffset":8,"xadvance":21,"page":0,"chnl":0,"letter":null},{"id":1086,"x":169,"y":159,"width":20,"height":21,"xoffset":2,"yoffset":8,"xadvance":21,"page":0,"chnl":0,"letter":null},{"id":1087,"x":210,"y":159,"width":17,"height":21,"xoffset":3,"yoffset":8,"xadvance":21,"page":0,"chnl":0,"letter":null},{"id":1088,"x":189,"y":73,"width":19,"height":27,"xoffset":3,"yoffset":9,"xadvance":21,"page":0,"chnl":0,"letter":null},{"id":1099,"x":123,"y":159,"width":21,"height":21,"xoffset":3,"yoffset":8,"xadvance":25,"page":0,"chnl":0,"letter":null}],"kernings":[],"common":{"lineHeight":35,"base":26,"scaleW":512,"scaleH":256,"pages":1,"packed":0},"info":{"face":"ed34_red","size":34,"bold":0,"italic":0,"unicode":0,"stretchH":100,"smooth":1,"aa":1,"padding":[0,0,0,0],"spacing":[2,2],"charset":""}}