{"pages":["ed34.png"],"chars":[{"id":32,"x":71,"y":71,"width":0,"height":0,"xoffset":0,"yoffset":27,"xadvance":6,"page":0,"chnl":0,"letter":null},{"id":43,"x":2,"y":71,"width":18,"height":19,"xoffset":1,"yoffset":3,"xadvance":12,"page":0,"chnl":0,"letter":null},{"id":44,"x":22,"y":71,"width":14,"height":17,"xoffset":1,"yoffset":15,"xadvance":8,"page":0,"chnl":0,"letter":null},{"id":45,"x":54,"y":71,"width":15,"height":12,"xoffset":1,"yoffset":7,"xadvance":9,"page":0,"chnl":0,"letter":null},{"id":46,"x":38,"y":71,"width":14,"height":13,"xoffset":1,"yoffset":15,"xadvance":8,"page":0,"chnl":0,"letter":null},{"id":48,"x":2,"y":2,"width":24,"height":33,"xoffset":1,"yoffset":-5,"xadvance":18,"page":0,"chnl":0,"letter":0},{"id":49,"x":95,"y":37,"width":15,"height":32,"xoffset":0,"yoffset":-5,"xadvance":8,"page":0,"chnl":0,"letter":1},{"id":50,"x":73,"y":37,"width":20,"height":32,"xoffset":1,"yoffset":-5,"xadvance":14,"page":0,"chnl":0,"letter":2},{"id":51,"x":53,"y":2,"width":22,"height":33,"xoffset":0,"yoffset":-5,"xadvance":15,"page":0,"chnl":0,"letter":3},{"id":52,"x":2,"y":37,"width":22,"height":32,"xoffset":0,"yoffset":-5,"xadvance":16,"page":0,"chnl":0,"letter":4},{"id":53,"x":26,"y":37,"width":22,"height":32,"xoffset":0,"yoffset":-4,"xadvance":15,"page":0,"chnl":0,"letter":5},{"id":54,"x":77,"y":2,"width":22,"height":33,"xoffset":1,"yoffset":-5,"xadvance":16,"page":0,"chnl":0,"letter":6},{"id":55,"x":50,"y":37,"width":21,"height":32,"xoffset":0,"yoffset":-4,"xadvance":14,"page":0,"chnl":0,"letter":7},{"id":56,"x":28,"y":2,"width":23,"height":33,"xoffset":1,"yoffset":-5,"xadvance":16,"page":0,"chnl":0,"letter":8},{"id":57,"x":101,"y":2,"width":22,"height":33,"xoffset":1,"yoffset":-5,"xadvance":16,"page":0,"chnl":0,"letter":9}],"kernings":[],"common":{"lineHeight":33,"base":26,"scaleW":128,"scaleH":128,"pages":1,"packed":0},"info":{"face":"ed34","size":34,"bold":0,"italic":0,"unicode":0,"stretchH":100,"smooth":1,"aa":1,"padding":[0,0,0,0],"spacing":[2,2],"charset":""}}