{"pages":["ed60.png"],"chars":[{"id":32,"x":248,"y":60,"width":0,"height":0,"xoffset":0,"yoffset":46,"xadvance":10,"page":0,"chnl":0,"letter":null},{"id":43,"x":139,"y":60,"width":30,"height":31,"xoffset":1,"yoffset":7,"xadvance":21,"page":0,"chnl":0,"letter":null},{"id":44,"x":171,"y":60,"width":23,"height":29,"xoffset":1,"yoffset":26,"xadvance":14,"page":0,"chnl":0,"letter":null},{"id":45,"x":221,"y":60,"width":25,"height":19,"xoffset":1,"yoffset":12,"xadvance":16,"page":0,"chnl":0,"letter":null},{"id":46,"x":196,"y":60,"width":23,"height":22,"xoffset":1,"yoffset":25,"xadvance":14,"page":0,"chnl":0,"letter":null},{"id":48,"x":2,"y":2,"width":41,"height":56,"xoffset":1,"yoffset":-8,"xadvance":32,"page":0,"chnl":0,"letter":0},{"id":49,"x":113,"y":60,"width":24,"height":54,"xoffset":0,"yoffset":-7,"xadvance":14,"page":0,"chnl":0,"letter":1},{"id":50,"x":77,"y":60,"width":34,"height":55,"xoffset":1,"yoffset":-8,"xadvance":24,"page":0,"chnl":0,"letter":2},{"id":51,"x":165,"y":2,"width":36,"height":56,"xoffset":0,"yoffset":-8,"xadvance":26,"page":0,"chnl":0,"letter":3},{"id":52,"x":203,"y":2,"width":38,"height":55,"xoffset":0,"yoffset":-8,"xadvance":27,"page":0,"chnl":0,"letter":4},{"id":53,"x":2,"y":60,"width":36,"height":55,"xoffset":0,"yoffset":-8,"xadvance":26,"page":0,"chnl":0,"letter":5},{"id":54,"x":45,"y":2,"width":38,"height":56,"xoffset":2,"yoffset":-8,"xadvance":29,"page":0,"chnl":0,"letter":6},{"id":55,"x":40,"y":60,"width":35,"height":55,"xoffset":1,"yoffset":-8,"xadvance":25,"page":0,"chnl":0,"letter":7},{"id":56,"x":85,"y":2,"width":38,"height":56,"xoffset":1,"yoffset":-8,"xadvance":29,"page":0,"chnl":0,"letter":8},{"id":57,"x":125,"y":2,"width":38,"height":56,"xoffset":1,"yoffset":-8,"xadvance":29,"page":0,"chnl":0,"letter":9}],"kernings":[],"common":{"lineHeight":56,"base":45,"scaleW":256,"scaleH":128,"pages":1,"packed":0},"info":{"face":"ed60","size":60,"bold":0,"italic":0,"unicode":0,"stretchH":100,"smooth":1,"aa":1,"padding":[0,0,0,0],"spacing":[2,2],"charset":""}}