{"frames": {

"Jerry_jump2.png":
{
	"frame": {"x":1974,"y":2,"w":70,"h":82},
	"rotated": false,
	"trimmed": true,
	"spriteSourceSize": {"x":16,"y":14,"w":70,"h":82},
	"sourceSize": {"w":105,"h":100}
},
"jerry_jump0001.png":
{
	"frame": {"x":1968,"y":86,"w":78,"h":100},
	"rotated": false,
	"trimmed": true,
	"spriteSourceSize": {"x":20,"y":0,"w":78,"h":100},
	"sourceSize": {"w":105,"h":100}
},
"jerry_jump0002.png":
{
	"frame": {"x":1946,"y":582,"w":78,"h":96},
	"rotated": false,
	"trimmed": true,
	"spriteSourceSize": {"x":20,"y":2,"w":78,"h":96},
	"sourceSize": {"w":105,"h":100}
},
"jerry_jump0003.png":
{
	"frame": {"x":1862,"y":634,"w":78,"h":94},
	"rotated": false,
	"trimmed": true,
	"spriteSourceSize": {"x":20,"y":2,"w":78,"h":94},
	"sourceSize": {"w":105,"h":100}
},
"jerry_jump0004.png":
{
	"frame": {"x":1862,"y":542,"w":82,"h":90},
	"rotated": false,
	"trimmed": true,
	"spriteSourceSize": {"x":16,"y":4,"w":82,"h":90},
	"sourceSize": {"w":105,"h":100}
},
"jerry_jump0005.png":
{
	"frame": {"x":1958,"y":310,"w":86,"h":84},
	"rotated": false,
	"trimmed": true,
	"spriteSourceSize": {"x":12,"y":6,"w":86,"h":84},
	"sourceSize": {"w":105,"h":100}
},
"jerry_run.png":
{
	"frame": {"x":1946,"y":490,"w":82,"h":90},
	"rotated": false,
	"trimmed": true,
	"spriteSourceSize": {"x":0,"y":0,"w":82,"h":90},
	"sourceSize": {"w":81,"h":91}
},
"jerry_run0001.png":
{
	"frame": {"x":1962,"y":216,"w":84,"h":92},
	"rotated": false,
	"trimmed": true,
	"spriteSourceSize": {"x":0,"y":4,"w":84,"h":92},
	"sourceSize": {"w":105,"h":100}
},
"jerry_run0002.png":
{
	"frame": {"x":1868,"y":222,"w":90,"h":84},
	"rotated": false,
	"trimmed": true,
	"spriteSourceSize": {"x":2,"y":4,"w":90,"h":84},
	"sourceSize": {"w":105,"h":100}
},
"jerry_run0003.png":
{
	"frame": {"x":1868,"y":352,"w":82,"h":94},
	"rotated": false,
	"trimmed": true,
	"spriteSourceSize": {"x":2,"y":4,"w":82,"h":94},
	"sourceSize": {"w":105,"h":100}
},
"jerry_run0004.png":
{
	"frame": {"x":1862,"y":448,"w":82,"h":92},
	"rotated": false,
	"trimmed": true,
	"spriteSourceSize": {"x":2,"y":4,"w":82,"h":92},
	"sourceSize": {"w":105,"h":100}
},
"jerry_run0005.png":
{
	"frame": {"x":1868,"y":2,"w":104,"h":80},
	"rotated": false,
	"trimmed": true,
	"spriteSourceSize": {"x":0,"y":4,"w":104,"h":80},
	"sourceSize": {"w":105,"h":100}
},
"jerry_run0006.png":
{
	"frame": {"x":1952,"y":396,"w":82,"h":92},
	"rotated": false,
	"trimmed": true,
	"spriteSourceSize": {"x":2,"y":4,"w":82,"h":92},
	"sourceSize": {"w":105,"h":100}
},
"landsmoke0001.png":
{
	"frame": {"x":1942,"y":702,"w":38,"h":8},
	"rotated": false,
	"trimmed": true,
	"spriteSourceSize": {"x":36,"y":86,"w":38,"h":8},
	"sourceSize": {"w":105,"h":100}
},
"landsmoke0002.png":
{
	"frame": {"x":1942,"y":680,"w":70,"h":20},
	"rotated": false,
	"trimmed": true,
	"spriteSourceSize": {"x":26,"y":76,"w":70,"h":20},
	"sourceSize": {"w":105,"h":100}
},
"landsmoke0003.png":
{
	"frame": {"x":1966,"y":188,"w":80,"h":26},
	"rotated": false,
	"trimmed": true,
	"spriteSourceSize": {"x":18,"y":72,"w":80,"h":26},
	"sourceSize": {"w":105,"h":100}
},
"landsmoke0004.png":
{
	"frame": {"x":1868,"y":84,"w":98,"h":44},
	"rotated": false,
	"trimmed": true,
	"spriteSourceSize": {"x":4,"y":54,"w":98,"h":44},
	"sourceSize": {"w":105,"h":100}
},
"landsmoke0005.png":
{
	"frame": {"x":1868,"y":130,"w":96,"h":34},
	"rotated": false,
	"trimmed": true,
	"spriteSourceSize": {"x":2,"y":50,"w":96,"h":34},
	"sourceSize": {"w":105,"h":100}
},
"landsmoke0006.png":
{
	"frame": {"x":1868,"y":166,"w":96,"h":28},
	"rotated": false,
	"trimmed": true,
	"spriteSourceSize": {"x":0,"y":46,"w":96,"h":28},
	"sourceSize": {"w":105,"h":100}
},
"landsmoke0007.png":
{
	"frame": {"x":1868,"y":196,"w":92,"h":24},
	"rotated": false,
	"trimmed": true,
	"spriteSourceSize": {"x":2,"y":44,"w":92,"h":24},
	"sourceSize": {"w":105,"h":100}
},
"landsmoke0008.png":
{
	"frame": {"x":1868,"y":308,"w":88,"h":22},
	"rotated": false,
	"trimmed": true,
	"spriteSourceSize": {"x":4,"y":40,"w":88,"h":22},
	"sourceSize": {"w":105,"h":100}
},
"landsmoke0009.png":
{
	"frame": {"x":1868,"y":332,"w":86,"h":18},
	"rotated": false,
	"trimmed": true,
	"spriteSourceSize": {"x":6,"y":38,"w":86,"h":18},
	"sourceSize": {"w":105,"h":100}
},
"landsmoke0010.png":
{
	"frame": {"x":1078,"y":240,"w":2,"h":2},
	"rotated": false,
	"trimmed": true,
	"spriteSourceSize": {"x":0,"y":0,"w":2,"h":2},
	"sourceSize": {"w":105,"h":100}
},
"tom_head_blink0001.png":
{
	"frame": {"x":1576,"y":1180,"w":244,"h":148},
	"rotated": false,
	"trimmed": true,
	"spriteSourceSize": {"x":248,"y":106,"w":244,"h":148},
	"sourceSize": {"w":605,"h":350}
},
"tom_head_blink0002.png":
{
	"frame": {"x":1614,"y":590,"w":246,"h":144},
	"rotated": false,
	"trimmed": true,
	"spriteSourceSize": {"x":246,"y":110,"w":246,"h":144},
	"sourceSize": {"w":605,"h":350}
},
"tom_head_blink0003.png":
{
	"frame": {"x":1604,"y":736,"w":246,"h":142},
	"rotated": false,
	"trimmed": true,
	"spriteSourceSize": {"x":246,"y":114,"w":246,"h":142},
	"sourceSize": {"w":605,"h":350}
},
"tom_head_blink0004.png":
{
	"frame": {"x":1620,"y":150,"w":246,"h":146},
	"rotated": false,
	"trimmed": true,
	"spriteSourceSize": {"x":246,"y":112,"w":246,"h":146},
	"sourceSize": {"w":605,"h":350}
},
"tom_head_blink0005.png":
{
	"frame": {"x":1620,"y":2,"w":246,"h":146},
	"rotated": false,
	"trimmed": true,
	"spriteSourceSize": {"x":246,"y":110,"w":246,"h":146},
	"sourceSize": {"w":605,"h":350}
},
"tom_head_blink0006.png":
{
	"frame": {"x":1584,"y":1030,"w":244,"h":148},
	"rotated": false,
	"trimmed": true,
	"spriteSourceSize": {"x":248,"y":108,"w":244,"h":148},
	"sourceSize": {"w":605,"h":350}
},
"tom_head_blink0007.png":
{
	"frame": {"x":1576,"y":1180,"w":244,"h":148},
	"rotated": false,
	"trimmed": true,
	"spriteSourceSize": {"x":248,"y":106,"w":244,"h":148},
	"sourceSize": {"w":605,"h":350}
},
"tom_head_blink0008.png":
{
	"frame": {"x":1614,"y":590,"w":246,"h":144},
	"rotated": false,
	"trimmed": true,
	"spriteSourceSize": {"x":246,"y":110,"w":246,"h":144},
	"sourceSize": {"w":605,"h":350}
},
"tom_head_blink0009.png":
{
	"frame": {"x":1604,"y":736,"w":246,"h":142},
	"rotated": false,
	"trimmed": true,
	"spriteSourceSize": {"x":246,"y":114,"w":246,"h":142},
	"sourceSize": {"w":605,"h":350}
},
"tom_head_blink0010.png":
{
	"frame": {"x":1620,"y":150,"w":246,"h":146},
	"rotated": false,
	"trimmed": true,
	"spriteSourceSize": {"x":246,"y":112,"w":246,"h":146},
	"sourceSize": {"w":605,"h":350}
},
"tom_head_blink0011.png":
{
	"frame": {"x":1620,"y":2,"w":246,"h":146},
	"rotated": false,
	"trimmed": true,
	"spriteSourceSize": {"x":246,"y":110,"w":246,"h":146},
	"sourceSize": {"w":605,"h":350}
},
"tom_head_blink0012.png":
{
	"frame": {"x":1584,"y":880,"w":244,"h":148},
	"rotated": false,
	"trimmed": true,
	"spriteSourceSize": {"x":248,"y":108,"w":244,"h":148},
	"sourceSize": {"w":605,"h":350}
},
"tom_head_blink0013.png":
{
	"frame": {"x":1576,"y":1180,"w":244,"h":148},
	"rotated": false,
	"trimmed": true,
	"spriteSourceSize": {"x":248,"y":106,"w":244,"h":148},
	"sourceSize": {"w":605,"h":350}
},
"tom_head_blink0014.png":
{
	"frame": {"x":1614,"y":590,"w":246,"h":144},
	"rotated": false,
	"trimmed": true,
	"spriteSourceSize": {"x":246,"y":110,"w":246,"h":144},
	"sourceSize": {"w":605,"h":350}
},
"tom_head_blink0015.png":
{
	"frame": {"x":1604,"y":736,"w":246,"h":142},
	"rotated": false,
	"trimmed": true,
	"spriteSourceSize": {"x":246,"y":114,"w":246,"h":142},
	"sourceSize": {"w":605,"h":350}
},
"tom_head_blink0016.png":
{
	"frame": {"x":1620,"y":150,"w":246,"h":146},
	"rotated": false,
	"trimmed": true,
	"spriteSourceSize": {"x":246,"y":112,"w":246,"h":146},
	"sourceSize": {"w":605,"h":350}
},
"tom_head_blink0017.png":
{
	"frame": {"x":1620,"y":2,"w":246,"h":146},
	"rotated": false,
	"trimmed": true,
	"spriteSourceSize": {"x":246,"y":110,"w":246,"h":146},
	"sourceSize": {"w":605,"h":350}
},
"tom_head_blink0018.png":
{
	"frame": {"x":1584,"y":1030,"w":244,"h":148},
	"rotated": false,
	"trimmed": true,
	"spriteSourceSize": {"x":248,"y":108,"w":244,"h":148},
	"sourceSize": {"w":605,"h":350}
},
"tom_head_blink0019.png":
{
	"frame": {"x":1576,"y":1180,"w":244,"h":148},
	"rotated": false,
	"trimmed": true,
	"spriteSourceSize": {"x":248,"y":106,"w":244,"h":148},
	"sourceSize": {"w":605,"h":350}
},
"tom_head_blink0020.png":
{
	"frame": {"x":1614,"y":590,"w":246,"h":144},
	"rotated": false,
	"trimmed": true,
	"spriteSourceSize": {"x":246,"y":110,"w":246,"h":144},
	"sourceSize": {"w":605,"h":350}
},
"tom_head_blink0021.png":
{
	"frame": {"x":1604,"y":736,"w":246,"h":142},
	"rotated": false,
	"trimmed": true,
	"spriteSourceSize": {"x":246,"y":114,"w":246,"h":142},
	"sourceSize": {"w":605,"h":350}
},
"tom_head_blink0022.png":
{
	"frame": {"x":1620,"y":150,"w":246,"h":146},
	"rotated": false,
	"trimmed": true,
	"spriteSourceSize": {"x":246,"y":112,"w":246,"h":146},
	"sourceSize": {"w":605,"h":350}
},
"tom_head_blink0023.png":
{
	"frame": {"x":1620,"y":2,"w":246,"h":146},
	"rotated": false,
	"trimmed": true,
	"spriteSourceSize": {"x":246,"y":110,"w":246,"h":146},
	"sourceSize": {"w":605,"h":350}
},
"tom_head_blink0024.png":
{
	"frame": {"x":1584,"y":880,"w":244,"h":148},
	"rotated": false,
	"trimmed": true,
	"spriteSourceSize": {"x":248,"y":108,"w":244,"h":148},
	"sourceSize": {"w":605,"h":350}
},
"tom_head_blink0025.png":
{
	"frame": {"x":1576,"y":1180,"w":244,"h":148},
	"rotated": false,
	"trimmed": true,
	"spriteSourceSize": {"x":248,"y":106,"w":244,"h":148},
	"sourceSize": {"w":605,"h":350}
},
"tom_head_blink0026.png":
{
	"frame": {"x":1614,"y":444,"w":246,"h":144},
	"rotated": false,
	"trimmed": true,
	"spriteSourceSize": {"x":246,"y":110,"w":246,"h":144},
	"sourceSize": {"w":605,"h":350}
},
"tom_head_blink0027.png":
{
	"frame": {"x":1620,"y":298,"w":246,"h":144},
	"rotated": false,
	"trimmed": true,
	"spriteSourceSize": {"x":246,"y":112,"w":246,"h":144},
	"sourceSize": {"w":605,"h":350}
},
"tom_head_blink0028.png":
{
	"frame": {"x":1620,"y":150,"w":246,"h":146},
	"rotated": false,
	"trimmed": true,
	"spriteSourceSize": {"x":246,"y":112,"w":246,"h":146},
	"sourceSize": {"w":605,"h":350}
},
"tom_head_blink0029.png":
{
	"frame": {"x":1620,"y":2,"w":246,"h":146},
	"rotated": false,
	"trimmed": true,
	"spriteSourceSize": {"x":246,"y":110,"w":246,"h":146},
	"sourceSize": {"w":605,"h":350}
},
"tom_head_blink0030.png":
{
	"frame": {"x":1584,"y":1030,"w":244,"h":148},
	"rotated": false,
	"trimmed": true,
	"spriteSourceSize": {"x":248,"y":108,"w":244,"h":148},
	"sourceSize": {"w":605,"h":350}
},
"tom_head_blink0031.png":
{
	"frame": {"x":1576,"y":1180,"w":244,"h":148},
	"rotated": false,
	"trimmed": true,
	"spriteSourceSize": {"x":248,"y":106,"w":244,"h":148},
	"sourceSize": {"w":605,"h":350}
},
"tom_head_blink0032.png":
{
	"frame": {"x":1614,"y":590,"w":246,"h":144},
	"rotated": false,
	"trimmed": true,
	"spriteSourceSize": {"x":246,"y":110,"w":246,"h":144},
	"sourceSize": {"w":605,"h":350}
},
"tom_head_blink0033.png":
{
	"frame": {"x":1604,"y":736,"w":246,"h":142},
	"rotated": false,
	"trimmed": true,
	"spriteSourceSize": {"x":246,"y":114,"w":246,"h":142},
	"sourceSize": {"w":605,"h":350}
},
"tom_head_blink0034.png":
{
	"frame": {"x":1620,"y":150,"w":246,"h":146},
	"rotated": false,
	"trimmed": true,
	"spriteSourceSize": {"x":246,"y":112,"w":246,"h":146},
	"sourceSize": {"w":605,"h":350}
},
"tom_head_blink0035.png":
{
	"frame": {"x":1620,"y":2,"w":246,"h":146},
	"rotated": false,
	"trimmed": true,
	"spriteSourceSize": {"x":246,"y":110,"w":246,"h":146},
	"sourceSize": {"w":605,"h":350}
},
"tom_head_blink0036.png":
{
	"frame": {"x":1584,"y":1030,"w":244,"h":148},
	"rotated": false,
	"trimmed": true,
	"spriteSourceSize": {"x":248,"y":108,"w":244,"h":148},
	"sourceSize": {"w":605,"h":350}
},
"tom_head_blink0037.png":
{
	"frame": {"x":1576,"y":1180,"w":244,"h":148},
	"rotated": false,
	"trimmed": true,
	"spriteSourceSize": {"x":248,"y":106,"w":244,"h":148},
	"sourceSize": {"w":605,"h":350}
},
"tom_head_blink0038.png":
{
	"frame": {"x":1614,"y":590,"w":246,"h":144},
	"rotated": false,
	"trimmed": true,
	"spriteSourceSize": {"x":246,"y":110,"w":246,"h":144},
	"sourceSize": {"w":605,"h":350}
},
"tom_head_blink0039.png":
{
	"frame": {"x":1604,"y":736,"w":246,"h":142},
	"rotated": false,
	"trimmed": true,
	"spriteSourceSize": {"x":246,"y":114,"w":246,"h":142},
	"sourceSize": {"w":605,"h":350}
},
"tom_head_blink0040.png":
{
	"frame": {"x":1620,"y":150,"w":246,"h":146},
	"rotated": false,
	"trimmed": true,
	"spriteSourceSize": {"x":246,"y":112,"w":246,"h":146},
	"sourceSize": {"w":605,"h":350}
},
"tom_head_blink0041.png":
{
	"frame": {"x":1620,"y":2,"w":246,"h":146},
	"rotated": false,
	"trimmed": true,
	"spriteSourceSize": {"x":246,"y":110,"w":246,"h":146},
	"sourceSize": {"w":605,"h":350}
},
"tom_head_blink0042.png":
{
	"frame": {"x":1584,"y":1030,"w":244,"h":148},
	"rotated": false,
	"trimmed": true,
	"spriteSourceSize": {"x":248,"y":108,"w":244,"h":148},
	"sourceSize": {"w":605,"h":350}
},
"tom_head_blink0043.png":
{
	"frame": {"x":1576,"y":1180,"w":244,"h":148},
	"rotated": false,
	"trimmed": true,
	"spriteSourceSize": {"x":248,"y":106,"w":244,"h":148},
	"sourceSize": {"w":605,"h":350}
},
"tom_head_blink0044.png":
{
	"frame": {"x":1614,"y":590,"w":246,"h":144},
	"rotated": false,
	"trimmed": true,
	"spriteSourceSize": {"x":246,"y":110,"w":246,"h":144},
	"sourceSize": {"w":605,"h":350}
},
"tom_head_blink0045.png":
{
	"frame": {"x":1604,"y":736,"w":246,"h":142},
	"rotated": false,
	"trimmed": true,
	"spriteSourceSize": {"x":246,"y":114,"w":246,"h":142},
	"sourceSize": {"w":605,"h":350}
},
"tom_head_blink0046.png":
{
	"frame": {"x":1620,"y":150,"w":246,"h":146},
	"rotated": false,
	"trimmed": true,
	"spriteSourceSize": {"x":246,"y":112,"w":246,"h":146},
	"sourceSize": {"w":605,"h":350}
},
"tom_head_blink0047.png":
{
	"frame": {"x":1620,"y":2,"w":246,"h":146},
	"rotated": false,
	"trimmed": true,
	"spriteSourceSize": {"x":246,"y":110,"w":246,"h":146},
	"sourceSize": {"w":605,"h":350}
},
"tom_head_blink0048.png":
{
	"frame": {"x":1584,"y":1030,"w":244,"h":148},
	"rotated": false,
	"trimmed": true,
	"spriteSourceSize": {"x":248,"y":108,"w":244,"h":148},
	"sourceSize": {"w":605,"h":350}
},
"tom_head_blink0049.png":
{
	"frame": {"x":1576,"y":1180,"w":244,"h":148},
	"rotated": false,
	"trimmed": true,
	"spriteSourceSize": {"x":248,"y":106,"w":244,"h":148},
	"sourceSize": {"w":605,"h":350}
},
"tom_head_blink0050.png":
{
	"frame": {"x":1614,"y":590,"w":246,"h":144},
	"rotated": false,
	"trimmed": true,
	"spriteSourceSize": {"x":246,"y":110,"w":246,"h":144},
	"sourceSize": {"w":605,"h":350}
},
"tom_head_blink0051.png":
{
	"frame": {"x":1604,"y":736,"w":246,"h":142},
	"rotated": false,
	"trimmed": true,
	"spriteSourceSize": {"x":246,"y":114,"w":246,"h":142},
	"sourceSize": {"w":605,"h":350}
},
"tom_head_blink0052.png":
{
	"frame": {"x":1620,"y":150,"w":246,"h":146},
	"rotated": false,
	"trimmed": true,
	"spriteSourceSize": {"x":246,"y":112,"w":246,"h":146},
	"sourceSize": {"w":605,"h":350}
},
"tom_head_blink0053.png":
{
	"frame": {"x":1620,"y":2,"w":246,"h":146},
	"rotated": false,
	"trimmed": true,
	"spriteSourceSize": {"x":246,"y":110,"w":246,"h":146},
	"sourceSize": {"w":605,"h":350}
},
"tom_head_blink0054.png":
{
	"frame": {"x":1584,"y":1030,"w":244,"h":148},
	"rotated": false,
	"trimmed": true,
	"spriteSourceSize": {"x":248,"y":108,"w":244,"h":148},
	"sourceSize": {"w":605,"h":350}
},
"tom_head_blink0055.png":
{
	"frame": {"x":1576,"y":1180,"w":244,"h":148},
	"rotated": false,
	"trimmed": true,
	"spriteSourceSize": {"x":248,"y":106,"w":244,"h":148},
	"sourceSize": {"w":605,"h":350}
},
"tom_head_blink0056.png":
{
	"frame": {"x":1614,"y":590,"w":246,"h":144},
	"rotated": false,
	"trimmed": true,
	"spriteSourceSize": {"x":246,"y":110,"w":246,"h":144},
	"sourceSize": {"w":605,"h":350}
},
"tom_head_blink0057.png":
{
	"frame": {"x":1604,"y":736,"w":246,"h":142},
	"rotated": false,
	"trimmed": true,
	"spriteSourceSize": {"x":246,"y":114,"w":246,"h":142},
	"sourceSize": {"w":605,"h":350}
},
"tom_head_blink0058.png":
{
	"frame": {"x":1620,"y":150,"w":246,"h":146},
	"rotated": false,
	"trimmed": true,
	"spriteSourceSize": {"x":246,"y":112,"w":246,"h":146},
	"sourceSize": {"w":605,"h":350}
},
"tom_head_blink0059.png":
{
	"frame": {"x":1620,"y":2,"w":246,"h":146},
	"rotated": false,
	"trimmed": true,
	"spriteSourceSize": {"x":246,"y":110,"w":246,"h":146},
	"sourceSize": {"w":605,"h":350}
},
"tom_head_blink0060.png":
{
	"frame": {"x":1584,"y":1030,"w":244,"h":148},
	"rotated": false,
	"trimmed": true,
	"spriteSourceSize": {"x":248,"y":108,"w":244,"h":148},
	"sourceSize": {"w":605,"h":350}
},
"tom_head_blink0061.png":
{
	"frame": {"x":1576,"y":1180,"w":244,"h":148},
	"rotated": false,
	"trimmed": true,
	"spriteSourceSize": {"x":248,"y":106,"w":244,"h":148},
	"sourceSize": {"w":605,"h":350}
},
"tom_head_blink0062.png":
{
	"frame": {"x":1614,"y":590,"w":246,"h":144},
	"rotated": false,
	"trimmed": true,
	"spriteSourceSize": {"x":246,"y":110,"w":246,"h":144},
	"sourceSize": {"w":605,"h":350}
},
"tom_head_blink0063.png":
{
	"frame": {"x":1604,"y":736,"w":246,"h":142},
	"rotated": false,
	"trimmed": true,
	"spriteSourceSize": {"x":246,"y":114,"w":246,"h":142},
	"sourceSize": {"w":605,"h":350}
},
"tom_head_blink0064.png":
{
	"frame": {"x":1620,"y":150,"w":246,"h":146},
	"rotated": false,
	"trimmed": true,
	"spriteSourceSize": {"x":246,"y":112,"w":246,"h":146},
	"sourceSize": {"w":605,"h":350}
},
"tom_head_blink0065.png":
{
	"frame": {"x":1620,"y":2,"w":246,"h":146},
	"rotated": false,
	"trimmed": true,
	"spriteSourceSize": {"x":246,"y":110,"w":246,"h":146},
	"sourceSize": {"w":605,"h":350}
},
"tom_head_blink0066.png":
{
	"frame": {"x":1584,"y":880,"w":244,"h":148},
	"rotated": false,
	"trimmed": true,
	"spriteSourceSize": {"x":248,"y":108,"w":244,"h":148},
	"sourceSize": {"w":605,"h":350}
},
"tom_head_blink0067.png":
{
	"frame": {"x":1576,"y":1180,"w":244,"h":148},
	"rotated": false,
	"trimmed": true,
	"spriteSourceSize": {"x":248,"y":106,"w":244,"h":148},
	"sourceSize": {"w":605,"h":350}
},
"tom_head_blink0068.png":
{
	"frame": {"x":1614,"y":590,"w":246,"h":144},
	"rotated": false,
	"trimmed": true,
	"spriteSourceSize": {"x":246,"y":110,"w":246,"h":144},
	"sourceSize": {"w":605,"h":350}
},
"tom_head_blink0069.png":
{
	"frame": {"x":1604,"y":736,"w":246,"h":142},
	"rotated": false,
	"trimmed": true,
	"spriteSourceSize": {"x":246,"y":114,"w":246,"h":142},
	"sourceSize": {"w":605,"h":350}
},
"tom_head_blink0070.png":
{
	"frame": {"x":1620,"y":150,"w":246,"h":146},
	"rotated": false,
	"trimmed": true,
	"spriteSourceSize": {"x":246,"y":112,"w":246,"h":146},
	"sourceSize": {"w":605,"h":350}
},
"tom_head_blink0071.png":
{
	"frame": {"x":1620,"y":2,"w":246,"h":146},
	"rotated": false,
	"trimmed": true,
	"spriteSourceSize": {"x":246,"y":110,"w":246,"h":146},
	"sourceSize": {"w":605,"h":350}
},
"tom_head_blink0072.png":
{
	"frame": {"x":1584,"y":1030,"w":244,"h":148},
	"rotated": false,
	"trimmed": true,
	"spriteSourceSize": {"x":248,"y":108,"w":244,"h":148},
	"sourceSize": {"w":605,"h":350}
},
"tom_head_blink0073.png":
{
	"frame": {"x":1576,"y":1180,"w":244,"h":148},
	"rotated": false,
	"trimmed": true,
	"spriteSourceSize": {"x":248,"y":106,"w":244,"h":148},
	"sourceSize": {"w":605,"h":350}
},
"tom_head_blink0074.png":
{
	"frame": {"x":1614,"y":590,"w":246,"h":144},
	"rotated": false,
	"trimmed": true,
	"spriteSourceSize": {"x":246,"y":110,"w":246,"h":144},
	"sourceSize": {"w":605,"h":350}
},
"tom_head_blink0075.png":
{
	"frame": {"x":1604,"y":736,"w":246,"h":142},
	"rotated": false,
	"trimmed": true,
	"spriteSourceSize": {"x":246,"y":114,"w":246,"h":142},
	"sourceSize": {"w":605,"h":350}
},
"tom_head_blink0076.png":
{
	"frame": {"x":1620,"y":150,"w":246,"h":146},
	"rotated": false,
	"trimmed": true,
	"spriteSourceSize": {"x":246,"y":112,"w":246,"h":146},
	"sourceSize": {"w":605,"h":350}
},
"tom_head_blink0077.png":
{
	"frame": {"x":1620,"y":2,"w":246,"h":146},
	"rotated": false,
	"trimmed": true,
	"spriteSourceSize": {"x":246,"y":110,"w":246,"h":146},
	"sourceSize": {"w":605,"h":350}
},
"tom_head_blink0078.png":
{
	"frame": {"x":1584,"y":1030,"w":244,"h":148},
	"rotated": false,
	"trimmed": true,
	"spriteSourceSize": {"x":248,"y":108,"w":244,"h":148},
	"sourceSize": {"w":605,"h":350}
},
"tom_head_blink0079.png":
{
	"frame": {"x":1576,"y":1180,"w":244,"h":148},
	"rotated": false,
	"trimmed": true,
	"spriteSourceSize": {"x":248,"y":106,"w":244,"h":148},
	"sourceSize": {"w":605,"h":350}
},
"tom_head_blink0080.png":
{
	"frame": {"x":1614,"y":590,"w":246,"h":144},
	"rotated": false,
	"trimmed": true,
	"spriteSourceSize": {"x":246,"y":110,"w":246,"h":144},
	"sourceSize": {"w":605,"h":350}
},
"tom_head_blink0081.png":
{
	"frame": {"x":1604,"y":736,"w":246,"h":142},
	"rotated": false,
	"trimmed": true,
	"spriteSourceSize": {"x":246,"y":114,"w":246,"h":142},
	"sourceSize": {"w":605,"h":350}
},
"tom_head_blink0082.png":
{
	"frame": {"x":1620,"y":150,"w":246,"h":146},
	"rotated": false,
	"trimmed": true,
	"spriteSourceSize": {"x":246,"y":112,"w":246,"h":146},
	"sourceSize": {"w":605,"h":350}
},
"tom_head_blink0083.png":
{
	"frame": {"x":1620,"y":2,"w":246,"h":146},
	"rotated": false,
	"trimmed": true,
	"spriteSourceSize": {"x":246,"y":110,"w":246,"h":146},
	"sourceSize": {"w":605,"h":350}
},
"tom_head_blink0084.png":
{
	"frame": {"x":1584,"y":1030,"w":244,"h":148},
	"rotated": false,
	"trimmed": true,
	"spriteSourceSize": {"x":248,"y":108,"w":244,"h":148},
	"sourceSize": {"w":605,"h":350}
},
"tom_head_blink0085.png":
{
	"frame": {"x":1576,"y":1180,"w":244,"h":148},
	"rotated": false,
	"trimmed": true,
	"spriteSourceSize": {"x":248,"y":106,"w":244,"h":148},
	"sourceSize": {"w":605,"h":350}
},
"tom_head_blink0086.png":
{
	"frame": {"x":1614,"y":590,"w":246,"h":144},
	"rotated": false,
	"trimmed": true,
	"spriteSourceSize": {"x":246,"y":110,"w":246,"h":144},
	"sourceSize": {"w":605,"h":350}
},
"tom_head_blink0087.png":
{
	"frame": {"x":1604,"y":736,"w":246,"h":142},
	"rotated": false,
	"trimmed": true,
	"spriteSourceSize": {"x":246,"y":114,"w":246,"h":142},
	"sourceSize": {"w":605,"h":350}
},
"tom_head_blink0088.png":
{
	"frame": {"x":1620,"y":150,"w":246,"h":146},
	"rotated": false,
	"trimmed": true,
	"spriteSourceSize": {"x":246,"y":112,"w":246,"h":146},
	"sourceSize": {"w":605,"h":350}
},
"tom_head_blink0089.png":
{
	"frame": {"x":1620,"y":2,"w":246,"h":146},
	"rotated": false,
	"trimmed": true,
	"spriteSourceSize": {"x":246,"y":110,"w":246,"h":146},
	"sourceSize": {"w":605,"h":350}
},
"tom_head_blink0090.png":
{
	"frame": {"x":1584,"y":1030,"w":244,"h":148},
	"rotated": false,
	"trimmed": true,
	"spriteSourceSize": {"x":248,"y":108,"w":244,"h":148},
	"sourceSize": {"w":605,"h":350}
},
"tom_head_blink0091.png":
{
	"frame": {"x":1576,"y":1180,"w":244,"h":148},
	"rotated": false,
	"trimmed": true,
	"spriteSourceSize": {"x":248,"y":106,"w":244,"h":148},
	"sourceSize": {"w":605,"h":350}
},
"tom_head_blink0092.png":
{
	"frame": {"x":1614,"y":590,"w":246,"h":144},
	"rotated": false,
	"trimmed": true,
	"spriteSourceSize": {"x":246,"y":110,"w":246,"h":144},
	"sourceSize": {"w":605,"h":350}
},
"tom_head_blink0093.png":
{
	"frame": {"x":1604,"y":736,"w":246,"h":142},
	"rotated": false,
	"trimmed": true,
	"spriteSourceSize": {"x":246,"y":114,"w":246,"h":142},
	"sourceSize": {"w":605,"h":350}
},
"tom_head_blink0094.png":
{
	"frame": {"x":1620,"y":150,"w":246,"h":146},
	"rotated": false,
	"trimmed": true,
	"spriteSourceSize": {"x":246,"y":112,"w":246,"h":146},
	"sourceSize": {"w":605,"h":350}
},
"tom_head_blink0095.png":
{
	"frame": {"x":1620,"y":2,"w":246,"h":146},
	"rotated": false,
	"trimmed": true,
	"spriteSourceSize": {"x":246,"y":110,"w":246,"h":146},
	"sourceSize": {"w":605,"h":350}
},
"tom_head_blink0096.png":
{
	"frame": {"x":1584,"y":1030,"w":244,"h":148},
	"rotated": false,
	"trimmed": true,
	"spriteSourceSize": {"x":248,"y":108,"w":244,"h":148},
	"sourceSize": {"w":605,"h":350}
},
"tom_head_blink0097.png":
{
	"frame": {"x":1576,"y":1180,"w":244,"h":148},
	"rotated": false,
	"trimmed": true,
	"spriteSourceSize": {"x":248,"y":106,"w":244,"h":148},
	"sourceSize": {"w":605,"h":350}
},
"tom_head_blink0098.png":
{
	"frame": {"x":1614,"y":590,"w":246,"h":144},
	"rotated": false,
	"trimmed": true,
	"spriteSourceSize": {"x":246,"y":110,"w":246,"h":144},
	"sourceSize": {"w":605,"h":350}
},
"tom_head_blink0099.png":
{
	"frame": {"x":1604,"y":736,"w":246,"h":142},
	"rotated": false,
	"trimmed": true,
	"spriteSourceSize": {"x":246,"y":114,"w":246,"h":142},
	"sourceSize": {"w":605,"h":350}
},
"tom_head_blink0100.png":
{
	"frame": {"x":1620,"y":150,"w":246,"h":146},
	"rotated": false,
	"trimmed": true,
	"spriteSourceSize": {"x":246,"y":112,"w":246,"h":146},
	"sourceSize": {"w":605,"h":350}
},
"tom_head_blink0101.png":
{
	"frame": {"x":1620,"y":2,"w":246,"h":146},
	"rotated": false,
	"trimmed": true,
	"spriteSourceSize": {"x":246,"y":110,"w":246,"h":146},
	"sourceSize": {"w":605,"h":350}
},
"tom_head_blink0102.png":
{
	"frame": {"x":1584,"y":1030,"w":244,"h":148},
	"rotated": false,
	"trimmed": true,
	"spriteSourceSize": {"x":248,"y":108,"w":244,"h":148},
	"sourceSize": {"w":605,"h":350}
},
"tom_jump0001.png":
{
	"frame": {"x":1078,"y":424,"w":534,"h":236},
	"rotated": false,
	"trimmed": true,
	"spriteSourceSize": {"x":0,"y":94,"w":534,"h":236},
	"sourceSize": {"w":605,"h":350}
},
"tom_jump0002.png":
{
	"frame": {"x":2,"y":720,"w":526,"h":256},
	"rotated": false,
	"trimmed": true,
	"spriteSourceSize": {"x":4,"y":72,"w":526,"h":256},
	"sourceSize": {"w":605,"h":350}
},
"tom_jump0003.png":
{
	"frame": {"x":1056,"y":1036,"w":518,"h":258},
	"rotated": false,
	"trimmed": true,
	"spriteSourceSize": {"x":10,"y":52,"w":518,"h":258},
	"sourceSize": {"w":605,"h":350}
},
"tom_jump0004.png":
{
	"frame": {"x":524,"y":1086,"w":512,"h":238},
	"rotated": false,
	"trimmed": true,
	"spriteSourceSize": {"x":14,"y":46,"w":512,"h":238},
	"sourceSize": {"w":605,"h":350}
},
"tom_jump0005.png":
{
	"frame": {"x":2,"y":978,"w":520,"h":208},
	"rotated": false,
	"trimmed": true,
	"spriteSourceSize": {"x":4,"y":48,"w":520,"h":208},
	"sourceSize": {"w":605,"h":350}
},
"tom_jump0006.png":
{
	"frame": {"x":530,"y":892,"w":524,"h":192},
	"rotated": false,
	"trimmed": true,
	"spriteSourceSize": {"x":0,"y":58,"w":524,"h":192},
	"sourceSize": {"w":605,"h":350}
},
"tom_jump0007.png":
{
	"frame": {"x":530,"y":720,"w":526,"h":170},
	"rotated": false,
	"trimmed": true,
	"spriteSourceSize": {"x":0,"y":72,"w":526,"h":170},
	"sourceSize": {"w":605,"h":350}
},
"tom_jump0008.png":
{
	"frame": {"x":1074,"y":662,"w":528,"h":166},
	"rotated": false,
	"trimmed": true,
	"spriteSourceSize": {"x":0,"y":88,"w":528,"h":166},
	"sourceSize": {"w":605,"h":350}
},
"tom_jump0009.png":
{
	"frame": {"x":1058,"y":830,"w":524,"h":204},
	"rotated": false,
	"trimmed": true,
	"spriteSourceSize": {"x":6,"y":96,"w":524,"h":204},
	"sourceSize": {"w":605,"h":350}
},
"tom_jump0010.png":
{
	"frame": {"x":2,"y":492,"w":528,"h":226},
	"rotated": false,
	"trimmed": true,
	"spriteSourceSize": {"x":4,"y":104,"w":528,"h":226},
	"sourceSize": {"w":605,"h":350}
},
"tom_jump0011.png":
{
	"frame": {"x":2,"y":250,"w":534,"h":240},
	"rotated": false,
	"trimmed": true,
	"spriteSourceSize": {"x":0,"y":98,"w":534,"h":240},
	"sourceSize": {"w":605,"h":350}
},
"tom_run_body0001.png":
{
	"frame": {"x":2,"y":2,"w":538,"h":246},
	"rotated": false,
	"trimmed": true,
	"spriteSourceSize": {"x":0,"y":96,"w":538,"h":246},
	"sourceSize": {"w":605,"h":350}
},
"tom_run_body0002.png":
{
	"frame": {"x":1082,"y":2,"w":536,"h":222},
	"rotated": false,
	"trimmed": true,
	"spriteSourceSize": {"x":0,"y":96,"w":536,"h":222},
	"sourceSize": {"w":605,"h":350}
},
"tom_run_body0003.png":
{
	"frame": {"x":542,"y":240,"w":534,"h":244},
	"rotated": false,
	"trimmed": true,
	"spriteSourceSize": {"x":0,"y":98,"w":534,"h":244},
	"sourceSize": {"w":605,"h":350}
},
"tom_run_body0004.png":
{
	"frame": {"x":538,"y":486,"w":534,"h":232},
	"rotated": false,
	"trimmed": true,
	"spriteSourceSize": {"x":0,"y":98,"w":534,"h":232},
	"sourceSize": {"w":605,"h":350}
},
"tom_run_body0005.png":
{
	"frame": {"x":1082,"y":226,"w":536,"h":196},
	"rotated": false,
	"trimmed": true,
	"spriteSourceSize": {"x":0,"y":98,"w":536,"h":196},
	"sourceSize": {"w":605,"h":350}
},
"tom_run_body0006.png":
{
	"frame": {"x":542,"y":2,"w":538,"h":236},
	"rotated": false,
	"trimmed": true,
	"spriteSourceSize": {"x":0,"y":98,"w":538,"h":236},
	"sourceSize": {"w":605,"h":350}
},
"tom_run_body0007.png":
{
	"frame": {"x":2,"y":2,"w":538,"h":246},
	"rotated": false,
	"trimmed": true,
	"spriteSourceSize": {"x":0,"y":96,"w":538,"h":246},
	"sourceSize": {"w":605,"h":350}
},
"tom_run_body0008.png":
{
	"frame": {"x":1082,"y":2,"w":536,"h":222},
	"rotated": false,
	"trimmed": true,
	"spriteSourceSize": {"x":0,"y":96,"w":536,"h":222},
	"sourceSize": {"w":605,"h":350}
},
"tom_run_body0009.png":
{
	"frame": {"x":542,"y":240,"w":534,"h":244},
	"rotated": false,
	"trimmed": true,
	"spriteSourceSize": {"x":0,"y":98,"w":534,"h":244},
	"sourceSize": {"w":605,"h":350}
},
"tom_run_body0010.png":
{
	"frame": {"x":538,"y":486,"w":534,"h":232},
	"rotated": false,
	"trimmed": true,
	"spriteSourceSize": {"x":0,"y":98,"w":534,"h":232},
	"sourceSize": {"w":605,"h":350}
}},
"meta": {
	"app": "http://www.codeandweb.com/texturepacker ",
	"version": "1.0",
	"image": "characters_1x.png",
	"format": "RGBA8888",
	"size": {"w":2048,"h":2048},
	"scale": "0.5",
	"smartupdate": "$TexturePacker:SmartUpdate:11b448aa2668af08b9d5072c85a9c9ba:f5d0821cf7281c184fa41379198df11d:d2443d605fbb3be6fbfed4aebc004a7c$"
}
}
