{"frames": {

"01_Platformend_lowerleft.png":
{
	"frame": {"x":939,"y":272,"w":46,"h":326},
	"rotated": false,
	"trimmed": true,
	"spriteSourceSize": {"x":0,"y":0,"w":46,"h":326},
	"sourceSize": {"w":45,"h":325},
	"pivot": {"x":0.5,"y":0.5}
},
"01_Platformend_upperleft.png":
{
	"frame": {"x":826,"y":718,"w":46,"h":46},
	"rotated": false,
	"trimmed": true,
	"spriteSourceSize": {"x":0,"y":0,"w":46,"h":46},
	"sourceSize": {"w":45,"h":45},
	"pivot": {"x":0.5,"y":0.5}
},
"02_Platform_lower.png":
{
	"frame": {"x":939,"y":599,"w":46,"h":326},
	"rotated": false,
	"trimmed": true,
	"spriteSourceSize": {"x":0,"y":0,"w":46,"h":326},
	"sourceSize": {"w":45,"h":325},
	"pivot": {"x":0.5,"y":0.5}
},
"02_Platform_upper.png":
{
	"frame": {"x":826,"y":765,"w":46,"h":46},
	"rotated": false,
	"trimmed": true,
	"spriteSourceSize": {"x":0,"y":0,"w":46,"h":46},
	"sourceSize": {"w":45,"h":45},
	"pivot": {"x":0.5,"y":0.5}
},
"03_Platformend_lowerrright.png":
{
	"frame": {"x":939,"y":926,"w":46,"h":326},
	"rotated": false,
	"trimmed": true,
	"spriteSourceSize": {"x":0,"y":0,"w":46,"h":326},
	"sourceSize": {"w":45,"h":325},
	"pivot": {"x":0.5,"y":0.5}
},
"03_Platformend_upperright.png":
{
	"frame": {"x":826,"y":812,"w":46,"h":46},
	"rotated": false,
	"trimmed": true,
	"spriteSourceSize": {"x":0,"y":0,"w":46,"h":46},
	"sourceSize": {"w":45,"h":45},
	"pivot": {"x":0.5,"y":0.5}
},
"bg_green.png":
{
	"frame": {"x":891,"y":272,"w":20,"h":818},
	"rotated": false,
	"trimmed": true,
	"spriteSourceSize": {"x":0,"y":0,"w":20,"h":818},
	"sourceSize": {"w":20,"h":818},
	"pivot": {"x":0.5,"y":0.5}
},
"bin.png":
{
	"frame": {"x":731,"y":1416,"w":128,"h":132},
	"rotated": false,
	"trimmed": true,
	"spriteSourceSize": {"x":24,"y":4,"w":128,"h":132},
	"sourceSize": {"w":167,"h":135},
	"pivot": {"x":0.5,"y":0.5}
},
"broom.png":
{
	"frame": {"x":889,"y":1,"w":110,"h":270},
	"rotated": false,
	"trimmed": true,
	"spriteSourceSize": {"x":12,"y":8,"w":110,"h":270},
	"sourceSize": {"w":127,"h":277},
	"pivot": {"x":0.5,"y":0.5}
},
"chair.png":
{
	"frame": {"x":731,"y":1207,"w":148,"h":208},
	"rotated": false,
	"trimmed": true,
	"spriteSourceSize": {"x":20,"y":8,"w":148,"h":208},
	"sourceSize": {"w":187,"h":215},
	"pivot": {"x":0.5,"y":0.5}
},
"cupboard_edge.png":
{
	"frame": {"x":1000,"y":1,"w":6,"h":178},
	"rotated": false,
	"trimmed": true,
	"spriteSourceSize": {"x":0,"y":0,"w":6,"h":178},
	"sourceSize": {"w":6,"h":177},
	"pivot": {"x":0.5,"y":0.5}
},
"cupboard_handle.png":
{
	"frame": {"x":986,"y":272,"w":36,"h":178},
	"rotated": false,
	"trimmed": true,
	"spriteSourceSize": {"x":4,"y":0,"w":36,"h":178},
	"sourceSize": {"w":39,"h":177},
	"pivot": {"x":0.5,"y":0.5}
},
"cupboard_handlesx2.png":
{
	"frame": {"x":370,"y":739,"w":64,"h":178},
	"rotated": false,
	"trimmed": true,
	"spriteSourceSize": {"x":4,"y":0,"w":64,"h":178},
	"sourceSize": {"w":70,"h":177},
	"pivot": {"x":0.5,"y":0.5}
},
"cupboards.png":
{
	"frame": {"x":1,"y":1783,"w":594,"h":248},
	"rotated": false,
	"trimmed": true,
	"spriteSourceSize": {"x":0,"y":0,"w":594,"h":248},
	"sourceSize": {"w":593,"h":264},
	"pivot": {"x":0.5,"y":0.5}
},
"cupboards2.png":
{
	"frame": {"x":449,"y":958,"w":416,"h":248},
	"rotated": false,
	"trimmed": true,
	"spriteSourceSize": {"x":0,"y":0,"w":416,"h":248},
	"sourceSize": {"w":415,"h":264},
	"pivot": {"x":0.5,"y":0.5}
},
"cupboards3.png":
{
	"frame": {"x":1,"y":1385,"w":278,"h":176},
	"rotated": false,
	"trimmed": false,
	"spriteSourceSize": {"x":0,"y":0,"w":278,"h":176},
	"sourceSize": {"w":278,"h":176},
	"pivot": {"x":0.5,"y":0.5}
},
"cupboards4.png":
{
	"frame": {"x":411,"y":1484,"w":278,"h":176},
	"rotated": false,
	"trimmed": false,
	"spriteSourceSize": {"x":0,"y":0,"w":278,"h":176},
	"sourceSize": {"w":278,"h":176},
	"pivot": {"x":0.5,"y":0.5}
},
"cupboards5.png":
{
	"frame": {"x":1,"y":1562,"w":278,"h":176},
	"rotated": false,
	"trimmed": false,
	"spriteSourceSize": {"x":0,"y":0,"w":278,"h":176},
	"sourceSize": {"w":278,"h":176},
	"pivot": {"x":0.5,"y":0.5}
},
"cutlerywall.png":
{
	"frame": {"x":690,"y":1650,"w":120,"h":132},
	"rotated": false,
	"trimmed": true,
	"spriteSourceSize": {"x":0,"y":0,"w":120,"h":132},
	"sourceSize": {"w":121,"h":137},
	"pivot": {"x":0.5,"y":0.5}
},
"distance_icon.png":
{
	"frame": {"x":826,"y":659,"w":62,"h":58},
	"rotated": false,
	"trimmed": true,
	"spriteSourceSize": {"x":0,"y":0,"w":62,"h":58},
	"sourceSize": {"w":63,"h":59},
	"pivot": {"x":0.5,"y":0.5}
},
"obstacle1a_90x90.png":
{
	"frame": {"x":280,"y":1686,"w":80,"h":46},
	"rotated": false,
	"trimmed": true,
	"spriteSourceSize": {"x":0,"y":0,"w":80,"h":46},
	"sourceSize": {"w":80,"h":45},
	"pivot": {"x":0.5,"y":0.5}
},
"obstacle1b_90x90.png":
{
	"frame": {"x":370,"y":997,"w":76,"h":64},
	"rotated": false,
	"trimmed": true,
	"spriteSourceSize": {"x":2,"y":0,"w":76,"h":64},
	"sourceSize": {"w":80,"h":64},
	"pivot": {"x":0.5,"y":0.5}
},
"obstacle1c_90x90.png":
{
	"frame": {"x":370,"y":918,"w":78,"h":78},
	"rotated": false,
	"trimmed": true,
	"spriteSourceSize": {"x":0,"y":0,"w":78,"h":78},
	"sourceSize": {"w":78,"h":77},
	"pivot": {"x":0.5,"y":0.5}
},
"obstacle2a_180x90.png":
{
	"frame": {"x":280,"y":1639,"w":108,"h":46},
	"rotated": false,
	"trimmed": true,
	"spriteSourceSize": {"x":2,"y":2,"w":108,"h":46},
	"sourceSize": {"w":109,"h":47},
	"pivot": {"x":0.5,"y":0.5}
},
"obstacle3a_180x180.png":
{
	"frame": {"x":853,"y":1571,"w":170,"h":96},
	"rotated": false,
	"trimmed": true,
	"spriteSourceSize": {"x":0,"y":6,"w":170,"h":96},
	"sourceSize": {"w":170,"h":101},
	"pivot": {"x":0.5,"y":0.5}
},
"obstacle3b_180x180.png":
{
	"frame": {"x":389,"y":1661,"w":172,"h":100},
	"rotated": false,
	"trimmed": true,
	"spriteSourceSize": {"x":2,"y":4,"w":172,"h":100},
	"sourceSize": {"w":175,"h":105},
	"pivot": {"x":0.5,"y":0.5}
},
"obstacle3c_180x180.png":
{
	"frame": {"x":690,"y":1549,"w":162,"h":100},
	"rotated": false,
	"trimmed": true,
	"spriteSourceSize": {"x":2,"y":2,"w":162,"h":100},
	"sourceSize": {"w":166,"h":104},
	"pivot": {"x":0.5,"y":0.5}
},
"obstacle4a_180x270.png":
{
	"frame": {"x":777,"y":1795,"w":100,"h":148},
	"rotated": false,
	"trimmed": true,
	"spriteSourceSize": {"x":0,"y":2,"w":100,"h":148},
	"sourceSize": {"w":100,"h":150},
	"pivot": {"x":0.5,"y":0.5}
},
"obstacle4b_180x270.png":
{
	"frame": {"x":860,"y":1434,"w":124,"h":136},
	"rotated": false,
	"trimmed": true,
	"spriteSourceSize": {"x":2,"y":2,"w":124,"h":136},
	"sourceSize": {"w":128,"h":138},
	"pivot": {"x":0.5,"y":0.5}
},
"obstacle5a_90x360.png":
{
	"frame": {"x":370,"y":552,"w":86,"h":186},
	"rotated": false,
	"trimmed": true,
	"spriteSourceSize": {"x":2,"y":0,"w":86,"h":186},
	"sourceSize": {"w":88,"h":185},
	"pivot": {"x":0.5,"y":0.5}
},
"obstacle5c_90x360.png":
{
	"frame": {"x":880,"y":1253,"w":138,"h":180},
	"rotated": false,
	"trimmed": true,
	"spriteSourceSize": {"x":0,"y":2,"w":138,"h":180},
	"sourceSize": {"w":139,"h":182},
	"pivot": {"x":0.5,"y":0.5}
},
"obstacle6_cooker.png":
{
	"frame": {"x":430,"y":1207,"w":300,"h":276},
	"rotated": false,
	"trimmed": true,
	"spriteSourceSize": {"x":0,"y":4,"w":300,"h":276},
	"sourceSize": {"w":300,"h":280},
	"pivot": {"x":0.5,"y":0.5}
},
"overlay_bg.png":
{
	"frame": {"x":916,"y":272,"w":20,"h":818},
	"rotated": false,
	"trimmed": false,
	"spriteSourceSize": {"x":0,"y":0,"w":20,"h":818},
	"sourceSize": {"w":20,"h":818},
	"pivot": {"x":0.5,"y":0.5}
},
"picture1.png":
{
	"frame": {"x":811,"y":1668,"w":180,"h":126},
	"rotated": false,
	"trimmed": true,
	"spriteSourceSize": {"x":0,"y":0,"w":180,"h":126},
	"sourceSize": {"w":180,"h":125},
	"pivot": {"x":0.5,"y":0.5}
},
"picture2.png":
{
	"frame": {"x":280,"y":1385,"w":130,"h":126},
	"rotated": false,
	"trimmed": true,
	"spriteSourceSize": {"x":0,"y":0,"w":130,"h":126},
	"sourceSize": {"w":130,"h":125},
	"pivot": {"x":0.5,"y":0.5}
},
"picture3.png":
{
	"frame": {"x":280,"y":1512,"w":130,"h":126},
	"rotated": false,
	"trimmed": true,
	"spriteSourceSize": {"x":0,"y":0,"w":130,"h":126},
	"sourceSize": {"w":130,"h":125},
	"pivot": {"x":0.5,"y":0.5}
},
"picture4.png":
{
	"frame": {"x":596,"y":1783,"w":180,"h":126},
	"rotated": false,
	"trimmed": true,
	"spriteSourceSize": {"x":0,"y":0,"w":180,"h":126},
	"sourceSize": {"w":180,"h":125},
	"pivot": {"x":0.5,"y":0.5}
},
"wall_stain.png":
{
	"frame": {"x":1,"y":1150,"w":428,"h":234},
	"rotated": false,
	"trimmed": true,
	"spriteSourceSize": {"x":52,"y":68,"w":428,"h":234},
	"sourceSize": {"w":580,"h":373},
	"pivot": {"x":0.5,"y":0.5}
},
"wall_tile_5.png":
{
	"frame": {"x":1,"y":1,"w":476,"h":550},
	"rotated": false,
	"trimmed": true,
	"spriteSourceSize": {"x":2,"y":0,"w":476,"h":550},
	"sourceSize": {"w":480,"h":550},
	"pivot": {"x":0.5,"y":0.5}
},
"window1.png":
{
	"frame": {"x":478,"y":360,"w":368,"h":298},
	"rotated": false,
	"trimmed": true,
	"spriteSourceSize": {"x":0,"y":0,"w":368,"h":298},
	"sourceSize": {"w":367,"h":298},
	"pivot": {"x":0.5,"y":0.5}
},
"window2.png":
{
	"frame": {"x":1,"y":552,"w":368,"h":298},
	"rotated": false,
	"trimmed": true,
	"spriteSourceSize": {"x":0,"y":0,"w":368,"h":298},
	"sourceSize": {"w":367,"h":298},
	"pivot": {"x":0.5,"y":0.5}
},
"window3.png":
{
	"frame": {"x":457,"y":659,"w":368,"h":298},
	"rotated": false,
	"trimmed": true,
	"spriteSourceSize": {"x":0,"y":0,"w":368,"h":298},
	"sourceSize": {"w":367,"h":298},
	"pivot": {"x":0.5,"y":0.5}
},
"window4.png":
{
	"frame": {"x":1,"y":851,"w":368,"h":298},
	"rotated": false,
	"trimmed": true,
	"spriteSourceSize": {"x":0,"y":0,"w":368,"h":298},
	"sourceSize": {"w":367,"h":298},
	"pivot": {"x":0.5,"y":0.5}
},
"window_curtains.png":
{
	"frame": {"x":478,"y":1,"w":410,"h":358},
	"rotated": false,
	"trimmed": true,
	"spriteSourceSize": {"x":0,"y":0,"w":410,"h":358},
	"sourceSize": {"w":409,"h":358},
	"pivot": {"x":0.5,"y":0.5}
}},
"meta": {
	"app": "http://www.codeandweb.com/texturepacker",
	"version": "1.0",
	"image": "ingame_all_1x.png",
	"format": "RGBA8888",
	"size": {"w":1024,"h":2048},
	"scale": "0.5",
	"smartupdate": "$TexturePacker:SmartUpdate:c28e808b316e8b58e4ddd49f6c21c52f:e2d4ecf5b1d344a4400de514392d4c3f:e0ef25117b1e4ecf2a8f7cb95d6849dc$"
}
}
