{"imagePath":"db_for_gameplay_tex.png","SubTexture":[{"x":1848,"width":10,"name":"goalStick","y":138,"height":94},{"x":1658,"width":7,"name":"_TRASH/_characters/_bmo/bmo_leg_3","y":317,"height":7},{"x":1847,"width":7,"name":"_TRASH/_characters/_bmo/bmo_leg_1","y":302,"height":14},{"x":1691,"width":6,"name":"_TRASH/_characters/_bmo/bmo_leg_2","y":237,"height":10},{"x":2016,"width":28,"name":"_TRASH/_characters/_bmo/bmo_body","y":243,"height":31},{"x":1847,"width":8,"name":"_TRASH/_characters/_bmo/bmo_arm_2","y":317,"height":6},{"x":1856,"width":13,"name":"_TRASH/_characters/_bmo/bmo_arm","y":320,"height":18},{"x":1848,"width":9,"name":"_TRASH/_characters/_bubblegum/bubblegum_hair","y":266,"height":18},{"x":1848,"width":7,"name":"_TRASH/_characters/_bubblegum/bubblegum_boot","y":285,"height":16},{"x":1506,"width":25,"name":"_TRASH/_characters/_bubblegum/bubblegum_skirt","y":347,"height":27},{"x":1683,"width":11,"name":"_TRASH/_characters/_bubblegum/bubblegum_body","y":353,"height":14},{"x":891,"width":16,"name":"_TRASH/_characters/_bubblegum/bubblegum_head","y":274,"height":22},{"x":1683,"width":10,"name":"_TRASH/_characters/_bubblegum/goal_bubblegum_page","y":368,"height":13},{"x":1683,"width":22,"name":"_TRASH/_characters/_bubblegum/goal_bubblegum_book","y":388,"height":15},{"x":1856,"width":14,"name":"_TRASH/_characters/_bubblegum/bubblegum_arm","y":339,"height":11},{"x":1356,"width":37,"name":"finn_sword_white_1","y":314,"height":46},{"x":1620,"width":37,"name":"finn_sword_white_2","y":317,"height":35},{"x":1620,"width":37,"name":"finn_sword_white_3","y":353,"height":16},{"x":1620,"width":25,"name":"finn_sword_white_4","y":389,"height":6},{"x":1961,"width":48,"name":"finn_sword_white_5","y":300,"height":49},{"x":1667,"width":23,"name":"finn_sword_white_6","y":237,"height":38},{"x":1858,"width":12,"name":"finn_sword_white_7","y":268,"height":31},{"x":1848,"width":10,"name":"finn_sword_white_8","y":233,"height":32},{"x":1766,"width":17,"name":"_TRASH/_characters/_finn/finn_arm_b1","y":388,"height":17},{"x":1646,"width":23,"name":"_TRASH/_characters/_finn/finn_arm_b2","y":389,"height":7},{"x":1658,"width":24,"name":"_TRASH/_characters/_finn/finn_body","y":336,"height":29},{"x":889,"width":17,"name":"_TRASH/_characters/_finn/finn_leg_f1","y":389,"height":15},{"x":1859,"width":14,"name":"_TRASH/_characters/_finn/finn_leg_f2","y":180,"height":43},{"x":2042,"width":5,"name":"_TRASH/_characters/_finn/finn_sword","y":0,"height":35},{"x":1501,"width":27,"name":"_TRASH/_characters/_finn/finn_arm_f2","y":386,"height":10},{"x":1394,"width":13,"name":"_TRASH/_characters/_finn/finn_arm_f1","y":314,"height":18},{"x":1667,"width":25,"name":"_TRASH/_characters/_iceking/ik_body","y":189,"height":47},{"x":891,"width":13,"name":"_TRASH/_characters/_iceking/ik_arm","y":319,"height":18},{"x":2042,"width":5,"name":"_TRASH/_assets/_objects/_snowmen/snowman_arm","y":67,"height":8},{"x":1728,"width":19,"name":"_TRASH/_assets/_objects/_snowmen/snowman_ball","y":388,"height":17},{"x":1384,"width":23,"name":"_TRASH/_assets/_objects/_rocks_and_snowballs/snow_fragment_1","y":361,"height":21},{"x":1131,"width":20,"name":"_TRASH/_assets/_objects/_rocks_and_snowballs/snow_fragment_3","y":371,"height":21},{"x":1658,"width":24,"name":"_TRASH/_assets/_objects/_rocks_and_snowballs/snow_fragment_2","y":366,"height":22},{"x":1021,"width":11,"name":"_TRASH/_assets/_objects/_snowmen/snowman_head","y":379,"height":9},{"x":1880,"width":23,"name":"_TRASH/_assets/_objects/_snowmen/snowman_fg","y":390,"height":5},{"x":1501,"width":37,"name":"__dbTextures/_DB_FOR_BG/goal_lumpy/Layer 3_0","y":375,"height":10},{"x":1667,"width":26,"name":"_TRASH/_characters/_lsp/lsp_body","y":305,"height":30},{"x":1394,"width":13,"name":"_TRASH/_characters/_lsp/lsp_arm","y":333,"height":14},{"x":908,"width":56,"name":"_TRASH/_assets/_objects/_goals/goal_lumpy_radio","y":379,"height":37},{"x":1856,"width":10,"name":"_TRASH/_characters/_lsp/goal_lumpy_radio_note_1","y":364,"height":14},{"x":1683,"width":11,"name":"_TRASH/_characters/_lsp/goal_lumpy_radio_note_2","y":336,"height":16},{"x":891,"width":16,"name":"_TRASH/_characters/_marceline/marceline_hair","y":239,"height":34},{"x":1993,"width":17,"name":"_TRASH/_characters/_marceline/marceline_leg_b1","y":372,"height":16},{"x":1856,"width":12,"name":"_TRASH/_characters/_marceline/marceline_arm_b1","y":351,"height":12},{"x":1856,"width":14,"name":"_TRASH/_characters/_marceline/marceline_body","y":300,"height":19},{"x":1506,"width":27,"name":"_TRASH/_characters/_marceline/marceline_guitar","y":319,"height":27},{"x":1748,"width":17,"name":"_TRASH/_characters/_marceline/marceline_leg_f1","y":388,"height":16},{"x":1313,"width":39,"name":"_TRASH/_characters/_marceline/marceline_head","y":361,"height":20},{"x":1394,"width":12,"name":"_TRASH/_characters/_marceline/marceline_arm_f1","y":348,"height":12},{"x":1620,"width":30,"name":"__dbTextures/_TRASH/_assets/_objects/_goals/goal_flag/Layer 2_0","y":370,"height":18},{"x":1100,"width":30,"name":"__dbTextures/_TRASH/_assets/_objects/_goals/goal_flag/Layer 2_3","y":371,"height":19},{"x":2011,"width":29,"name":"__dbTextures/_TRASH/_assets/_objects/_goals/goal_flag/Layer 2_6","y":372,"height":18},{"x":2011,"width":31,"name":"__dbTextures/_TRASH/_assets/_objects/_goals/goal_flag/Layer 2_9","y":351,"height":20},{"x":1313,"width":28,"name":"__dbTextures/_TRASH/_assets/_objects/_goals/goal_flag/Layer 1_0","y":382,"height":16},{"x":718,"width":28,"name":"__dbTextures/_TRASH/_assets/_objects/_goals/goal_flag/Layer 1_3","y":383,"height":17},{"x":1342,"width":27,"name":"__dbTextures/_TRASH/_assets/_objects/_goals/goal_flag/Layer 1_6","y":383,"height":16},{"x":965,"width":29,"name":"__dbTextures/_TRASH/_assets/_objects/_goals/goal_flag/Layer 1_9","y":379,"height":18},{"x":0,"width":635,"name":"_TRASH/_assets/_background/_iceclops/iceclops_body.png","y":0,"height":884},{"x":2016,"width":31,"name":"__dbTextures/_DB_FOR_BG/iceclops/Layer 1_0","y":211,"height":30},{"x":891,"width":15,"name":"_TRASH/_assets/_background/_iceclops/icelcops_eye","y":338,"height":15},{"x":1698,"width":182,"name":"_TRASH/_assets/_background/_iceclops/iceclops_stash.png","y":0,"height":136},{"x":637,"width":270,"name":"_TRASH/TRASH/Symbol 7","y":0,"height":238},{"x":718,"width":43,"name":"_TRASH/_assets/_background/snow_golem_face","y":367,"height":15},{"x":828,"width":60,"name":"_TRASH/_assets/_objects/_players/player_fg","y":367,"height":60},{"x":1796,"width":59,"name":"playerFG_overlay","y":336,"height":59},{"x":1035,"width":64,"name":"_TRASH/TRASH/divide_bubble1","y":371,"height":64},{"x":1540,"width":79,"name":"_TRASH/TRASH/divide_bubble2","y":317,"height":79},{"x":1871,"width":89,"name":"_TRASH/TRASH/divide_bubble3","y":300,"height":89},{"x":1696,"width":99,"name":"_TRASH/TRASH/divide_bubble4","y":288,"height":99},{"x":1246,"width":109,"name":"_TRASH/TRASH/divide_bubble5","y":251,"height":109},{"x":1035,"width":119,"name":"_TRASH/TRASH/divide_bubble6","y":251,"height":119},{"x":1410,"width":129,"name":"_TRASH/TRASH/divide_bubble7","y":189,"height":129},{"x":1876,"width":139,"name":"_TRASH/TRASH/divide_bubble8","y":160,"height":139},{"x":1698,"width":149,"name":"_TRASH/TRASH/divide_bubble9","y":138,"height":149},{"x":1882,"width":159,"name":"_TRASH/TRASH/divide_bubble10","y":0,"height":159},{"x":764,"width":126,"name":"bmo_pixel1","y":239,"height":127},{"x":1540,"width":126,"name":"bmo_pixel2","y":189,"height":127},{"x":908,"width":126,"name":"bmo_pixel3","y":251,"height":127},{"x":637,"width":126,"name":"bmo_pixel4","y":239,"height":127},{"x":908,"width":250,"name":"_TRASH/_ui/_hud/_boost/boost_bubblegum_ball","y":0,"height":250},{"x":1993,"width":15,"name":"_TRASH/_characters/_bubblegum/bubblegum_arm_2","y":389,"height":12},{"x":1159,"width":249,"name":"_TRASH/TRASH/grid_for_BG","y":0,"height":249},{"x":1356,"width":49,"name":"finn_sword_FX1","y":251,"height":61},{"x":1796,"width":50,"name":"finn_sword_FX2","y":288,"height":47},{"x":1961,"width":49,"name":"finn_sword_FX3","y":350,"height":21},{"x":1370,"width":34,"name":"finn_sword_FX4","y":384,"height":8},{"x":1856,"width":22,"name":"finn_sword_FX5","y":390,"height":7},{"x":762,"width":65,"name":"finn_sword_FX6","y":367,"height":65},{"x":2016,"width":31,"name":"finn_sword_FX7","y":160,"height":50},{"x":1859,"width":16,"name":"finn_sword_FX8","y":138,"height":41},{"x":1859,"width":14,"name":"finn_sword_FX9","y":224,"height":43},{"x":2042,"width":5,"name":"finn_sword_FX10","y":36,"height":30},{"x":891,"width":15,"name":"_TRASH/_characters/_finn/finn_leg_b1","y":354,"height":16},{"x":1706,"width":21,"name":"_TRASH/_characters/_iceking/ik_arm_straight","y":388,"height":16},{"x":1667,"width":28,"name":"_TRASH/_ui/_portraits/portrait_overlay","y":276,"height":28},{"x":889,"width":18,"name":"ik_star1","y":371,"height":17},{"x":891,"width":16,"name":"ik_star2","y":297,"height":20},{"x":2042,"width":3,"name":"_TRASH/_characters/_iceking/ik_snow_symbol","y":76,"height":4},{"x":1961,"width":30,"name":"_TRASH/_characters/_jake/jake_leg_b1","y":372,"height":16},{"x":1471,"width":28,"name":"_TRASH/_characters/_jake/jake_arm_b1","y":374,"height":18},{"x":2011,"width":35,"name":"_TRASH/_characters/_jake/jake_body_1","y":304,"height":45},{"x":995,"width":24,"name":"_TRASH/_characters/_jake/jake_arm_f1","y":379,"height":21},{"x":1353,"width":29,"name":"_TRASH/_characters/_jake/jake_leg_f1","y":361,"height":20},{"x":2016,"width":28,"name":"marceline_overlay","y":275,"height":28},{"x":1410,"width":286,"name":"_TRASH/TRASH/Symbol 1","y":0,"height":187},{"x":637,"width":80,"name":"_TRASH/_assets/_objects/_gumball/gumball_arm_b","y":367,"height":55},{"x":1408,"width":97,"name":"_TRASH/_assets/_objects/_gumball/gumball_body","y":319,"height":54},{"x":1155,"width":90,"name":"_TRASH/_assets/_objects/_gumball/gumball_head","y":251,"height":139},{"x":1408,"width":62,"name":"_TRASH/_assets/_objects/_gumball/gumball_arm_f","y":374,"height":49},{"x":1471,"width":156,"name":"_TRASH/_assets/_objects/_gumball/gumball_laser","y":398,"height":17},{"x":1246,"width":66,"name":"_TRASH/_assets/_objects/_gumball/gumball_eye_spark","y":361,"height":73}],"name":"no_optimization_db_for_gameplay"}