{"movies":[{"id":"bean_faster_speed","layers":[{"keyframes":[{"tweened":false,"ref":"idle_1","loc":[0,6.3],"duration":2,"index":0,"pivot":[79.1,78.85]},{"tweened":false,"ref":"idle_2","loc":[-0.05,4.5],"duration":2,"index":2,"pivot":[79.15,81]},{"tweened":false,"ref":"idle_3","loc":[-0.05,4.25],"duration":2,"index":4,"pivot":[79.15,81.1]},{"tweened":false,"ref":"idle_4","loc":[-0.05,6.1],"duration":2,"index":6,"pivot":[79.15,79.4]}],"name":"outline"},{"keyframes":[{"tweened":false,"ref":"wheel_right_1","loc":[46.3,66.55],"duration":2,"index":0,"pivot":[13.1,17.1]},{"tweened":false,"ref":"wheel_right_2","loc":[50.2913,74.7831],"skew":[0.1086,0.1086],"duration":2,"index":2,"pivot":[15.05,25.1]},{"tweened":false,"ref":"wheel_right_3","loc":[51.1016,74.4887],"skew":[0.1086,0.1086],"duration":2,"index":4,"pivot":[15.1,25]},{"tweened":false,"ref":"wheel_right_4","loc":[48.5413,74.7831],"skew":[0.1086,0.1086],"duration":2,"index":6,"pivot":[15.05,25.1]}],"name":"wheel_right"},{"keyframes":[{"tweened":false,"ref":"wheel_left_1","loc":[-46.8,62.5],"duration":2,"index":0,"pivot":[14.25,15.15]},{"tweened":false,"ref":"wheel_left_2","loc":[-49.311,62.2554],"skew":[0.1346,0.1346],"duration":2,"index":2,"pivot":[14.1,15.15]},{"tweened":false,"ref":"wheel_left_3","loc":[-50.0568,61.2325],"skew":[0.2566,0.2566],"duration":2,"index":4,"pivot":[14.1,15.15]},{"tweened":false,"ref":"wheel_left_4","loc":[-47.811,62.2554],"skew":[0.1346,0.1346],"duration":2,"index":6,"pivot":[14.1,15.15]}],"name":"wheel_left"},{"keyframes":[{"tweened":false,"ref":"bean_board_left_leg","loc":[-17.1,51.9],"duration":2,"index":0,"pivot":[49.1,9.2]},{"tweened":false,"ref":"bean_board_left_leg","loc":[-54.603,58.4146],"skew":[-0.0649,-0.0649],"duration":2,"index":2,"pivot":[11.6,15.75]},{"tweened":false,"ref":"bean_board_left_leg","loc":[-54.5898,58.421],"skew":[-0.0994,-0.0994],"duration":2,"index":4,"pivot":[11.6,15.8]},{"tweened":false,"ref":"bean_board_left_leg","loc":[-54.603,58.4146],"skew":[-0.0649,-0.0649],"duration":2,"index":6,"pivot":[11.6,15.75]}],"name":"bean_board_left_leg"},{"keyframes":[{"tweened":false,"ref":"bean_borad_right_leg","loc":[17.35,54.3],"duration":2,"index":0,"pivot":[45.55,14.25]},{"tweened":false,"ref":"bean_borad_right_leg","loc":[54.3509,60.2991],"skew":[0.0654,0.0654],"duration":2,"index":2,"pivot":[82.55,20.25]},{"tweened":false,"ref":"bean_borad_right_leg","loc":[54.3393,60.2954],"skew":[0.1044,0.1044],"duration":2,"index":4,"pivot":[82.55,20.25]},{"tweened":false,"ref":"bean_borad_right_leg","loc":[54.3509,60.2991],"skew":[0.0654,0.0654],"duration":2,"index":6,"pivot":[82.55,20.25]}],"name":"bean_borad_right_leg"},{"keyframes":[{"tweened":false,"ref":"bean_board","loc":[0,43.35],"duration":2,"index":0,"pivot":[78.1,12]},{"tweened":false,"ref":"bean_board","loc":[-0.0072,41.3602],"skew":[-0.0082,-0.0082],"duration":2,"index":2,"pivot":[78.1,12.05]},{"tweened":false,"ref":"bean_board","loc":[-0.0072,38.8602],"skew":[-0.0082,-0.0082],"duration":2,"index":4,"pivot":[78.1,12.05]},{"tweened":false,"ref":"bean_board","loc":[-0.0072,41.3602],"skew":[-0.0082,-0.0082],"duration":2,"index":6,"pivot":[78.1,12.05]}],"name":"bean_board"},{"keyframes":[{"tweened":false,"ref":"bean_right_upperleg","loc":[10.6284,22.4652],"skew":[-0.2618,-0.2618],"duration":2,"index":0,"pivot":[22.65,24.15]},{"tweened":false,"ref":"bean_right_upperleg","loc":[-6.1587,3.4676],"skew":[-0.1381,-0.0647],"duration":2,"scale":[1,1.0027],"index":2,"pivot":[6.15,5.1]},{"tweened":false,"ref":"bean_right_upperleg","loc":[10.7041,19.6716],"skew":[-0.1234,-0.0647],"duration":2,"scale":[1,1.0017],"index":4,"pivot":[20.7,23.9]},{"tweened":false,"ref":"bean_right_upperleg","loc":[-4.8334,2.6887],"skew":[-0.0647,-0.0647],"duration":2,"index":6,"pivot":[6.2,5.1]}],"name":"bean_right_upperleg"},{"keyframes":[{"tweened":false,"ref":"bean_right_lowerleg","loc":[12.8648,41.15],"skew":[0.1722,0],"duration":2,"scale":[1,0.7786],"index":0,"pivot":[9.85,21.25]},{"tweened":false,"ref":"bean_right_lowerleg","loc":[8.2087,40.1495],"skew":[0.1794,0.0431],"duration":2,"scale":[1,0.8298],"index":2,"pivot":[5.2,22.2]},{"tweened":false,"ref":"bean_right_lowerleg","loc":[8.1359,38.5797],"skew":[0.1973,0.0431],"duration":2,"scale":[1,0.8544],"index":4,"pivot":[5.15,22.15]},{"tweened":false,"ref":"bean_right_lowerleg","loc":[8.2294,40.1086],"skew":[0.1661,0.0641],"duration":2,"scale":[0.9976,0.8711],"index":6,"pivot":[5.25,22.2]}],"name":"bean_right_lowerleg"},{"keyframes":[{"tweened":false,"ref":"bean_knee","loc":[13.9446,24.8264],"skew":[-0.2618,-0.2618],"duration":2,"index":0,"pivot":[4.3,3.25]},{"tweened":false,"ref":"bean_knee","loc":[14.5946,22.4764],"skew":[-0.2618,-0.2618],"duration":2,"index":2,"pivot":[4.3,3.25]},{"tweened":false,"ref":"bean_knee","loc":[15.2446,20.7264],"skew":[-0.2618,-0.2618],"duration":2,"index":4,"pivot":[4.3,3.25]},{"tweened":false,"ref":"bean_knee","loc":[15.0946,21.9764],"skew":[-0.2618,-0.2618],"duration":2,"index":6,"pivot":[4.3,3.25]}],"name":"bean_knee"},{"keyframes":[{"tweened":false,"ref":"bean_right_arm","loc":[14.4,-9],"duration":2,"index":0,"pivot":[4.9,4.1]},{"tweened":false,"ref":"bean_right_arm","loc":[17.7421,-15.7337],"skew":[0.2117,0.2117],"duration":2,"index":2,"pivot":[3.85,4.15]},{"tweened":false,"ref":"bean_right_arm","loc":[17.8923,-15.5729],"skew":[0.2645,0.2645],"duration":2,"index":4,"pivot":[3.9,4.1]},{"tweened":false,"ref":"bean_right_arm","loc":[18.9886,-13.2738],"skew":[0.321,0.321],"duration":2,"index":6,"pivot":[3.9,4]}],"name":"bean_right_arm"},{"keyframes":[{"tweened":false,"ref":"bean_left_arm","loc":[5.5837,-17.391],"skew":[0.0791,0.0791],"duration":2,"index":0,"pivot":[64.4,9.05]},{"tweened":false,"ref":"bean_left_arm","loc":[15.6368,-18.7817],"skew":[0.1776,0.1776],"duration":2,"index":2,"pivot":[68.95,10.35]},{"tweened":false,"ref":"bean_left_arm","loc":[14.933,-19.9069],"skew":[0.2344,0.2344],"duration":2,"index":4,"pivot":[69,10.25]},{"tweened":false,"ref":"bean_left_arm","loc":[15.7162,-16.461],"skew":[0.3124,0.3124],"duration":2,"index":6,"pivot":[68.95,10.4]}],"name":"bean_left_arm"},{"keyframes":[{"tweened":false,"ref":"bean_head_body_1","loc":[-10.6516,-3.4468],"skew":[0.214,0.214],"duration":2,"index":0,"pivot":[6.6,72.3]},{"tweened":false,"ref":"bean_head_body_1","loc":[-5.5335,-6.7943],"skew":[0.1686,0.1686],"duration":2,"index":2,"pivot":[6.1,71.8]},{"tweened":false,"ref":"bean_head_body_1","loc":[-5.239,-8.5061],"skew":[0.2217,0.2217],"duration":2,"index":4,"pivot":[6.15,71.8]},{"tweened":false,"ref":"bean_head_body_1","loc":[-5.2549,-6.5741],"skew":[0.273,0.273],"duration":2,"index":6,"pivot":[6.05,71.7]}],"name":"bean_head_body"},{"keyframes":[{"tweened":false,"ref":"bean_waist","loc":[-16.2124,-0.2281],"skew":[0.2618,0.2618],"duration":2,"index":0,"pivot":[10.4,10.85]},{"tweened":false,"ref":"bean_waist","loc":[-10.4624,-3.7281],"skew":[0.2618,0.2618],"duration":2,"index":2,"pivot":[10.4,10.85]},{"tweened":false,"ref":"bean_waist","loc":[-16.2066,-0.6337],"skew":[0.223,0.223],"duration":2,"index":4,"pivot":[5.25,15.95]},{"tweened":false,"ref":"bean_waist","loc":[-9.1994,-3.4764],"skew":[0.2618,0.2618],"duration":2,"index":6,"pivot":[10.4,10.8]}],"name":"bean_waist"},{"keyframes":[{"tweened":false,"ref":"bean_left_upperleg","loc":[-7.5955,26.3839],"skew":[-0.2618,-0.2618],"duration":2,"index":0,"pivot":[23,34.15]},{"tweened":false,"ref":"bean_left_upperleg","loc":[-15.4063,-1.2767],"skew":[-0.0518,-0.1765],"duration":2,"scale":[1.0078,1],"index":2,"pivot":[17.9,6.45]},{"tweened":false,"ref":"bean_left_upperleg","loc":[-15.3993,-2.3192],"skew":[-0.0518,-0.2711],"duration":2,"scale":[1.0245,1],"index":4,"pivot":[17.9,6.4]},{"tweened":false,"ref":"bean_left_upperleg","loc":[-14.8426,-0.3385],"skew":[-0.0518,-0.0518],"duration":2,"index":6,"pivot":[17.95,6.4]}],"name":"bean_left_upperleg"},{"keyframes":[{"tweened":false,"ref":"bean_left_lowerleg","loc":[-22.3187,38.75],"skew":[0.1203,0],"duration":2,"scale":[1,0.916],"index":0,"pivot":[10.7,16.55]},{"tweened":false,"ref":"bean_left_lowerleg","loc":[-24.3136,37.8933],"skew":[-0.0731,-0.0731],"duration":2,"scale":[1,0.9206],"index":2,"pivot":[7.15,15.7]},{"tweened":false,"ref":"bean_left_lowerleg","loc":[-23.2602,35.1031],"skew":[0.0351,-0.0731],"duration":2,"scale":[1,0.8938],"index":4,"pivot":[7.2,15.65]},{"tweened":false,"ref":"bean_left_lowerleg","loc":[-24.1899,36.5789],"skew":[0.0187,-0.0731],"duration":2,"scale":[1,0.924],"index":6,"pivot":[7.25,15.65]}],"name":"bean_left_lowerleg"},{"keyframes":[{"tweened":false,"ref":"bean_knee","loc":[-7.05,26.1],"duration":2,"index":0,"pivot":[4.3,3.25]},{"tweened":false,"ref":"bean_knee","loc":[-8.15,24.6],"duration":2,"index":2,"pivot":[4.3,3.25]},{"tweened":false,"ref":"bean_knee","loc":[-7.3,22.75],"duration":2,"index":4,"pivot":[4.3,3.25]},{"tweened":false,"ref":"bean_knee","loc":[-6.65,25],"duration":2,"index":6,"pivot":[4.3,3.25]}],"name":"bean_knee"}]}],"md5":"461411fbdbefb6d2e3787ca51aa9e15c","frameRate":30,"textureGroups":[{"scaleFactor":1,"atlases":[{"file":"atlas0.png","textures":[{"symbol":"idle_2","origin":[1,1.5],"rect":[1,1,159,163]},{"symbol":"idle_3","origin":[1,1.5],"rect":[163,1,159,163]},{"symbol":"idle_4","origin":[1,1.5],"rect":[325,1,159,159]},{"symbol":"idle_1","origin":[1,1.5],"rect":[325,162,159,158]},{"symbol":"bean_head_body_1","origin":[0,0],"rect":[1,166,70,78]},{"symbol":"bean_board","origin":[0.5,0.5],"rect":[73,166,157,25]},{"symbol":"bean_borad_right_leg","origin":[0,0],"rect":[73,193,92,29]},{"symbol":"bean_board_left_leg","origin":[0,0],"rect":[167,193,99,19]},{"symbol":"bean_left_arm","origin":[0,0],"rect":[232,166,73,24]},{"symbol":"bean_right_arm","origin":[0,0],"rect":[167,214,65,21]},{"symbol":"bean_left_upperleg","origin":[0,0],"rect":[267,192,27,36]},{"symbol":"wheel_right_4","origin":[0,0],"rect":[296,192,27,35]},{"symbol":"wheel_right_3","origin":[0,0],"rect":[234,214,27,35]},{"symbol":"wheel_right_1","origin":[0,0],"rect":[73,224,27,35]},{"symbol":"wheel_right_2","origin":[0,0],"rect":[102,224,27,35]},{"symbol":"wheel_left_3","origin":[0,0],"rect":[131,224,29,31]},{"symbol":"wheel_left_2","origin":[0,0],"rect":[263,230,29,31]},{"symbol":"wheel_left_4","origin":[0,0],"rect":[294,230,29,31]},{"symbol":"wheel_left_1","origin":[0,0],"rect":[162,237,29,31]},{"symbol":"bean_right_upperleg","origin":[0,0],"rect":[193,237,26,29]},{"symbol":"bean_right_lowerleg","origin":[0,0],"rect":[486,1,20,27]},{"symbol":"bean_left_lowerleg","origin":[0,0],"rect":[487,30,24,21]},{"symbol":"bean_waist","origin":[0,0],"rect":[486,53,21,22]},{"symbol":"bean_knee","origin":[0,0],"rect":[486,77,9,7]}]}]}]}