﻿<?xml version="1.0" encoding="UTF-16"?>
<TextureAtlas imagePath="animJerry.png">
	<!-- Created with Adobe Flash CS6 version 12.0.0.481 -->
	<!-- http://www.adobe.com/products/flash.html -->
	
	
	<SubTexture name="idle" x="168" y="395" width="86" height="95" frameX="-1" frameY="0" frameWidth="86" frameHeight="95"/>
	<SubTexture name="idle" x="254" y="395" width="85" height="95" frameX="-1" frameY="0" frameWidth="86" frameHeight="95"/>
	<SubTexture name="idle" x="339" y="395" width="85" height="95" frameX="-1" frameY="0" frameWidth="86" frameHeight="95"/>
	<SubTexture name="idle" x="424" y="395" width="86" height="95" frameX="-1" frameY="0" frameWidth="86" frameHeight="95"/>
	<SubTexture name="idle" x="0" y="494" width="86" height="95" frameX="-1" frameY="0" frameWidth="86" frameHeight="95"/>
	<SubTexture name="idle" x="86" y="494" width="85" height="95" frameX="-1" frameY="0" frameWidth="86" frameHeight="95"/>
	<SubTexture name="idle" x="171" y="494" width="85" height="95" frameX="-1" frameY="0" frameWidth="86" frameHeight="95"/>
	<SubTexture name="idle" x="256" y="494" width="85" height="95" frameX="-1" frameY="0" frameWidth="86" frameHeight="95"/>
	<SubTexture name="idle" x="341" y="494" width="86" height="95" frameX="-1" frameY="0" frameWidth="86" frameHeight="95"/>
	<SubTexture name="idle" x="168" y="395" width="86" height="95" frameX="-1" frameY="0" frameWidth="86" frameHeight="95"/>
	
	<SubTexture name="run" x="0" y="0" width="86" height="99" frameX="0" frameY="-1" frameWidth="98" frameHeight="101"/>
	<SubTexture name="run" x="0" y="0" width="86" height="99" frameX="0" frameY="-1" frameWidth="98" frameHeight="101"/>
	<SubTexture name="run" x="86" y="0" width="85" height="90" frameX="-1" frameY="-1" frameWidth="98" frameHeight="101"/>
	<SubTexture name="run" x="86" y="0" width="85" height="90" frameX="-1" frameY="-1" frameWidth="98" frameHeight="101"/>
	<SubTexture name="run" x="171" y="0" width="86" height="99" frameX="0" frameY="-2" frameWidth="98" frameHeight="101"/>
	<SubTexture name="run" x="171" y="0" width="86" height="99" frameX="0" frameY="-2" frameWidth="98" frameHeight="101"/>
	<SubTexture name="run" x="257" y="0" width="86" height="97" frameX="0" frameY="-2" frameWidth="98" frameHeight="101"/>
	<SubTexture name="run" x="257" y="0" width="86" height="97" frameX="0" frameY="-2" frameWidth="98" frameHeight="101"/>
	<SubTexture name="run" x="343" y="0" width="98" height="88" frameX="0" frameY="0" frameWidth="98" frameHeight="101"/>
	<SubTexture name="run" x="343" y="0" width="98" height="88" frameX="0" frameY="0" frameWidth="98" frameHeight="101"/>
	<SubTexture name="run" x="0" y="99" width="85" height="99" frameX="-1" frameY="-1" frameWidth="98" frameHeight="101"/>
	<SubTexture name="run" x="0" y="99" width="85" height="99" frameX="-1" frameY="-1" frameWidth="98" frameHeight="101"/>
	
	<SubTexture name="catch" x="85" y="99" width="85" height="99" frameX="-5" frameY="0" frameWidth="90" frameHeight="99"/>
	<SubTexture name="catch" x="170" y="99" width="85" height="95" frameX="-3" frameY="-4" frameWidth="90" frameHeight="99"/>
	<SubTexture name="catch" x="255" y="99" width="84" height="93" frameX="-1" frameY="-6" frameWidth="90" frameHeight="99"/>
	<SubTexture name="catch" x="339" y="99" width="83" height="91" frameX="0" frameY="-8" frameWidth="90" frameHeight="99"/>
	<SubTexture name="catch" x="422" y="99" width="80" height="91" frameX="-1" frameY="-8" frameWidth="90" frameHeight="99"/>
	<SubTexture name="catch" x="0" y="198" width="80" height="91" frameX="-1" frameY="-8" frameWidth="90" frameHeight="99"/>
	<SubTexture name="catch" x="422" y="99" width="80" height="91" frameX="-1" frameY="-8" frameWidth="90" frameHeight="99"/>
	<SubTexture name="catch" x="80" y="198" width="82" height="91" frameX="-1" frameY="-8" frameWidth="90" frameHeight="99"/>
	<SubTexture name="catch" x="162" y="198" width="84" height="92" frameX="-1" frameY="-7" frameWidth="90" frameHeight="99"/>
	<SubTexture name="catch" x="246" y="198" width="84" height="94" frameX="-2" frameY="-5" frameWidth="90" frameHeight="99"/>
	<SubTexture name="catch" x="330" y="198" width="85" height="96" frameX="-3" frameY="-3" frameWidth="90" frameHeight="99"/>
	<SubTexture name="catch" x="85" y="99" width="85" height="99" frameX="-5" frameY="0" frameWidth="90" frameHeight="99"/>
	<SubTexture name="catch" x="85" y="99" width="85" height="99" frameX="-5" frameY="0" frameWidth="90" frameHeight="99"/>
	<SubTexture name="catch" x="85" y="99" width="85" height="99" frameX="-5" frameY="0" frameWidth="90" frameHeight="99"/>
	<SubTexture name="catch" x="85" y="99" width="85" height="99" frameX="-5" frameY="0" frameWidth="90" frameHeight="99"/>
	
	<SubTexture name="hit" x="415" y="198" width="83" height="99" frameX="-1" frameY="0" frameWidth="85" frameHeight="99"/>
	<SubTexture name="hit" x="0" y="297" width="84" height="98" frameX="-1" frameY="0" frameWidth="85" frameHeight="99"/>
	<SubTexture name="hit" x="84" y="297" width="84" height="98" frameX="-1" frameY="0" frameWidth="85" frameHeight="99"/>
	<SubTexture name="hit" x="168" y="297" width="84" height="97" frameX="-1" frameY="0" frameWidth="85" frameHeight="99"/>
	<SubTexture name="hit" x="252" y="297" width="85" height="97" frameX="0" frameY="0" frameWidth="85" frameHeight="99"/>
	<SubTexture name="hit" x="337" y="297" width="84" height="97" frameX="-1" frameY="0" frameWidth="85" frameHeight="99"/>
	<SubTexture name="hit" x="421" y="297" width="84" height="98" frameX="-1" frameY="0" frameWidth="85" frameHeight="99"/>
	<SubTexture name="hit" x="0" y="395" width="84" height="98" frameX="-1" frameY="0" frameWidth="85" frameHeight="99"/>
	<SubTexture name="hit" x="84" y="395" width="84" height="99" frameX="-1" frameY="0" frameWidth="85" frameHeight="99"/>
	<SubTexture name="hit" x="415" y="198" width="83" height="99" frameX="-1" frameY="0" frameWidth="85" frameHeight="99"/>
	
</TextureAtlas>
