﻿<?xml version="1.0" encoding="UTF-16"?>
<TextureAtlas imagePath="animNibbles.png">
	<!-- Created with Adobe Flash CS6 version 12.0.0.481 -->
	<!-- http://www.adobe.com/products/flash.html -->
	<SubTexture name="idle" x="0" y="0" width="72" height="68" frameX="-1" frameY="0" frameWidth="72" frameHeight="68"/>
	<SubTexture name="idle" x="72" y="0" width="72" height="68" frameX="-1" frameY="0" frameWidth="72" frameHeight="68"/>
	<SubTexture name="idle" x="144" y="0" width="72" height="68" frameX="-1" frameY="0" frameWidth="72" frameHeight="68"/>
	<SubTexture name="idle" x="216" y="0" width="72" height="68" frameX="-1" frameY="0" frameWidth="72" frameHeight="68"/>
	<SubTexture name="idle" x="288" y="0" width="71" height="68" frameX="-1" frameY="0" frameWidth="72" frameHeight="68"/>
	<SubTexture name="idle" x="216" y="0" width="72" height="68" frameX="-1" frameY="0" frameWidth="72" frameHeight="68"/>
	<SubTexture name="idle" x="144" y="0" width="72" height="68" frameX="-1" frameY="0" frameWidth="72" frameHeight="68"/>
	<SubTexture name="idle" x="72" y="0" width="72" height="68" frameX="-1" frameY="0" frameWidth="72" frameHeight="68"/>
	<SubTexture name="idle" x="0" y="0" width="72" height="68" frameX="-1" frameY="0" frameWidth="72" frameHeight="68"/>
	<SubTexture name="run2" x="359" y="0" width="80" height="66" frameX="0" frameY="-1" frameWidth="80" frameHeight="69"/>
	<SubTexture name="run2" x="0" y="68" width="77" height="66" frameX="-1" frameY="-1" frameWidth="80" frameHeight="69"/>
	<SubTexture name="run2" x="77" y="68" width="76" height="67" frameX="-1" frameY="0" frameWidth="80" frameHeight="69"/>
	<SubTexture name="run2" x="153" y="68" width="74" height="67" frameX="-1" frameY="-1" frameWidth="80" frameHeight="69"/>
	<SubTexture name="run2" x="227" y="68" width="72" height="68" frameX="0" frameY="-1" frameWidth="80" frameHeight="69"/>
	<SubTexture name="run2" x="299" y="68" width="77" height="68" frameX="0" frameY="-1" frameWidth="80" frameHeight="69"/>
	<SubTexture name="run2" x="376" y="68" width="80" height="68" frameX="0" frameY="-1" frameWidth="80" frameHeight="69"/>
	<SubTexture name="run2" x="0" y="136" width="80" height="66" frameX="0" frameY="-2" frameWidth="80" frameHeight="69"/>
	<SubTexture name="run2" x="80" y="136" width="80" height="66" frameX="0" frameY="-2" frameWidth="80" frameHeight="69"/>
	<SubTexture name="run2" x="160" y="136" width="75" height="68" frameX="0" frameY="-1" frameWidth="80" frameHeight="69"/>
	<SubTexture name="run2" x="235" y="136" width="72" height="68" frameX="0" frameY="-1" frameWidth="80" frameHeight="69"/>
	<SubTexture name="run2" x="235" y="136" width="72" height="68" frameX="0" frameY="-1" frameWidth="80" frameHeight="69"/>
	<SubTexture name="run" x="307" y="136" width="78" height="66" frameX="-1" frameY="-1" frameWidth="80" frameHeight="69"/>
	<SubTexture name="run" x="385" y="136" width="77" height="66" frameX="-1" frameY="-1" frameWidth="80" frameHeight="69"/>
	<SubTexture name="run" x="0" y="204" width="77" height="67" frameX="-1" frameY="0" frameWidth="80" frameHeight="69"/>
	<SubTexture name="run" x="77" y="204" width="74" height="67" frameX="-1" frameY="-1" frameWidth="80" frameHeight="69"/>
	<SubTexture name="run" x="151" y="204" width="71" height="68" frameX="-1" frameY="-1" frameWidth="80" frameHeight="69"/>
	<SubTexture name="run" x="222" y="204" width="75" height="68" frameX="-1" frameY="-1" frameWidth="80" frameHeight="69"/>
	<SubTexture name="run" x="297" y="204" width="80" height="67" frameX="0" frameY="-1" frameWidth="80" frameHeight="69"/>
	<SubTexture name="run" x="377" y="204" width="80" height="66" frameX="0" frameY="-2" frameWidth="80" frameHeight="69"/>
	<SubTexture name="run" x="0" y="272" width="79" height="66" frameX="0" frameY="-2" frameWidth="80" frameHeight="69"/>
	<SubTexture name="run" x="79" y="272" width="75" height="67" frameX="0" frameY="-1" frameWidth="80" frameHeight="69"/>
	<SubTexture name="run" x="154" y="272" width="73" height="67" frameX="-1" frameY="-1" frameWidth="80" frameHeight="69"/>
	<SubTexture name="run" x="154" y="272" width="73" height="67" frameX="-1" frameY="-1" frameWidth="80" frameHeight="69"/>
</TextureAtlas>
