{"movies":[{"id":"bean_hit","layers":[{"keyframes":[{"tweened":false,"ref":"idle_1","loc":[0,6.3],"duration":1,"index":0,"pivot":[79.1,78.85]},{"tweened":false,"ref":"hit_2","loc":[-0.35,-5.3],"duration":1,"index":1,"pivot":[79.3,90.85]},{"tweened":false,"ref":"hit_3","loc":[-9.45,-10.45],"duration":1,"index":2,"pivot":[87.95,95.95]},{"tweened":false,"ref":"hit_4","loc":[-0.05,-8.7],"duration":2,"index":3,"pivot":[79.15,94.05]},{"tweened":false,"ref":"hit_5","loc":[8.5,9.8],"duration":1,"index":5,"pivot":[83.05,75.75]},{"tweened":false,"ref":"hit_6","loc":[0.15,6.1],"duration":1,"index":6,"pivot":[79.75,79.4]},{"tweened":false,"ref":"idle_1","loc":[0,6.3],"duration":1,"index":7,"pivot":[79.1,78.85]}],"name":"outline"},{"keyframes":[{"tweened":false,"ref":"wheel_right_1","loc":[46.3,66.55],"duration":1,"index":0,"pivot":[13.1,17.1]},{"tweened":false,"ref":"wheel_right_2","loc":[50.2913,74.7831],"skew":[0.1086,0.1086],"duration":1,"index":1,"pivot":[15.05,25.1]},{"tweened":false,"ref":"wheel_right_2","loc":[50.2913,74.7831],"skew":[0.1086,0.1086],"duration":1,"index":2,"pivot":[15.05,25.1]},{"tweened":false,"ref":"wheel_right_3","loc":[51.1016,74.4887],"skew":[0.1086,0.1086],"duration":2,"index":3,"pivot":[15.1,25]},{"tweened":false,"ref":"wheel_right_4","loc":[48.5413,74.7831],"skew":[0.1086,0.1086],"duration":1,"index":5,"pivot":[15.05,25.1]},{"tweened":false,"ref":"wheel_right_4","loc":[48.5413,74.7831],"skew":[0.1086,0.1086],"duration":1,"index":6,"pivot":[15.05,25.1]},{"tweened":false,"ref":"wheel_right_1","loc":[46.3,66.55],"duration":1,"index":7,"pivot":[13.1,17.1]}],"name":"wheel_right"},{"keyframes":[{"tweened":false,"ref":"wheel_left_1","loc":[-46.8,62.5],"duration":1,"index":0,"pivot":[14.25,15.15]},{"tweened":false,"ref":"wheel_left_2","loc":[-49.311,62.2554],"skew":[0.1346,0.1346],"duration":1,"index":1,"pivot":[14.1,15.15]},{"tweened":false,"ref":"wheel_left_2","loc":[-49.311,62.2554],"skew":[0.1346,0.1346],"duration":1,"index":2,"pivot":[14.1,15.15]},{"tweened":false,"ref":"wheel_left_3","loc":[-50.0568,61.2325],"skew":[0.2566,0.2566],"duration":2,"index":3,"pivot":[14.1,15.15]},{"tweened":false,"ref":"wheel_left_4","loc":[-47.811,62.2554],"skew":[0.1346,0.1346],"duration":1,"index":5,"pivot":[14.1,15.15]},{"tweened":false,"ref":"wheel_left_4","loc":[-47.811,62.2554],"skew":[0.1346,0.1346],"duration":1,"index":6,"pivot":[14.1,15.15]},{"tweened":false,"ref":"wheel_left_1","loc":[-46.8,62.5],"duration":1,"index":7,"pivot":[14.25,15.15]}],"name":"wheel_left"},{"keyframes":[{"tweened":false,"ref":"bean_board_left_leg","loc":[-17.1,51.9],"duration":1,"index":0,"pivot":[49.1,9.2]},{"tweened":false,"ref":"bean_board_left_leg","loc":[-54.603,58.4146],"skew":[-0.0649,-0.0649],"duration":1,"index":1,"pivot":[11.6,15.75]},{"tweened":false,"ref":"bean_board_left_leg","loc":[-54.603,54.9146],"skew":[-0.0649,-0.0649],"duration":1,"index":2,"pivot":[11.6,15.75]},{"tweened":false,"ref":"bean_board_left_leg","loc":[-54.5898,58.421],"skew":[-0.0994,-0.0994],"duration":2,"index":3,"pivot":[11.6,15.8]},{"tweened":false,"ref":"bean_board_left_leg","loc":[-54.603,58.4146],"skew":[-0.0649,-0.0649],"duration":1,"index":5,"pivot":[11.6,15.75]},{"tweened":false,"ref":"bean_board_left_leg","loc":[-54.603,58.4146],"skew":[-0.0649,-0.0649],"duration":1,"index":6,"pivot":[11.6,15.75]},{"tweened":false,"ref":"bean_board_left_leg","loc":[-17.1,51.9],"duration":1,"index":7,"pivot":[49.1,9.2]}],"name":"bean_board_left_leg"},{"keyframes":[{"tweened":false,"ref":"bean_borad_right_leg","loc":[17.35,54.3],"duration":1,"index":0,"pivot":[45.55,14.25]},{"tweened":false,"ref":"bean_borad_right_leg","loc":[54.3509,60.2991],"skew":[0.0654,0.0654],"duration":1,"index":1,"pivot":[82.55,20.25]},{"tweened":false,"ref":"bean_borad_right_leg","loc":[54.3509,57.2991],"skew":[0.0654,0.0654],"duration":1,"index":2,"pivot":[82.55,20.25]},{"tweened":false,"ref":"bean_borad_right_leg","loc":[54.3393,60.2954],"skew":[0.1044,0.1044],"duration":2,"index":3,"pivot":[82.55,20.25]},{"tweened":false,"ref":"bean_borad_right_leg","loc":[54.3509,60.2991],"skew":[0.0654,0.0654],"duration":1,"index":5,"pivot":[82.55,20.25]},{"tweened":false,"ref":"bean_borad_right_leg","loc":[54.3509,60.2991],"skew":[0.0654,0.0654],"duration":1,"index":6,"pivot":[82.55,20.25]},{"tweened":false,"ref":"bean_borad_right_leg","loc":[17.35,54.3],"duration":1,"index":7,"pivot":[45.55,14.25]}],"name":"bean_borad_right_leg"},{"keyframes":[{"tweened":false,"ref":"bean_board","loc":[0,43.35],"duration":1,"index":0,"pivot":[78.1,12]},{"tweened":false,"ref":"bean_board","loc":[-64.0153,44.3462],"skew":[-0.0646,-0.0646],"duration":1,"index":1,"pivot":[14.15,11.55]},{"tweened":false,"ref":"bean_board","loc":[-41.7826,45.7641],"skew":[-0.139,-0.139],"duration":1,"index":2,"pivot":[35.85,15]},{"tweened":false,"ref":"bean_board","loc":[-0.0072,38.8602],"skew":[-0.0082,-0.0082],"duration":2,"index":3,"pivot":[78.1,12.05]},{"tweened":false,"ref":"bean_board","loc":[3.0149,38.8726],"skew":[0.1221,0.1221],"duration":1,"index":5,"pivot":[78.15,12.05]},{"tweened":false,"ref":"bean_board","loc":[0.0693,39.3088],"skew":[-0.0997,-0.0997],"duration":1,"index":6,"pivot":[78.2,12.1]},{"tweened":false,"ref":"bean_board","loc":[0,43.35],"duration":1,"index":7,"pivot":[78.1,12]}],"name":"bean_board"},{"keyframes":[{"tweened":false,"ref":"bean_right_upperleg","loc":[10.6284,22.4652],"skew":[-0.2618,-0.2618],"duration":1,"index":0,"pivot":[22.65,24.15]},{"tweened":false,"ref":"bean_right_upperleg","loc":[-12.3338,-8.3122],"skew":[-0.3999,-0.3265],"duration":1,"scale":[1,1.0027],"index":1,"pivot":[6.15,5.1]},{"tweened":false,"ref":"bean_right_upperleg","loc":[-24.5933,-20.536],"skew":[-0.7878,-0.7143],"duration":1,"scale":[1,1.0027],"index":2,"pivot":[6.15,5.15]},{"tweened":false,"ref":"bean_right_upperleg","loc":[-14.2627,-12.9144],"skew":[-0.647,-0.5883],"duration":2,"scale":[1,1.0017],"index":3,"pivot":[6.2,5.1]},{"tweened":false,"ref":"bean_right_upperleg","loc":[0.7784,-5.2808],"skew":[0.079,0.079],"duration":1,"index":5,"pivot":[6.15,5.1]},{"tweened":false,"ref":"bean_right_upperleg","loc":[-11.8297,-3.2778],"skew":[-0.1428,-0.1428],"duration":1,"index":6,"pivot":[6.15,5.15]},{"tweened":false,"ref":"bean_right_upperleg","loc":[10.6284,22.4652],"skew":[-0.2618,-0.2618],"duration":1,"index":7,"pivot":[22.65,24.15]}],"name":"bean_right_upperleg"},{"keyframes":[{"tweened":false,"ref":"bean_right_lowerleg","loc":[12.8648,41.15],"skew":[0.1722,0],"duration":1,"scale":[1,0.7786],"index":0,"pivot":[9.85,21.25]},{"tweened":false,"ref":"bean_right_lowerleg","loc":[8.9828,28.7689],"skew":[0.0431,0.0466],"duration":1,"index":1,"pivot":[5.15,22.3]},{"tweened":false,"ref":"bean_right_lowerleg","loc":[10.4737,2.7449],"skew":[-0.4805,-0.4805],"duration":1,"index":2,"pivot":[5.15,22.3]},{"tweened":false,"ref":"bean_right_lowerleg","loc":[20.0563,13.9737],"skew":[-0.4805,-0.4805],"duration":2,"index":3,"pivot":[5.1,22.25]},{"tweened":false,"ref":"bean_right_lowerleg","loc":[11.1104,38.5175],"skew":[0.1868,0.1868],"duration":1,"index":5,"pivot":[5.15,22.35]},{"tweened":false,"ref":"bean_right_lowerleg","loc":[7.8296,37.1578],"skew":[-0.035,-0.035],"duration":1,"index":6,"pivot":[5.1,22.35]},{"tweened":false,"ref":"bean_right_lowerleg","loc":[12.8648,41.15],"skew":[0.1722,0],"duration":1,"scale":[1,0.7786],"index":7,"pivot":[9.85,21.25]}],"name":"bean_right_lowerleg"},{"keyframes":[{"tweened":false,"ref":"bean_knee","loc":[13.9446,24.8264],"skew":[-0.2618,-0.2618],"duration":1,"index":0,"pivot":[4.3,3.25]},{"tweened":false,"ref":"bean_knee","loc":[13.5946,5.9764],"skew":[-0.2618,-0.2618],"duration":1,"index":1,"pivot":[4.3,3.25]},{"tweened":false,"ref":"bean_knee","loc":[3.3421,-18.5103],"skew":[-0.5236,-0.5236],"duration":1,"index":2,"pivot":[4.35,3.25]},{"tweened":false,"ref":"bean_knee","loc":[13.8446,-6.0236],"skew":[-0.2618,-0.2618],"duration":2,"index":3,"pivot":[4.3,3.25]},{"tweened":false,"ref":"bean_knee","loc":[18.459,17.0701],"skew":[-0.1181,-0.1181],"duration":1,"index":5,"pivot":[4.3,3.3]},{"tweened":false,"ref":"bean_knee","loc":[10.2876,14.5301],"skew":[-0.34,-0.34],"duration":1,"index":6,"pivot":[4.3,3.25]},{"tweened":false,"ref":"bean_knee","loc":[13.9446,24.8264],"skew":[-0.2618,-0.2618],"duration":1,"index":7,"pivot":[4.3,3.25]}],"name":"bean_knee"},{"keyframes":[{"tweened":false,"ref":"bean_right_arm","loc":[14.4,-9],"duration":1,"index":0,"pivot":[4.9,4.1]},{"tweened":false,"ref":"bean_right_arm","loc":[-2.4647,-33.3035],"skew":[0.108,0.108],"duration":1,"index":1,"pivot":[3.9,4.1]},{"tweened":false,"ref":"bean_right_arm","loc":[-36.481,-52.2937],"skew":[-0.4156,-0.4156],"duration":1,"index":2,"pivot":[3.95,4.1]},{"tweened":false,"ref":"bean_right_arm","loc":[-5.4154,-39.028],"skew":[-0.1934,-0.1934],"duration":2,"index":3,"pivot":[3.9,4.2]},{"tweened":false,"ref":"bean_right_arm","loc":[33.0063,-11.9581],"skew":[0.2516,0.2516],"duration":1,"index":5,"pivot":[3.9,4.1]},{"tweened":false,"ref":"bean_right_arm","loc":[18.026,-16.8885],"skew":[0.0298,0.0298],"duration":1,"index":6,"pivot":[3.8,4.1]},{"tweened":false,"ref":"bean_right_arm","loc":[14.4,-9],"duration":1,"index":7,"pivot":[4.9,4.1]}],"name":"bean_right_arm"},{"keyframes":[{"tweened":false,"ref":"bean_left_arm","loc":[5.5837,-17.391],"skew":[0.0791,0.0791],"duration":1,"index":0,"pivot":[64.4,9.05]},{"tweened":false,"ref":"bean_left_arm","loc":[-7.358,-36.2772],"skew":[-0.3053,-0.3053],"duration":1,"index":1,"pivot":[68.85,10.4]},{"tweened":false,"ref":"bean_left_arm","loc":[-39.8436,-50.0465],"skew":[-0.5799,-0.5799],"duration":1,"index":2,"pivot":[68.9,10.35]},{"tweened":false,"ref":"bean_left_arm","loc":[-7.6021,-44.7357],"skew":[-0.3012,-0.3012],"duration":2,"index":3,"pivot":[69,10.3]},{"tweened":false,"ref":"bean_left_arm","loc":[30.3115,-15.39],"skew":[0.4793,0.4793],"duration":1,"index":5,"pivot":[68.9,10.35]},{"tweened":false,"ref":"bean_left_arm","loc":[14.7265,-19.6315],"skew":[0.2575,0.2575],"duration":1,"index":6,"pivot":[68.95,10.4]},{"tweened":false,"ref":"bean_left_arm","loc":[5.5837,-17.391],"skew":[0.0791,0.0791],"duration":1,"index":7,"pivot":[64.4,9.05]}],"name":"bean_left_arm"},{"keyframes":[{"tweened":false,"ref":"bean_head_body_1","loc":[-10.6516,-3.4468],"skew":[0.214,0.214],"duration":1,"index":0,"pivot":[6.6,72.3]},{"tweened":false,"ref":"bean_head_body_3","loc":[-5.7412,-9.5214],"skew":[-0.8522,-0.8522],"duration":1,"index":1,"pivot":[6.1,71.8]},{"tweened":false,"ref":"bean_head_body_3","loc":[-22.0088,-30.231],"skew":[-1.5059,-1.5059],"duration":1,"index":2,"pivot":[6.05,71.8]},{"tweened":false,"ref":"bean_head_body_3","loc":[-7.9958,-16.5419],"skew":[-0.7826,-0.7826],"duration":2,"index":3,"pivot":[6.1,71.8]},{"tweened":false,"ref":"bean_head_body_2","loc":[3.3426,-1.3182],"skew":[0.2206,0.2206],"duration":1,"index":5,"pivot":[6.05,71.8]},{"tweened":false,"ref":"bean_head_body_2","loc":[-8.5147,-0.0082],"skew":[-0.0012,-0.0012],"duration":1,"index":6,"pivot":[6,71.75]},{"tweened":false,"ref":"bean_head_body_1","loc":[-10.6516,-3.4468],"skew":[0.214,0.214],"duration":1,"index":7,"pivot":[6.6,72.3]}],"name":"bean_head_body"},{"keyframes":[{"tweened":false,"ref":"bean_waist","loc":[-16.2124,-0.2281],"skew":[0.2618,0.2618],"duration":1,"index":0,"pivot":[10.4,10.85]},{"tweened":false,"ref":"bean_waist","loc":[-17.2093,-9.0099],"skew":[-0.2618,-0.2618],"duration":1,"index":1,"pivot":[10.4,10.8]},{"tweened":false,"ref":"bean_waist","loc":[-31.4245,-23.2524],"skew":[-0.7854,-0.7854],"duration":1,"index":2,"pivot":[10.45,10.8]},{"tweened":false,"ref":"bean_waist","loc":[-22.0636,-9.2447],"skew":[-0.3443,-0.3443],"duration":2,"index":3,"pivot":[5.35,16]},{"tweened":false,"ref":"bean_waist","loc":[-2.4028,-10.2616],"skew":[0.6672,0.6672],"duration":1,"index":5,"pivot":[10.35,10.8]},{"tweened":false,"ref":"bean_waist","loc":[-16.0629,-7.4448],"skew":[0.4454,0.4454],"duration":1,"index":6,"pivot":[10.35,10.8]},{"tweened":false,"ref":"bean_waist","loc":[-16.2124,-0.2281],"skew":[0.2618,0.2618],"duration":1,"index":7,"pivot":[10.4,10.85]}],"name":"bean_waist"},{"keyframes":[{"tweened":false,"ref":"bean_left_upperleg","loc":[-7.5955,26.3839],"skew":[-0.2618,-0.2618],"duration":1,"index":0,"pivot":[23,34.15]},{"tweened":false,"ref":"bean_left_upperleg","loc":[-19.9585,-5.1729],"skew":[-0.1045,-0.2292],"duration":1,"scale":[1.0078,1],"index":1,"pivot":[17.85,6.45]},{"tweened":false,"ref":"bean_left_upperleg","loc":[-32.211,-16.4589],"skew":[-0.0518,-0.1765],"duration":1,"scale":[1.0078,1],"index":2,"pivot":[17.8,6.35]},{"tweened":false,"ref":"bean_left_upperleg","loc":[-22.1852,-11.5681],"skew":[0.1236,0.1468],"duration":2,"scale":[1.0245,0.9763],"index":3,"pivot":[17.9,6.45]},{"tweened":false,"ref":"bean_left_upperleg","loc":[-6.9123,-9.6814],"skew":[0.0918,0.0918],"duration":1,"index":5,"pivot":[17.95,6.4]},{"tweened":false,"ref":"bean_left_upperleg","loc":[-20.2788,-5.9368],"skew":[-0.13,-0.13],"duration":1,"index":6,"pivot":[18,6.35]},{"tweened":false,"ref":"bean_left_upperleg","loc":[-7.5955,26.3839],"skew":[-0.2618,-0.2618],"duration":1,"index":7,"pivot":[23,34.15]}],"name":"bean_left_upperleg"},{"keyframes":[{"tweened":false,"ref":"bean_left_lowerleg","loc":[-22.3187,38.75],"skew":[0.1203,0],"duration":1,"scale":[1,0.916],"index":0,"pivot":[10.7,16.55]},{"tweened":false,"ref":"bean_left_lowerleg","loc":[-24.296,36.5977],"skew":[-0.195,-0.195],"duration":1,"index":1,"pivot":[7.25,15.7]},{"tweened":false,"ref":"bean_left_lowerleg","loc":[-24.3618,31.1122],"skew":[-0.8585,-0.8585],"duration":1,"index":2,"pivot":[7.2,15.7]},{"tweened":false,"ref":"bean_left_lowerleg","loc":[-21.3039,35.1022],"skew":[-0.7444,-0.7444],"duration":2,"index":3,"pivot":[7.15,15.7]},{"tweened":false,"ref":"bean_left_lowerleg","loc":[-20.4708,30.215],"skew":[0.0705,0.0705],"duration":1,"index":5,"pivot":[7.15,15.65]},{"tweened":false,"ref":"bean_left_lowerleg","loc":[-24.8233,35.9937],"skew":[-0.1513,-0.1513],"duration":1,"index":6,"pivot":[7.15,15.65]},{"tweened":false,"ref":"bean_left_lowerleg","loc":[-22.3187,38.75],"skew":[0.1203,0],"duration":1,"scale":[1,0.916],"index":7,"pivot":[10.7,16.55]}],"name":"bean_left_lowerleg"},{"keyframes":[{"tweened":false,"ref":"bean_knee","loc":[-7.05,26.1],"duration":1,"index":0,"pivot":[4.3,3.25]},{"tweened":false,"ref":"bean_knee","loc":[-10.4,21.1],"duration":1,"index":1,"pivot":[4.3,3.25]},{"tweened":false,"ref":"bean_knee","loc":[-24.15,11.85],"duration":1,"index":2,"pivot":[4.3,3.25]},{"tweened":false,"ref":"bean_knee","loc":[-18.65,15.85],"duration":2,"index":3,"pivot":[4.3,3.25]},{"tweened":false,"ref":"bean_knee","loc":[-2.4523,18.8826],"skew":[0.1436,0.1436],"duration":1,"index":5,"pivot":[4.3,3.2]},{"tweened":false,"ref":"bean_knee","loc":[-9.7092,21.0081],"skew":[-0.0782,-0.0782],"duration":1,"index":6,"pivot":[4.25,3.25]},{"tweened":false,"ref":"bean_knee","loc":[-7.05,26.1],"duration":1,"index":7,"pivot":[4.3,3.25]}],"name":"bean_knee"},{"keyframes":[{"duration":1,"index":0},{"tweened":false,"ref":"hit_fx","loc":[2.9479,-38.2649],"skew":[0,-0.0081],"duration":1,"scale":[0.6305,0.6305],"index":1,"pivot":[61.85,64.55]},{"tweened":false,"ref":"hit_fx","loc":[2.95,-38.2492],"skew":[0,-0.0081],"duration":1,"index":2,"pivot":[61.85,64.55]},{"tweened":false,"ref":"hit_fx","loc":[2.9731,-38.2848],"skew":[0,-0.0081],"duration":1,"scale":[1.5412,1.5412],"alpha":0.6797,"index":3,"pivot":[61.85,64.55]},{"tweened":false,"ref":"hit_fx","loc":[2.8482,-38.2213],"skew":[0,-0.0081],"duration":1,"scale":[1.8164,1.8163],"alpha":0.1797,"index":4,"pivot":[61.8,64.6]},{"duration":3,"index":5}],"name":"flash1.ai"}]}],"md5":"cad759510fc69c952c432fa6564c2032","frameRate":30,"textureGroups":[{"scaleFactor":1,"atlases":[{"file":"atlas0.png","textures":[{"symbol":"hit_3","origin":[0.95,1.5],"rect":[1,1,176,192]},{"symbol":"hit_4","origin":[1,1.5],"rect":[179,1,159,189]},{"symbol":"hit_2","origin":[1.05,1.5],"rect":[340,1,159,182]},{"symbol":"hit_6","origin":[1,1.5],"rect":[340,185,160,159]},{"symbol":"hit_5","origin":[1,1.5],"rect":[1,195,167,152]},{"symbol":"idle_1","origin":[1,1.5],"rect":[179,192,159,158]},{"symbol":"hit_fx","origin":[0,0],"rect":[340,346,124,130]},{"symbol":"bean_head_body_2","origin":[0,0],"rect":[1,349,79,70]},{"symbol":"bean_head_body_3","origin":[0,0],"rect":[83,349,79,70]},{"symbol":"bean_head_body_1","origin":[0,0],"rect":[164,352,70,78]},{"symbol":"bean_board","origin":[0.5,0.5],"rect":[1,421,157,25]},{"symbol":"bean_borad_right_leg","origin":[0,0],"rect":[236,352,92,29]},{"symbol":"bean_board_left_leg","origin":[0,0],"rect":[236,383,99,19]},{"symbol":"bean_left_arm","origin":[0,0],"rect":[236,404,73,24]},{"symbol":"bean_right_arm","origin":[0,0],"rect":[236,430,65,21]},{"symbol":"bean_left_upperleg","origin":[0,0],"rect":[466,346,27,36]},{"symbol":"wheel_right_1","origin":[0,0],"rect":[466,384,27,35]},{"symbol":"wheel_right_2","origin":[0,0],"rect":[311,404,27,35]},{"symbol":"wheel_right_3","origin":[0,0],"rect":[466,421,27,35]},{"symbol":"wheel_right_4","origin":[0,0],"rect":[160,432,27,35]},{"symbol":"wheel_left_3","origin":[0,0],"rect":[189,432,29,31]},{"symbol":"wheel_left_2","origin":[0,0],"rect":[303,441,29,31]},{"symbol":"wheel_left_4","origin":[0,0],"rect":[1,448,29,31]},{"symbol":"wheel_left_1","origin":[0,0],"rect":[33,448,29,31]},{"symbol":"bean_right_upperleg","origin":[0,0],"rect":[64,448,26,29]},{"symbol":"bean_right_lowerleg","origin":[0,0],"rect":[93,448,20,27]},{"symbol":"bean_left_lowerleg","origin":[0,0],"rect":[115,448,24,21]},{"symbol":"bean_waist","origin":[0,0],"rect":[220,453,21,22]},{"symbol":"bean_knee","origin":[0,0],"rect":[501,1,9,7]}]}]}]}