{"imagePath":"db_hud_tex.png","SubTexture":[{"x":980,"width":32,"name":"_DB_FOR_UI/_TRASH/_ui/_hud/_TRASH/_ui/_portraits/portrait_cooldown_module","y":603,"height":32},{"x":1913,"width":12,"name":"_DB_FOR_UI/_redPoint","y":541,"height":12},{"x":2043,"width":3,"name":"_DB_FOR_UI/_TRASH/_ui/_hud/_TRASH/_ui/_portraits/portrait_cooldown_needle","y":0,"height":35},{"x":803,"width":66,"name":"_DB_FOR_UI/_TRASH/_ui/_hud/_TRASH/_ui/_portraits/portrait_cooldown_frame","y":564,"height":66},{"x":1182,"width":257,"name":"__dbTextures/_DB_FOR_UI/_TRASH/_ui copy 2/_hud/_boost/boost_feedback_container/Layer 5_0","y":456,"height":32},{"x":1334,"width":48,"name":"__dbTextures/_DB_FOR_UI/_TRASH/_ui copy 2/_hud/_boost/boost_feedback_container/Layer 4_0","y":522,"height":48},{"x":1913,"width":12,"name":"_DB_FOR_UI/_TRASH/_ui copy/_buttons/_redPoint","y":554,"height":12},{"x":2043,"width":4,"name":"_DB_FOR_UI/_TRASH/_ui copy 2/_hud/_boost/boost_bmo_rock_4","y":59,"height":4},{"x":1677,"width":5,"name":"_DB_FOR_UI/_TRASH/_ui copy 2/_hud/_boost/boost_bmo_rock_3","y":193,"height":5},{"x":1677,"width":6,"name":"_DB_FOR_UI/_TRASH/_ui copy 2/_hud/_boost/boost_bmo_rock_2","y":186,"height":6},{"x":1989,"width":21,"name":"_DB_FOR_UI/_TRASH/_ui copy 2/_hud/_boost/boost_bmo_rock","y":620,"height":21},{"x":1677,"width":5,"name":"_DB_FOR_UI/_TRASH/_ui copy 2/_hud/_boost/boost_bmo_rock_1","y":199,"height":5},{"x":2007,"width":39,"name":"_DB_FOR_UI/_TRASH/TRASH/Symbol 10","y":357,"height":35},{"x":1089,"width":34,"name":"_DB_FOR_UI/_TRASH/_ui copy 2/_hud/_boost/boost_lumpy_character","y":587,"height":33},{"x":1531,"width":26,"name":"_DB_FOR_UI/_TRASH/_ui copy 2/_hud/_boost/boost_iceking_arm_straight","y":615,"height":18},{"x":649,"width":17,"name":"_DB_FOR_UI/_TRASH/_ui copy 2/_hud/_boost/boost_iceking_arm_flex","y":619,"height":19},{"x":2002,"width":44,"name":"_DB_FOR_UI/_TRASH/_ui copy 2/_hud/_boost/boost_iceking_character","y":431,"height":60},{"x":1182,"width":76,"name":"_DB_FOR_UI/_TRASH/TRASH/marceline_ring_boost1","y":522,"height":76},{"x":553,"width":76,"name":"_DB_FOR_UI/_TRASH/TRASH/marceline_ring_boost2","y":506,"height":76},{"x":1440,"width":67,"name":"_DB_FOR_UI/_TRASH/_ui copy 2/_hud/_boost/boost_marceline_character","y":546,"height":67},{"x":1384,"width":55,"name":"_DB_FOR_UI/_TRASH/_ui copy 2/_hud/_boost/boost_bubblegum_ball","y":489,"height":55},{"x":2007,"width":38,"name":"_DB_FOR_UI/_TRASH/_ui copy 2/_hud/_boost/boost_bubblegum_character","y":270,"height":41},{"x":475,"width":55,"name":"_DB_FOR_UI/_TRASH/TRASH/grid_for_BG","y":583,"height":55},{"x":937,"width":20,"name":"_DB_FOR_UI/_TRASH/_ui copy 2/_hud/_boost/boost_finn_rock_1","y":617,"height":24},{"x":1738,"width":67,"name":"_DB_FOR_UI/_TRASH/_ui copy 2/_hud/_boost/boost_finn_character","y":568,"height":56},{"x":1232,"width":21,"name":"_DB_FOR_UI/_TRASH/_ui copy 2/_hud/_boost/boost_finn_rock_2","y":620,"height":20},{"x":1259,"width":59,"name":"_DB_FOR_UI/_TRASH/_ui copy 2/_hud/_boost/boost_jake_character","y":597,"height":40},{"x":1059,"width":29,"name":"_DB_FOR_UI/_TRASH/TRASH/Symbol 11","y":528,"height":42},{"x":1649,"width":23,"name":"_DB_FOR_UI/_TRASH/TRASH/Symbol 12","y":324,"height":42},{"x":1094,"width":29,"name":"_DB_FOR_UI/_TRASH/TRASH/Symbol 13","y":503,"height":43},{"x":1094,"width":29,"name":"_DB_FOR_UI/_TRASH/TRASH/Symbol 14","y":459,"height":43},{"x":1094,"width":33,"name":"_DB_FOR_UI/_TRASH/TRASH/Symbol 15","y":418,"height":40},{"x":2007,"width":35,"name":"_DB_FOR_UI/_TRASH/TRASH/Symbol 16","y":312,"height":44},{"x":1089,"width":31,"name":"_DB_FOR_UI/_TRASH/TRASH/Symbol 17","y":547,"height":39},{"x":57,"width":29,"name":"__dbTextures/_DB_FOR_UI/_TRASH/_characters/_iceking/ik_magic/Layer 1_0","y":613,"height":28},{"x":1646,"width":26,"name":"__dbTextures/_DB_FOR_UI/_TRASH/_characters/_iceking/ik_magic/Layer 1_2","y":521,"height":34},{"x":337,"width":29,"name":"__dbTextures/_DB_FOR_UI/_TRASH/_characters/_iceking/ik_magic/Layer 1_4","y":613,"height":28},{"x":1646,"width":26,"name":"__dbTextures/_DB_FOR_UI/_TRASH/_characters/_iceking/ik_magic/Layer 1_6","y":486,"height":34},{"x":87,"width":29,"name":"__dbTextures/_DB_FOR_UI/_TRASH/_characters/_iceking/ik_magic/Layer 1_8","y":613,"height":28},{"x":1646,"width":26,"name":"__dbTextures/_DB_FOR_UI/_TRASH/_characters/_iceking/ik_magic/Layer 1_10","y":451,"height":34},{"x":1806,"width":35,"name":"_DB_FOR_UI/_TRASH/_ui copy 3/_hud/hud_bubbles_middle","y":606,"height":25},{"x":2033,"width":13,"name":"_DB_FOR_UI/_TRASH/_ui copy 3/_hud/hud_bubbles_end","y":582,"height":25},{"x":1913,"width":12,"name":"_redPoint","y":567,"height":12},{"x":672,"width":321,"name":"_TRASH/_ui/_hud/hud_bubbles_middle","y":282,"height":40},{"x":1649,"width":20,"name":"_TRASH/_ui/_hud/hud_bubbles_end","y":409,"height":40},{"x":630,"width":36,"name":"_TRASH/_ui/_buttons/btn_bg","y":544,"height":36},{"x":2007,"width":36,"name":"_TRASH/_ui/_buttons/btn_bgBlack","y":393,"height":36},{"x":1539,"width":108,"name":"_TRASH/_ui/_buttons/btn_bgX3","y":324,"height":108},{"x":874,"width":108,"name":"_TRASH/_ui/_buttons/btn_bgBlackX3","y":324,"height":108},{"x":1532,"width":72,"name":"_MENU/_TRASH/_ui/_buttons/btn_bg","y":541,"height":72},{"x":2001,"width":31,"name":"_TRASH/Symbol 1","y":582,"height":37},{"x":340,"width":72,"name":"_MENU/_TRASH/_ui/_buttons/btn_bgBlack","y":539,"height":72},{"x":1606,"width":36,"name":"_MENU/_TRASH/_ui/_buttons/btn_bgBlack copy","y":579,"height":36},{"x":1539,"width":106,"name":"_TRASH/_ui/_buttons/btn_launch_overlay","y":434,"height":106},{"x":1508,"width":23,"name":"_TRASH/_ui/_buttons/btn_retry_icon","y":575,"height":23},{"x":872,"width":69,"name":"_TRASH/_ui/_buttons/btn_retry_icon_X3","y":544,"height":68},{"x":1182,"width":201,"name":"__dbTextures/_TRASH/_ui/_hud/distance_bg/bg_0","y":489,"height":32},{"x":340,"width":135,"name":"__dbTextures/_TRASH/_ui/_hud/medals_bg/bg_0","y":506,"height":32},{"x":672,"width":201,"name":"__dbTextures/_TRASH/_ui/_buttons/btn_launch_anim/Layer 22_0","y":324,"height":155},{"x":0,"width":56,"name":"_TRASH/_ui/_buttons/btn_launch_black_bg","y":599,"height":15},{"x":1926,"width":75,"name":"_TRASH/_ui/_buttons/btn_launch_hat","y":404,"height":125},{"x":994,"width":134,"name":"_TRASH/_ui/_buttons/btn_launch_head","y":282,"height":134},{"x":1913,"width":11,"name":"_TRASH/_ui/_buttons/btn_launch_eye","y":506,"height":21},{"x":367,"width":38,"name":"_TRASH/_ui/_buttons/btn_launch_mouth","y":613,"height":17},{"x":605,"width":24,"name":"_TRASH/_ui/_buttons/btn_launch_nose","y":583,"height":30},{"x":123,"width":130,"name":"_TRASH/_ui/_buttons/btn_launch_hair","y":506,"height":51},{"x":1539,"width":136,"name":"__dbTextures/_TRASH/_ui/_buttons/btn_launch_anim/Layer 7_0","y":186,"height":136},{"x":311,"width":25,"name":"__dbTextures/_TRASH/_ui/_hud/distance_icon/Layer 1_0","y":597,"height":25},{"x":2043,"width":4,"name":"__dbTextures/_TRASH/_ui/_hud/distance_icon/Layer 4_0","y":36,"height":22},{"x":1130,"width":52,"name":"_TRASH/_ui/_medals/boost_icon_light","y":400,"height":52},{"x":446,"width":28,"name":"_TRASH/_ui/_medals/boost_icon_symbol","y":608,"height":21},{"x":630,"width":36,"name":"_TRASH/_ui/_hud/medal_icon","y":506,"height":36},{"x":1606,"width":36,"name":"_TRASH/_ui/_buttons/btn_bgWhite","y":541,"height":36},{"x":57,"width":54,"name":"_TRASH/_ui/_buttons/btn_launch_light_gfx","y":599,"height":13},{"x":1176,"width":54,"name":"_TRASH/_ui/_buttons/btn_launch_green_gfx","y":599,"height":13},{"x":1176,"width":30,"name":"__dbTextures/_TRASH/_assets/_objects/_goals/goal_flag/Layer 2_0","y":613,"height":18},{"x":1440,"width":30,"name":"__dbTextures/_TRASH/_assets/_objects/_goals/goal_flag/Layer 2_3","y":614,"height":19},{"x":1471,"width":29,"name":"__dbTextures/_TRASH/_assets/_objects/_goals/goal_flag/Layer 2_6","y":614,"height":18},{"x":870,"width":31,"name":"__dbTextures/_TRASH/_assets/_objects/_goals/goal_flag/Layer 2_9","y":613,"height":20},{"x":1320,"width":28,"name":"__dbTextures/_TRASH/_assets/_objects/_goals/goal_flag/Layer 1_0","y":615,"height":16},{"x":1349,"width":28,"name":"__dbTextures/_TRASH/_assets/_objects/_goals/goal_flag/Layer 1_3","y":615,"height":17},{"x":1558,"width":27,"name":"__dbTextures/_TRASH/_assets/_objects/_goals/goal_flag/Layer 1_6","y":615,"height":16},{"x":0,"width":29,"name":"__dbTextures/_TRASH/_assets/_objects/_goals/goal_flag/Layer 1_9","y":615,"height":18},{"x":123,"width":67,"name":"_TRASH/_ui/_hud/_TRASH/_ui/_portraits/portrait_bg","y":558,"height":67},{"x":1130,"width":51,"name":"_DB_FOR_UI/_TRASH/_ui/_hud/_TRASH/TRASH/Symbol 8","y":282,"height":55},{"x":984,"width":74,"name":"_TRASH/_ui/_hud/_TRASH/_ui/_portraits/portrait_fg","y":528,"height":74},{"x":1259,"width":74,"name":"_DB_FOR_UI/_TRASH/_ui/_hud/_TRASH/_ui/_portraits/portrait_overlay","y":522,"height":74},{"x":668,"width":67,"name":"_DB_FOR_UI/_TRASH/_ui/_hud/_TRASH/_ui/_portraits/portrait_bg","y":564,"height":67},{"x":1128,"width":53,"name":"_DB_FOR_UI/_TRASH/_ui/_hud/_TRASH/TRASH/Symbol 9","y":453,"height":69},{"x":1926,"width":74,"name":"_DB_FOR_UI/_TRASH/_ui/_hud/_TRASH/_ui/_portraits/portrait_fg","y":530,"height":74},{"x":191,"width":62,"name":"_DB_FOR_UI/_TRASH/_ui/_hud/_TRASH/TRASH/Symbol 4 copy","y":558,"height":62},{"x":414,"width":59,"name":"_DB_FOR_UI/_TRASH/_ui/_hud/_TRASH/TRASH/Symbol 3 copy","y":539,"height":68},{"x":1844,"width":60,"name":"_DB_FOR_UI/_TRASH/_ui/_hud/_TRASH/TRASH/Symbol 5 copy","y":575,"height":53},{"x":1673,"width":64,"name":"_DB_FOR_UI/_TRASH/_ui/_hud/_TRASH/TRASH/Symbol 6 copy","y":568,"height":60},{"x":1124,"width":51,"name":"_DB_FOR_UI/_TRASH/_ui/_hud/_TRASH/_ui/_portraits/btn_boost_normal","y":590,"height":53},{"x":553,"width":51,"name":"_DB_FOR_UI/_TRASH/_ui/_hud/_TRASH/_ui/_portraits/btn_boost_bg","y":583,"height":53},{"x":736,"width":66,"name":"_DB_FOR_UI/_TRASH/_ui/_hud/_TRASH/TRASH/Symbol 7 copy","y":564,"height":68},{"x":942,"width":37,"name":"_DB_FOR_UI/_TRASH/_ui/_hud/_TRASH/_ui/_portraits/face_marceline","y":582,"height":34},{"x":1059,"width":29,"name":"_DB_FOR_UI/_TRASH/_ui/_hud/_TRASH/_ui/_portraits/face_iceking","y":609,"height":31},{"x":414,"width":31,"name":"_DB_FOR_UI/_TRASH/_ui/_hud/_TRASH/_ui/_portraits/face_lumpy","y":608,"height":30},{"x":1959,"width":29,"name":"_DB_FOR_UI/_TRASH/_ui/_hud/_TRASH/_ui/_portraits/face_bubblegum","y":605,"height":34},{"x":1508,"width":22,"name":"_DB_FOR_UI/_TRASH/_ui/_hud/_TRASH/_ui/_portraits/face_bmo","y":599,"height":23},{"x":1924,"width":34,"name":"_DB_FOR_UI/_TRASH/_ui/_hud/_TRASH/_ui/_portraits/face_jake","y":605,"height":30},{"x":1603,"width":21,"name":"_DB_FOR_UI/_TRASH/_ui/_hud/_TRASH/_ui/_portraits/btn_icon_split","y":617,"height":21},{"x":630,"width":36,"name":"__dbTextures/_DB_FOR_UI/_TRASH/_ui/_hud/_TRASH/_ui/_portraits/face_finn/Layer 1_0","y":582,"height":36},{"x":476,"width":76,"name":"_DB_FOR_UI/_TRASH/_ui/_hud/_TRASH/_ui/_portraits/portrait_selected_frame","y":506,"height":76},{"x":1232,"width":26,"name":"_DB_FOR_UI/_TRASH/_ui/_hud/_TRASH/_ui/_portraits/portrait_selected_arrow","y":599,"height":20},{"x":0,"width":671,"name":"_TRASH/_screens/_main/main_overlay","y":0,"height":505},{"x":942,"width":36,"name":"__dbTextures/_TRASH/_ui/_buttons/btn_sfx/btn_bg_0","y":544,"height":36},{"x":2002,"width":42,"name":"__dbTextures/_TRASH/_ui/_buttons/btn_sfx/Layer 5_0","y":492,"height":42},{"x":1383,"width":56,"name":"_TRASH/_ui/_buttons/btn_play_icon","y":545,"height":66},{"x":2011,"width":15,"name":"_TRASH/sound_icon","y":620,"height":18},{"x":1913,"width":12,"name":"_TRASH/on_sfx_icon","y":484,"height":21},{"x":1047,"width":11,"name":"_TRASH/off_sfx_icon","y":603,"height":11},{"x":1913,"width":12,"name":"_TRASH/textContainer","y":528,"height":12},{"x":1806,"width":36,"name":"_DB_FOR_UI/_TRASH/_ui copy 4/_buttons/btn_bg","y":568,"height":36},{"x":1586,"width":15,"name":"_TRASH/medal_def","y":615,"height":24},{"x":1644,"width":27,"name":"_TRASH/medal_power","y":586,"height":25},{"x":1207,"width":24,"name":"_TRASH/medal_speed","y":613,"height":23},{"x":1905,"width":18,"name":"_TRASH/medal_sound","y":609,"height":25},{"x":1905,"width":18,"name":"_TRASH/medal_distance","y":580,"height":28},{"x":902,"width":34,"name":"_TRASH/medal_bestFR","y":613,"height":14},{"x":531,"width":21,"name":"_TRASH/medal_party","y":583,"height":23},{"x":531,"width":19,"name":"_TRASH/medal_deforestation","y":607,"height":25},{"x":1644,"width":27,"name":"_TRASH/medal_winter","y":612,"height":23},{"x":958,"width":21,"name":"_TRASH/medal_sword","y":617,"height":21},{"x":30,"width":26,"name":"_TRASH/medal_new_speed","y":615,"height":21},{"x":1014,"width":32,"name":"_TRASH/medal_boosters","y":603,"height":34},{"x":1625,"width":15,"name":"_TRASH/medal_gunter","y":617,"height":24},{"x":1508,"width":22,"name":"_TRASH/medal_snowman","y":546,"height":28},{"x":1644,"width":28,"name":"_TRASH/medal_crowded","y":556,"height":29},{"x":672,"width":510,"name":"_MENU/bg","y":0,"height":281},{"x":1673,"width":251,"name":"_MENU/pause_icon","y":404,"height":78},{"x":1687,"width":354,"name":"_MENU/hint1","y":0,"height":268},{"x":1183,"width":354,"name":"_MENU/hint2","y":186,"height":268},{"x":254,"width":84,"name":"_MENU/hand","y":506,"height":89},{"x":1673,"width":171,"name":"_MENU/hitText1","y":484,"height":82},{"x":672,"width":198,"name":"_MENU/hitText2","y":480,"height":82},{"x":874,"width":108,"name":"_MENU/_TRASH/_ui/_buttons/btn_bgX3","y":434,"height":108},{"x":1124,"width":56,"name":"_MENU/_TRASH/_ui/_buttons/btn_play_icon","y":523,"height":66},{"x":984,"width":108,"name":"_MENU/_TRASH/_ui/_buttons/btn_bgBlackX3","y":418,"height":108},{"x":1440,"width":91,"name":"_MENU/_TRASH/icon_home","y":456,"height":89},{"x":1334,"width":42,"name":"__dbTextures/_MENU/btn_sfx/Layer 5_0","y":571,"height":42},{"x":1846,"width":65,"name":"_MENU/_TRASH/icon_arrow","y":484,"height":90},{"x":1409,"width":29,"name":"__dbTextures/_MENU/btn_checkbox/Layer 1_0","y":612,"height":29},{"x":1378,"width":29,"name":"__dbTextures/_MENU/btn_checkbox/Layer 1_1","y":612,"height":29},{"x":1320,"width":11,"name":"_MENU/_TRASH/Symbol 2","y":597,"height":11},{"x":2001,"width":46,"name":"_MENU/_TRASH/_ui/_buttons/btn_retry_icon","y":536,"height":45},{"x":1059,"width":29,"name":"_MENU/_TRASH/sound_icon","y":572,"height":36},{"x":1649,"width":23,"name":"_MENU/_TRASH/on_sfx_icon","y":367,"height":41},{"x":605,"width":21,"name":"_MENU/_TRASH/off_sfx_icon","y":614,"height":21},{"x":1677,"width":328,"name":"_DB_FOR_UI/_TRASH/Symbol 2","y":270,"height":132},{"x":1183,"width":502,"name":"_DB_FOR_UI/_TRASH/Symbol 1","y":0,"height":184},{"x":254,"width":56,"name":"_DB_FOR_UI/_TRASH/_ui/_tutorial/tutorial_arrow_gfx","y":597,"height":48},{"x":0,"width":122,"name":"_DB_FOR_UI/_TRASH/_ui/_tutorial/tutorial_bg_symbol","y":506,"height":92},{"x":1130,"width":44,"name":"__dbTextures/_DB_FOR_UI/_TRASH/_ui/_tutorial/tutorial_mouse_click/Layer 1_0","y":338,"height":61},{"x":628,"width":20,"name":"_DB_FOR_UI/_TRASH/_ui/_tutorial/tutorial_mouse_click_symbol","y":619,"height":23}],"name":"GameUI24"}