{
	"alpha": {
		"start": 1,
		"end": 1
	},
	"scale": {
		"start": 0.2,
		"end": 1,
		"minimumScaleMultiplier": 4
	},
	"color": {
		"start": "#ffffff",
		"end": "#ffe100"
	},
	"speed": {
		"start": 600,
		"end": 0,
		"minimumSpeedMultiplier": 6
	},
	"acceleration": {
		"x": 0,
		"y": 400
	},
	"maxSpeed": 600,
	"startRotation": {
		"min": 230,
		"max": 310
	},
	"noRotation": true,
	"rotationSpeed": {
		"min": 0,
		"max": 0
	},
	"lifetime": {
		"min": 0.1,
		"max": 1
	},
	"blendMode": "add",
	"frequency": 0.001,
	"emitterLifetime": 1,
	"maxParticles": 50,
	"pos": {
		"x": 0,
		"y": 0
	},
	"addAtBack": false,
	"spawnType": "rect",
	"spawnRect": {
		"x": -50,
		"y": 0,
		"w": 100,
		"h": 20
	}
}