{
	"alpha": {
		"start": 1,
		"end": 1
	},
	"scale": {
		"start": 0.4,
		"end": 0.8,
		"minimumScaleMultiplier": 1.6
	},
	"color": {
		"start": "#ffffff",
		"end": "#8adeff"
	},
	"speed": {
		"start": 400,
		"end": 0,
		"minimumSpeedMultiplier": 4
	},
	"acceleration": {
		"x": 0,
		"y": 2600
	},
	"maxSpeed": 0,
	"startRotation": {
		"min": 0,
		"max": 360
	},
	"noRotation": false,
	"rotationSpeed": {
		"min": -360,
		"max": 360
	},
	"lifetime": {
		"min": 1,
		"max": 1.8
	},
	"blendMode": "normal",
	"frequency": 0.09,
	"emitterLifetime": 0.3,
	"maxParticles": 41,
	"pos": {
		"x": 0,
		"y": 0
	},
	"addAtBack": false,
	"spawnType": "burst",
	"particlesPerWave": 20,
	"particleSpacing": 0,
	"angleStart": 0
}