{"frames": [

{
	"filename": "enemy0001.png",
	"frame": {"x":1,"y":1,"w":157,"h":82},
	"rotated": false,
	"trimmed": false,
	"spriteSourceSize": {"x":0,"y":0,"w":157,"h":82},
	"sourceSize": {"w":157,"h":82},
	"pivot": {"x":0.5,"y":0.5}
},
{
	"filename": "enemy0002.png",
	"frame": {"x":1,"y":337,"w":156,"h":82},
	"rotated": false,
	"trimmed": true,
	"spriteSourceSize": {"x":0,"y":0,"w":156,"h":82},
	"sourceSize": {"w":157,"h":82},
	"pivot": {"x":0.5,"y":0.5}
},
{
	"filename": "enemy0003.png",
	"frame": {"x":1,"y":504,"w":153,"h":82},
	"rotated": false,
	"trimmed": true,
	"spriteSourceSize": {"x":1,"y":0,"w":153,"h":82},
	"sourceSize": {"w":157,"h":82},
	"pivot": {"x":0.5,"y":0.5}
},
{
	"filename": "enemy0004.png",
	"frame": {"x":1,"y":753,"w":149,"h":81},
	"rotated": false,
	"trimmed": true,
	"spriteSourceSize": {"x":3,"y":0,"w":149,"h":81},
	"sourceSize": {"w":157,"h":82},
	"pivot": {"x":0.5,"y":0.5}
},
{
	"filename": "enemy0005.png",
	"frame": {"x":1,"y":836,"w":148,"h":80},
	"rotated": false,
	"trimmed": true,
	"spriteSourceSize": {"x":3,"y":0,"w":148,"h":80},
	"sourceSize": {"w":157,"h":82},
	"pivot": {"x":0.5,"y":0.5}
},
{
	"filename": "enemy0006.png",
	"frame": {"x":1,"y":999,"w":145,"h":79},
	"rotated": false,
	"trimmed": true,
	"spriteSourceSize": {"x":6,"y":1,"w":145,"h":79},
	"sourceSize": {"w":157,"h":82},
	"pivot": {"x":0.5,"y":0.5}
},
{
	"filename": "enemy0007.png",
	"frame": {"x":1,"y":1080,"w":144,"h":79},
	"rotated": false,
	"trimmed": true,
	"spriteSourceSize": {"x":8,"y":1,"w":144,"h":79},
	"sourceSize": {"w":157,"h":82},
	"pivot": {"x":0.5,"y":0.5}
},
{
	"filename": "enemy0008.png",
	"frame": {"x":1,"y":1241,"w":143,"h":78},
	"rotated": false,
	"trimmed": true,
	"spriteSourceSize": {"x":10,"y":1,"w":143,"h":78},
	"sourceSize": {"w":157,"h":82},
	"pivot": {"x":0.5,"y":0.5}
},
{
	"filename": "enemy0009.png",
	"frame": {"x":1,"y":1400,"w":142,"h":77},
	"rotated": false,
	"trimmed": true,
	"spriteSourceSize": {"x":12,"y":2,"w":142,"h":77},
	"sourceSize": {"w":157,"h":82},
	"pivot": {"x":0.5,"y":0.5}
},
{
	"filename": "enemy0010.png",
	"frame": {"x":1,"y":1558,"w":141,"h":77},
	"rotated": false,
	"trimmed": true,
	"spriteSourceSize": {"x":13,"y":2,"w":141,"h":77},
	"sourceSize": {"w":157,"h":82},
	"pivot": {"x":0.5,"y":0.5}
},
{
	"filename": "enemy0011.png",
	"frame": {"x":1,"y":1479,"w":142,"h":77},
	"rotated": false,
	"trimmed": true,
	"spriteSourceSize": {"x":13,"y":2,"w":142,"h":77},
	"sourceSize": {"w":157,"h":82},
	"pivot": {"x":0.5,"y":0.5}
},
{
	"filename": "enemy0012.png",
	"frame": {"x":1,"y":1321,"w":143,"h":77},
	"rotated": false,
	"trimmed": true,
	"spriteSourceSize": {"x":12,"y":2,"w":143,"h":77},
	"sourceSize": {"w":157,"h":82},
	"pivot": {"x":0.5,"y":0.5}
},
{
	"filename": "enemy0013.png",
	"frame": {"x":1,"y":1161,"w":144,"h":78},
	"rotated": false,
	"trimmed": true,
	"spriteSourceSize": {"x":11,"y":1,"w":144,"h":78},
	"sourceSize": {"w":157,"h":82},
	"pivot": {"x":0.5,"y":0.5}
},
{
	"filename": "enemy0014.png",
	"frame": {"x":1,"y":918,"w":147,"h":79},
	"rotated": false,
	"trimmed": true,
	"spriteSourceSize": {"x":9,"y":1,"w":147,"h":79},
	"sourceSize": {"w":157,"h":82},
	"pivot": {"x":0.5,"y":0.5}
},
{
	"filename": "enemy0015.png",
	"frame": {"x":1,"y":671,"w":150,"h":80},
	"rotated": false,
	"trimmed": true,
	"spriteSourceSize": {"x":6,"y":0,"w":150,"h":80},
	"sourceSize": {"w":157,"h":82},
	"pivot": {"x":0.5,"y":0.5}
},
{
	"filename": "enemy0016.png",
	"frame": {"x":1,"y":588,"w":152,"h":81},
	"rotated": false,
	"trimmed": true,
	"spriteSourceSize": {"x":4,"y":0,"w":152,"h":81},
	"sourceSize": {"w":157,"h":82},
	"pivot": {"x":0.5,"y":0.5}
},
{
	"filename": "enemy0017.png",
	"frame": {"x":1,"y":421,"w":155,"h":81},
	"rotated": false,
	"trimmed": true,
	"spriteSourceSize": {"x":2,"y":0,"w":155,"h":81},
	"sourceSize": {"w":157,"h":82},
	"pivot": {"x":0.5,"y":0.5}
},
{
	"filename": "enemy0018.png",
	"frame": {"x":1,"y":85,"w":157,"h":82},
	"rotated": false,
	"trimmed": false,
	"spriteSourceSize": {"x":0,"y":0,"w":157,"h":82},
	"sourceSize": {"w":157,"h":82},
	"pivot": {"x":0.5,"y":0.5}
},
{
	"filename": "enemy0019.png",
	"frame": {"x":1,"y":169,"w":157,"h":82},
	"rotated": false,
	"trimmed": false,
	"spriteSourceSize": {"x":0,"y":0,"w":157,"h":82},
	"sourceSize": {"w":157,"h":82},
	"pivot": {"x":0.5,"y":0.5}
},
{
	"filename": "enemy0020.png",
	"frame": {"x":1,"y":253,"w":157,"h":82},
	"rotated": false,
	"trimmed": false,
	"spriteSourceSize": {"x":0,"y":0,"w":157,"h":82},
	"sourceSize": {"w":157,"h":82},
	"pivot": {"x":0.5,"y":0.5}
}],
"meta": {
	"app": "http://www.codeandweb.com/texturepacker",
	"version": "1.0",
	"image": "enemy.png",
	"format": "RGBA8888",
	"size": {"w":159,"h":1636},
	"scale": "1",
	"smartupdate": "$TexturePacker:SmartUpdate:fb8b133f98675163681ae61d0cde385f:a7dad5723eb05323ada8b1b00c3bcbe1:a99356c10d69482e9bee53d25c3d05e1$"
}
}
