{"frames": {

"tj_cloud_01.png":
{
	"frame": {"x":2,"y":2,"w":246,"h":238},
	"rotated": false,
	"trimmed": true,
	"spriteSourceSize": {"x":8,"y":8,"w":246,"h":238},
	"sourceSize": {"w":256,"h":256},
	"pivot": {"x":0.5,"y":0.5}
},
"tj_cloud_03.png":
{
	"frame": {"x":2,"y":242,"w":246,"h":238},
	"rotated": false,
	"trimmed": true,
	"spriteSourceSize": {"x":8,"y":8,"w":246,"h":238},
	"sourceSize": {"w":256,"h":256},
	"pivot": {"x":0.5,"y":0.5}
},
"tj_star_01.png":
{
	"frame": {"x":250,"y":2,"w":182,"h":172},
	"rotated": false,
	"trimmed": true,
	"spriteSourceSize": {"x":36,"y":36,"w":182,"h":172},
	"sourceSize": {"w":256,"h":256},
	"pivot": {"x":0.5,"y":0.5}
},
"tj_star_02.png":
{
	"frame": {"x":250,"y":176,"w":182,"h":172},
	"rotated": false,
	"trimmed": true,
	"spriteSourceSize": {"x":36,"y":36,"w":182,"h":172},
	"sourceSize": {"w":256,"h":256},
	"pivot": {"x":0.5,"y":0.5}
},
"tj_star_03.png":
{
	"frame": {"x":250,"y":350,"w":142,"h":140},
	"rotated": false,
	"trimmed": true,
	"spriteSourceSize": {"x":58,"y":52,"w":142,"h":140},
	"sourceSize": {"w":256,"h":256},
	"pivot": {"x":0.5,"y":0.5}
}},
"meta": {
	"app": "http://www.codeandweb.com/texturepacker",
	"version": "1.0",
	"image": "particles_1x.png",
	"format": "RGBA8888",
	"size": {"w":512,"h":512},
	"scale": "0.5",
	"smartupdate": "$TexturePacker:SmartUpdate:1f0e101d0c32ad352ac93314799d0a65:cae86ab8716223e4d5b70d38416692d2:428cb5a80354c859829683d3b479f7c6$"
}
}
