{
    "copy_ref" :
    {
        "character_id"      : "game_cannonbolt",
        "game_id"           : "game_smash",
        "styles"            : "cannonbolt_smash"
    },
    "save_ref"                  : "cannonboltsmash_01",
    "game_time"                 : 30000,
    "game_speed"                : 1000,
    "game_speed_increment"      : 5,
    "lane_switch_speed"         : 1000,
    "hazard_droprate"           : 600,
    "clock_drop"                : 20,
    "clock_bonus"               : 5000,
    "lane_positions"            : [280, 540, 800],
    "end_score_increment_delay" : 25,
    "end_score_increment_value" : 1,
    "wisetrack_ID" : "WISETRACK_2429_bc78f264be",
    "wisetrack_prefix" : "GAME_CANNONBOLT_SMASH_",

    "audio" :
  {
    "game_background"   : "background",
    "intro_background"  : "intro_background",
    "end_background"    : "end_background",
    "smash"             : "smash",
    "button"            : "button",
    "timebonus"         : "timebonus",
    "timeup"            : "timeup",
    "end_score"         : "end_score"
  }
}
