﻿{"frames": {

"bg_mountain_10000":
{
	"frame": {"x":3,"y":3,"w":131,"h":240},
	"rotated": false,
	"trimmed": false,
	"spriteSourceSize": {"x":0,"y":0,"w":131,"h":240},
	"sourceSize": {"w":131,"h":240}
},
"bg_mountain_20000":
{
	"frame": {"x":137,"y":3,"w":102,"h":228},
	"rotated": false,
	"trimmed": false,
	"spriteSourceSize": {"x":0,"y":0,"w":102,"h":228},
	"sourceSize": {"w":102,"h":228}
},
"cloud_10000":
{
	"frame": {"x":242,"y":3,"w":143,"h":55},
	"rotated": false,
	"trimmed": false,
	"spriteSourceSize": {"x":0,"y":0,"w":143,"h":55},
	"sourceSize": {"w":143,"h":55}
},
"cloud_20000":
{
	"frame": {"x":388,"y":3,"w":168,"h":66},
	"rotated": false,
	"trimmed": false,
	"spriteSourceSize": {"x":0,"y":0,"w":168,"h":66},
	"sourceSize": {"w":168,"h":66}
},
"fg_10000":
{
	"frame": {"x":3,"y":246,"w":466,"h":142},
	"rotated": false,
	"trimmed": false,
	"spriteSourceSize": {"x":0,"y":0,"w":466,"h":142},
	"sourceSize": {"w":466,"h":142}
},
"fg_20000":
{
	"frame": {"x":472,"y":246,"w":470,"h":150},
	"rotated": false,
	"trimmed": false,
	"spriteSourceSize": {"x":0,"y":0,"w":470,"h":150},
	"sourceSize": {"w":470,"h":150}
},
"fg_30000":
{
	"frame": {"x":3,"y":399,"w":466,"h":178},
	"rotated": false,
	"trimmed": false,
	"spriteSourceSize": {"x":0,"y":0,"w":466,"h":178},
	"sourceSize": {"w":466,"h":178}
},
"fx_bounce_10000":
{
	"frame": {"x":472,"y":399,"w":17,"h":9},
	"rotated": false,
	"trimmed": true,
	"spriteSourceSize": {"x":7,"y":7,"w":32,"h":16},
	"sourceSize": {"w":32,"h":16}
},
"fx_bounce_10001":
{
	"frame": {"x":492,"y":399,"w":20,"h":12},
	"rotated": false,
	"trimmed": true,
	"spriteSourceSize": {"x":6,"y":4,"w":32,"h":16},
	"sourceSize": {"w":32,"h":16}
},
"fx_bounce_10002":
{
	"frame": {"x":515,"y":399,"w":23,"h":12},
	"rotated": false,
	"trimmed": true,
	"spriteSourceSize": {"x":5,"y":3,"w":32,"h":16},
	"sourceSize": {"w":32,"h":16}
},
"fx_bounce_10003":
{
	"frame": {"x":541,"y":399,"w":26,"h":14},
	"rotated": false,
	"trimmed": true,
	"spriteSourceSize": {"x":3,"y":1,"w":32,"h":16},
	"sourceSize": {"w":32,"h":16}
},
"fx_bounce_10004":
{
	"frame": {"x":570,"y":399,"w":28,"h":15},
	"rotated": false,
	"trimmed": true,
	"spriteSourceSize": {"x":2,"y":0,"w":32,"h":16},
	"sourceSize": {"w":32,"h":16}
},
"fx_bounce_10005":
{
	"frame": {"x":601,"y":399,"w":29,"h":14},
	"rotated": false,
	"trimmed": true,
	"spriteSourceSize": {"x":1,"y":0,"w":32,"h":16},
	"sourceSize": {"w":32,"h":16}
},
"fx_bounce_10006":
{
	"frame": {"x":633,"y":399,"w":31,"h":16},
	"rotated": false,
	"trimmed": true,
	"spriteSourceSize": {"x":0,"y":0,"w":32,"h":16},
	"sourceSize": {"w":32,"h":16}
},
"fx_bounce_10007":
{
	"frame": {"x":667,"y":399,"w":24,"h":5},
	"rotated": false,
	"trimmed": true,
	"spriteSourceSize": {"x":8,"y":0,"w":32,"h":16},
	"sourceSize": {"w":32,"h":16}
},
"fx_bounce_10008":
{
	"frame": {"x":694,"y":399,"w":0,"h":0},
	"rotated": false,
	"trimmed": true,
	"spriteSourceSize": {"x":15,"y":14,"w":32,"h":16},
	"sourceSize": {"w":32,"h":16}
},
"fx_bounce_10009":
{
	"frame": {"x":472,"y":399,"w":17,"h":9},
	"rotated": false,
	"trimmed": true,
	"spriteSourceSize": {"x":7,"y":7,"w":32,"h":16},
	"sourceSize": {"w":32,"h":16}
},
"fx_bounce_10010":
{
	"frame": {"x":492,"y":399,"w":20,"h":12},
	"rotated": false,
	"trimmed": true,
	"spriteSourceSize": {"x":6,"y":4,"w":32,"h":16},
	"sourceSize": {"w":32,"h":16}
},
"fx_bounce_10011":
{
	"frame": {"x":515,"y":399,"w":23,"h":12},
	"rotated": false,
	"trimmed": true,
	"spriteSourceSize": {"x":5,"y":3,"w":32,"h":16},
	"sourceSize": {"w":32,"h":16}
},
"fx_bounce_10012":
{
	"frame": {"x":541,"y":399,"w":26,"h":14},
	"rotated": false,
	"trimmed": true,
	"spriteSourceSize": {"x":3,"y":1,"w":32,"h":16},
	"sourceSize": {"w":32,"h":16}
},
"fx_bounce_10013":
{
	"frame": {"x":570,"y":399,"w":28,"h":15},
	"rotated": false,
	"trimmed": true,
	"spriteSourceSize": {"x":2,"y":0,"w":32,"h":16},
	"sourceSize": {"w":32,"h":16}
},
"fx_bounce_10014":
{
	"frame": {"x":601,"y":399,"w":29,"h":14},
	"rotated": false,
	"trimmed": true,
	"spriteSourceSize": {"x":1,"y":0,"w":32,"h":16},
	"sourceSize": {"w":32,"h":16}
},
"fx_bounce_10015":
{
	"frame": {"x":633,"y":399,"w":31,"h":16},
	"rotated": false,
	"trimmed": true,
	"spriteSourceSize": {"x":0,"y":0,"w":32,"h":16},
	"sourceSize": {"w":32,"h":16}
},
"fx_bounce_10016":
{
	"frame": {"x":667,"y":399,"w":24,"h":5},
	"rotated": false,
	"trimmed": true,
	"spriteSourceSize": {"x":8,"y":0,"w":32,"h":16},
	"sourceSize": {"w":32,"h":16}
},
"fx_bounce_10017":
{
	"frame": {"x":697,"y":399,"w":0,"h":0},
	"rotated": false,
	"trimmed": true,
	"spriteSourceSize": {"x":15,"y":14,"w":32,"h":16},
	"sourceSize": {"w":32,"h":16}
},
"fx_bounce_20000":
{
	"frame": {"x":700,"y":399,"w":13,"h":6},
	"rotated": false,
	"trimmed": true,
	"spriteSourceSize": {"x":3,"y":7,"w":27,"h":14},
	"sourceSize": {"w":27,"h":14}
},
"fx_bounce_20001":
{
	"frame": {"x":716,"y":399,"w":15,"h":8},
	"rotated": false,
	"trimmed": true,
	"spriteSourceSize": {"x":3,"y":6,"w":27,"h":14},
	"sourceSize": {"w":27,"h":14}
},
"fx_bounce_20002":
{
	"frame": {"x":734,"y":399,"w":20,"h":11},
	"rotated": false,
	"trimmed": true,
	"spriteSourceSize": {"x":2,"y":2,"w":27,"h":14},
	"sourceSize": {"w":27,"h":14}
},
"fx_bounce_20003":
{
	"frame": {"x":757,"y":399,"w":23,"h":12},
	"rotated": false,
	"trimmed": true,
	"spriteSourceSize": {"x":1,"y":1,"w":27,"h":14},
	"sourceSize": {"w":27,"h":14}
},
"fx_bounce_20004":
{
	"frame": {"x":783,"y":399,"w":24,"h":13},
	"rotated": false,
	"trimmed": true,
	"spriteSourceSize": {"x":1,"y":0,"w":27,"h":14},
	"sourceSize": {"w":27,"h":14}
},
"fx_bounce_20005":
{
	"frame": {"x":810,"y":399,"w":26,"h":13},
	"rotated": false,
	"trimmed": true,
	"spriteSourceSize": {"x":0,"y":0,"w":27,"h":14},
	"sourceSize": {"w":27,"h":14}
},
"fx_bounce_20006":
{
	"frame": {"x":839,"y":399,"w":26,"h":12},
	"rotated": false,
	"trimmed": true,
	"spriteSourceSize": {"x":0,"y":0,"w":27,"h":14},
	"sourceSize": {"w":27,"h":14}
},
"fx_bounce_20007":
{
	"frame": {"x":868,"y":399,"w":27,"h":5},
	"rotated": false,
	"trimmed": true,
	"spriteSourceSize": {"x":0,"y":7,"w":27,"h":14},
	"sourceSize": {"w":27,"h":14}
},
"fx_bounce_20008":
{
	"frame": {"x":898,"y":399,"w":0,"h":0},
	"rotated": false,
	"trimmed": true,
	"spriteSourceSize": {"x":11,"y":12,"w":27,"h":14},
	"sourceSize": {"w":27,"h":14}
},
"fx_bounce_30000":
{
	"frame": {"x":901,"y":399,"w":17,"h":9},
	"rotated": false,
	"trimmed": true,
	"spriteSourceSize": {"x":0,"y":7,"w":34,"h":16},
	"sourceSize": {"w":34,"h":16}
},
"fx_bounce_30001":
{
	"frame": {"x":921,"y":399,"w":21,"h":13},
	"rotated": false,
	"trimmed": true,
	"spriteSourceSize": {"x":1,"y":3,"w":34,"h":16},
	"sourceSize": {"w":34,"h":16}
},
"fx_bounce_30002":
{
	"frame": {"x":945,"y":399,"w":21,"h":15},
	"rotated": false,
	"trimmed": true,
	"spriteSourceSize": {"x":4,"y":1,"w":34,"h":16},
	"sourceSize": {"w":34,"h":16}
},
"fx_bounce_30003":
{
	"frame": {"x":969,"y":399,"w":24,"h":15},
	"rotated": false,
	"trimmed": true,
	"spriteSourceSize": {"x":4,"y":1,"w":34,"h":16},
	"sourceSize": {"w":34,"h":16}
},
"fx_bounce_30004":
{
	"frame": {"x":996,"y":399,"w":25,"h":16},
	"rotated": false,
	"trimmed": true,
	"spriteSourceSize": {"x":5,"y":0,"w":34,"h":16},
	"sourceSize": {"w":34,"h":16}
},
"fx_bounce_30005":
{
	"frame": {"x":3,"y":580,"w":27,"h":16},
	"rotated": false,
	"trimmed": true,
	"spriteSourceSize": {"x":5,"y":0,"w":34,"h":16},
	"sourceSize": {"w":34,"h":16}
},
"fx_bounce_30006":
{
	"frame": {"x":33,"y":580,"w":28,"h":15},
	"rotated": false,
	"trimmed": true,
	"spriteSourceSize": {"x":5,"y":1,"w":34,"h":16},
	"sourceSize": {"w":34,"h":16}
},
"fx_bounce_30007":
{
	"frame": {"x":64,"y":580,"w":29,"h":14},
	"rotated": false,
	"trimmed": true,
	"spriteSourceSize": {"x":5,"y":1,"w":34,"h":16},
	"sourceSize": {"w":34,"h":16}
},
"fx_bounce_30008":
{
	"frame": {"x":96,"y":580,"w":17,"h":10},
	"rotated": false,
	"trimmed": true,
	"spriteSourceSize": {"x":9,"y":5,"w":34,"h":16},
	"sourceSize": {"w":34,"h":16}
},
"fx_bounce_30009":
{
	"frame": {"x":116,"y":580,"w":0,"h":0},
	"rotated": false,
	"trimmed": true,
	"spriteSourceSize": {"x":8,"y":14,"w":34,"h":16},
	"sourceSize": {"w":34,"h":16}
},
"fx_hit_10000":
{
	"frame": {"x":119,"y":580,"w":9,"h":9},
	"rotated": false,
	"trimmed": true,
	"spriteSourceSize": {"x":6,"y":7,"w":23,"h":22},
	"sourceSize": {"w":23,"h":22}
},
"fx_hit_10001":
{
	"frame": {"x":131,"y":580,"w":13,"h":11},
	"rotated": false,
	"trimmed": true,
	"spriteSourceSize": {"x":4,"y":6,"w":23,"h":22},
	"sourceSize": {"w":23,"h":22}
},
"fx_hit_10002":
{
	"frame": {"x":147,"y":580,"w":17,"h":15},
	"rotated": false,
	"trimmed": true,
	"spriteSourceSize": {"x":2,"y":4,"w":23,"h":22},
	"sourceSize": {"w":23,"h":22}
},
"fx_hit_10003":
{
	"frame": {"x":167,"y":580,"w":19,"h":17},
	"rotated": false,
	"trimmed": true,
	"spriteSourceSize": {"x":1,"y":3,"w":23,"h":22},
	"sourceSize": {"w":23,"h":22}
},
"fx_hit_10004":
{
	"frame": {"x":189,"y":580,"w":23,"h":22},
	"rotated": false,
	"trimmed": true,
	"spriteSourceSize": {"x":0,"y":0,"w":23,"h":22},
	"sourceSize": {"w":23,"h":22}
},
"fx_hit_10005":
{
	"frame": {"x":215,"y":580,"w":23,"h":22},
	"rotated": false,
	"trimmed": true,
	"spriteSourceSize": {"x":0,"y":0,"w":23,"h":22},
	"sourceSize": {"w":23,"h":22}
},
"fx_hit_10006":
{
	"frame": {"x":241,"y":580,"w":0,"h":0},
	"rotated": false,
	"trimmed": true,
	"spriteSourceSize": {"x":10,"y":11,"w":23,"h":22},
	"sourceSize": {"w":23,"h":22}
},
"fx_hit_10007":
{
	"frame": {"x":241,"y":580,"w":0,"h":0},
	"rotated": false,
	"trimmed": true,
	"spriteSourceSize": {"x":10,"y":11,"w":23,"h":22},
	"sourceSize": {"w":23,"h":22}
},
"gunter_10000":
{
	"frame": {"x":244,"y":580,"w":32,"h":32},
	"rotated": false,
	"trimmed": false,
	"spriteSourceSize": {"x":0,"y":0,"w":32,"h":32},
	"sourceSize": {"w":32,"h":32}
},
"gunter_10001":
{
	"frame": {"x":244,"y":580,"w":32,"h":32},
	"rotated": false,
	"trimmed": false,
	"spriteSourceSize": {"x":0,"y":0,"w":32,"h":32},
	"sourceSize": {"w":32,"h":32}
},
"gunter_10002":
{
	"frame": {"x":244,"y":580,"w":32,"h":32},
	"rotated": false,
	"trimmed": false,
	"spriteSourceSize": {"x":0,"y":0,"w":32,"h":32},
	"sourceSize": {"w":32,"h":32}
},
"gunter_10003":
{
	"frame": {"x":279,"y":580,"w":32,"h":32},
	"rotated": false,
	"trimmed": false,
	"spriteSourceSize": {"x":0,"y":0,"w":32,"h":32},
	"sourceSize": {"w":32,"h":32}
},
"gunter_10004":
{
	"frame": {"x":314,"y":580,"w":32,"h":32},
	"rotated": false,
	"trimmed": false,
	"spriteSourceSize": {"x":0,"y":0,"w":32,"h":32},
	"sourceSize": {"w":32,"h":32}
},
"gunter_10005":
{
	"frame": {"x":349,"y":580,"w":32,"h":32},
	"rotated": false,
	"trimmed": false,
	"spriteSourceSize": {"x":0,"y":0,"w":32,"h":32},
	"sourceSize": {"w":32,"h":32}
},
"gunter_10006":
{
	"frame": {"x":384,"y":580,"w":32,"h":32},
	"rotated": false,
	"trimmed": false,
	"spriteSourceSize": {"x":0,"y":0,"w":32,"h":32},
	"sourceSize": {"w":32,"h":32}
},
"gunter_10007":
{
	"frame": {"x":419,"y":580,"w":32,"h":32},
	"rotated": false,
	"trimmed": false,
	"spriteSourceSize": {"x":0,"y":0,"w":32,"h":32},
	"sourceSize": {"w":32,"h":32}
},
"gunter_10008":
{
	"frame": {"x":454,"y":580,"w":32,"h":32},
	"rotated": false,
	"trimmed": false,
	"spriteSourceSize": {"x":0,"y":0,"w":32,"h":32},
	"sourceSize": {"w":32,"h":32}
},
"gunter_10009":
{
	"frame": {"x":489,"y":580,"w":32,"h":32},
	"rotated": false,
	"trimmed": false,
	"spriteSourceSize": {"x":0,"y":0,"w":32,"h":32},
	"sourceSize": {"w":32,"h":32}
},
"gunter_10010":
{
	"frame": {"x":524,"y":580,"w":32,"h":32},
	"rotated": false,
	"trimmed": false,
	"spriteSourceSize": {"x":0,"y":0,"w":32,"h":32},
	"sourceSize": {"w":32,"h":32}
},
"gunter_10011":
{
	"frame": {"x":559,"y":580,"w":32,"h":32},
	"rotated": false,
	"trimmed": false,
	"spriteSourceSize": {"x":0,"y":0,"w":32,"h":32},
	"sourceSize": {"w":32,"h":32}
},
"gunter_10012":
{
	"frame": {"x":594,"y":580,"w":32,"h":32},
	"rotated": false,
	"trimmed": false,
	"spriteSourceSize": {"x":0,"y":0,"w":32,"h":32},
	"sourceSize": {"w":32,"h":32}
},
"gunter_10013":
{
	"frame": {"x":629,"y":580,"w":32,"h":32},
	"rotated": false,
	"trimmed": false,
	"spriteSourceSize": {"x":0,"y":0,"w":32,"h":32},
	"sourceSize": {"w":32,"h":32}
},
"gunter_10014":
{
	"frame": {"x":244,"y":580,"w":32,"h":32},
	"rotated": false,
	"trimmed": false,
	"spriteSourceSize": {"x":0,"y":0,"w":32,"h":32},
	"sourceSize": {"w":32,"h":32}
},
"gunter_10015":
{
	"frame": {"x":244,"y":580,"w":32,"h":32},
	"rotated": false,
	"trimmed": false,
	"spriteSourceSize": {"x":0,"y":0,"w":32,"h":32},
	"sourceSize": {"w":32,"h":32}
},
"gunter_10016":
{
	"frame": {"x":384,"y":580,"w":32,"h":32},
	"rotated": false,
	"trimmed": false,
	"spriteSourceSize": {"x":0,"y":0,"w":32,"h":32},
	"sourceSize": {"w":32,"h":32}
},
"gunter_10017":
{
	"frame": {"x":419,"y":580,"w":32,"h":32},
	"rotated": false,
	"trimmed": false,
	"spriteSourceSize": {"x":0,"y":0,"w":32,"h":32},
	"sourceSize": {"w":32,"h":32}
},
"gunter_10018":
{
	"frame": {"x":454,"y":580,"w":32,"h":32},
	"rotated": false,
	"trimmed": false,
	"spriteSourceSize": {"x":0,"y":0,"w":32,"h":32},
	"sourceSize": {"w":32,"h":32}
},
"gunter_10019":
{
	"frame": {"x":489,"y":580,"w":32,"h":32},
	"rotated": false,
	"trimmed": false,
	"spriteSourceSize": {"x":0,"y":0,"w":32,"h":32},
	"sourceSize": {"w":32,"h":32}
},
"gunter_10020":
{
	"frame": {"x":524,"y":580,"w":32,"h":32},
	"rotated": false,
	"trimmed": false,
	"spriteSourceSize": {"x":0,"y":0,"w":32,"h":32},
	"sourceSize": {"w":32,"h":32}
},
"gunter_10021":
{
	"frame": {"x":559,"y":580,"w":32,"h":32},
	"rotated": false,
	"trimmed": false,
	"spriteSourceSize": {"x":0,"y":0,"w":32,"h":32},
	"sourceSize": {"w":32,"h":32}
},
"gunter_10022":
{
	"frame": {"x":594,"y":580,"w":32,"h":32},
	"rotated": false,
	"trimmed": false,
	"spriteSourceSize": {"x":0,"y":0,"w":32,"h":32},
	"sourceSize": {"w":32,"h":32}
},
"gunter_10023":
{
	"frame": {"x":629,"y":580,"w":32,"h":32},
	"rotated": false,
	"trimmed": false,
	"spriteSourceSize": {"x":0,"y":0,"w":32,"h":32},
	"sourceSize": {"w":32,"h":32}
},
"gunter_10024":
{
	"frame": {"x":244,"y":580,"w":32,"h":32},
	"rotated": false,
	"trimmed": false,
	"spriteSourceSize": {"x":0,"y":0,"w":32,"h":32},
	"sourceSize": {"w":32,"h":32}
},
"gunter_10025":
{
	"frame": {"x":244,"y":580,"w":32,"h":32},
	"rotated": false,
	"trimmed": false,
	"spriteSourceSize": {"x":0,"y":0,"w":32,"h":32},
	"sourceSize": {"w":32,"h":32}
},
"gunter_10026":
{
	"frame": {"x":244,"y":580,"w":32,"h":32},
	"rotated": false,
	"trimmed": false,
	"spriteSourceSize": {"x":0,"y":0,"w":32,"h":32},
	"sourceSize": {"w":32,"h":32}
},
"gunter_10027":
{
	"frame": {"x":244,"y":580,"w":32,"h":32},
	"rotated": false,
	"trimmed": false,
	"spriteSourceSize": {"x":0,"y":0,"w":32,"h":32},
	"sourceSize": {"w":32,"h":32}
},
"gunter_10028":
{
	"frame": {"x":244,"y":580,"w":32,"h":32},
	"rotated": false,
	"trimmed": false,
	"spriteSourceSize": {"x":0,"y":0,"w":32,"h":32},
	"sourceSize": {"w":32,"h":32}
},
"gunter_10029":
{
	"frame": {"x":244,"y":580,"w":32,"h":32},
	"rotated": false,
	"trimmed": false,
	"spriteSourceSize": {"x":0,"y":0,"w":32,"h":32},
	"sourceSize": {"w":32,"h":32}
},
"gunter_10030":
{
	"frame": {"x":244,"y":580,"w":32,"h":32},
	"rotated": false,
	"trimmed": false,
	"spriteSourceSize": {"x":0,"y":0,"w":32,"h":32},
	"sourceSize": {"w":32,"h":32}
},
"gunter_10031":
{
	"frame": {"x":244,"y":580,"w":32,"h":32},
	"rotated": false,
	"trimmed": false,
	"spriteSourceSize": {"x":0,"y":0,"w":32,"h":32},
	"sourceSize": {"w":32,"h":32}
},
"gunter_10032":
{
	"frame": {"x":244,"y":580,"w":32,"h":32},
	"rotated": false,
	"trimmed": false,
	"spriteSourceSize": {"x":0,"y":0,"w":32,"h":32},
	"sourceSize": {"w":32,"h":32}
},
"gunter_10033":
{
	"frame": {"x":244,"y":580,"w":32,"h":32},
	"rotated": false,
	"trimmed": false,
	"spriteSourceSize": {"x":0,"y":0,"w":32,"h":32},
	"sourceSize": {"w":32,"h":32}
},
"gunter_10034":
{
	"frame": {"x":244,"y":580,"w":32,"h":32},
	"rotated": false,
	"trimmed": false,
	"spriteSourceSize": {"x":0,"y":0,"w":32,"h":32},
	"sourceSize": {"w":32,"h":32}
},
"gunter_10035":
{
	"frame": {"x":244,"y":580,"w":32,"h":32},
	"rotated": false,
	"trimmed": false,
	"spriteSourceSize": {"x":0,"y":0,"w":32,"h":32},
	"sourceSize": {"w":32,"h":32}
},
"gunter_10036":
{
	"frame": {"x":244,"y":580,"w":32,"h":32},
	"rotated": false,
	"trimmed": false,
	"spriteSourceSize": {"x":0,"y":0,"w":32,"h":32},
	"sourceSize": {"w":32,"h":32}
},
"gunter_10037":
{
	"frame": {"x":244,"y":580,"w":32,"h":32},
	"rotated": false,
	"trimmed": false,
	"spriteSourceSize": {"x":0,"y":0,"w":32,"h":32},
	"sourceSize": {"w":32,"h":32}
},
"gunter_10038":
{
	"frame": {"x":244,"y":580,"w":32,"h":32},
	"rotated": false,
	"trimmed": false,
	"spriteSourceSize": {"x":0,"y":0,"w":32,"h":32},
	"sourceSize": {"w":32,"h":32}
},
"gunter_10039":
{
	"frame": {"x":244,"y":580,"w":32,"h":32},
	"rotated": false,
	"trimmed": false,
	"spriteSourceSize": {"x":0,"y":0,"w":32,"h":32},
	"sourceSize": {"w":32,"h":32}
},
"gunter_10040":
{
	"frame": {"x":244,"y":580,"w":32,"h":32},
	"rotated": false,
	"trimmed": false,
	"spriteSourceSize": {"x":0,"y":0,"w":32,"h":32},
	"sourceSize": {"w":32,"h":32}
},
"gunter_10041":
{
	"frame": {"x":244,"y":580,"w":32,"h":32},
	"rotated": false,
	"trimmed": false,
	"spriteSourceSize": {"x":0,"y":0,"w":32,"h":32},
	"sourceSize": {"w":32,"h":32}
},
"gunter_10042":
{
	"frame": {"x":244,"y":580,"w":32,"h":32},
	"rotated": false,
	"trimmed": false,
	"spriteSourceSize": {"x":0,"y":0,"w":32,"h":32},
	"sourceSize": {"w":32,"h":32}
},
"gunter_10043":
{
	"frame": {"x":244,"y":580,"w":32,"h":32},
	"rotated": false,
	"trimmed": false,
	"spriteSourceSize": {"x":0,"y":0,"w":32,"h":32},
	"sourceSize": {"w":32,"h":32}
},
"gunter_10044":
{
	"frame": {"x":244,"y":580,"w":32,"h":32},
	"rotated": false,
	"trimmed": false,
	"spriteSourceSize": {"x":0,"y":0,"w":32,"h":32},
	"sourceSize": {"w":32,"h":32}
},
"gunter_10045":
{
	"frame": {"x":244,"y":580,"w":32,"h":32},
	"rotated": false,
	"trimmed": false,
	"spriteSourceSize": {"x":0,"y":0,"w":32,"h":32},
	"sourceSize": {"w":32,"h":32}
},
"gunter_10046":
{
	"frame": {"x":244,"y":580,"w":32,"h":32},
	"rotated": false,
	"trimmed": false,
	"spriteSourceSize": {"x":0,"y":0,"w":32,"h":32},
	"sourceSize": {"w":32,"h":32}
},
"gunter_10047":
{
	"frame": {"x":244,"y":580,"w":32,"h":32},
	"rotated": false,
	"trimmed": false,
	"spriteSourceSize": {"x":0,"y":0,"w":32,"h":32},
	"sourceSize": {"w":32,"h":32}
},
"gunter_10048":
{
	"frame": {"x":244,"y":580,"w":32,"h":32},
	"rotated": false,
	"trimmed": false,
	"spriteSourceSize": {"x":0,"y":0,"w":32,"h":32},
	"sourceSize": {"w":32,"h":32}
},
"gunter_10049":
{
	"frame": {"x":244,"y":580,"w":32,"h":32},
	"rotated": false,
	"trimmed": false,
	"spriteSourceSize": {"x":0,"y":0,"w":32,"h":32},
	"sourceSize": {"w":32,"h":32}
},
"gunter_10050":
{
	"frame": {"x":244,"y":580,"w":32,"h":32},
	"rotated": false,
	"trimmed": false,
	"spriteSourceSize": {"x":0,"y":0,"w":32,"h":32},
	"sourceSize": {"w":32,"h":32}
},
"gunter_10051":
{
	"frame": {"x":244,"y":580,"w":32,"h":32},
	"rotated": false,
	"trimmed": false,
	"spriteSourceSize": {"x":0,"y":0,"w":32,"h":32},
	"sourceSize": {"w":32,"h":32}
},
"gunter_10052":
{
	"frame": {"x":664,"y":580,"w":32,"h":32},
	"rotated": false,
	"trimmed": false,
	"spriteSourceSize": {"x":0,"y":0,"w":32,"h":32},
	"sourceSize": {"w":32,"h":32}
},
"gunter_10053":
{
	"frame": {"x":699,"y":580,"w":32,"h":32},
	"rotated": false,
	"trimmed": false,
	"spriteSourceSize": {"x":0,"y":0,"w":32,"h":32},
	"sourceSize": {"w":32,"h":32}
},
"gunter_10054":
{
	"frame": {"x":734,"y":580,"w":32,"h":32},
	"rotated": false,
	"trimmed": false,
	"spriteSourceSize": {"x":0,"y":0,"w":32,"h":32},
	"sourceSize": {"w":32,"h":32}
},
"gunter_10055":
{
	"frame": {"x":769,"y":580,"w":32,"h":32},
	"rotated": false,
	"trimmed": false,
	"spriteSourceSize": {"x":0,"y":0,"w":32,"h":32},
	"sourceSize": {"w":32,"h":32}
},
"gunter_10056":
{
	"frame": {"x":804,"y":580,"w":32,"h":32},
	"rotated": false,
	"trimmed": false,
	"spriteSourceSize": {"x":0,"y":0,"w":32,"h":32},
	"sourceSize": {"w":32,"h":32}
},
"gunter_10057":
{
	"frame": {"x":839,"y":580,"w":32,"h":32},
	"rotated": false,
	"trimmed": false,
	"spriteSourceSize": {"x":0,"y":0,"w":32,"h":32},
	"sourceSize": {"w":32,"h":32}
},
"gunter_10058":
{
	"frame": {"x":874,"y":580,"w":32,"h":32},
	"rotated": false,
	"trimmed": false,
	"spriteSourceSize": {"x":0,"y":0,"w":32,"h":32},
	"sourceSize": {"w":32,"h":32}
},
"gunter_10059":
{
	"frame": {"x":909,"y":580,"w":32,"h":32},
	"rotated": false,
	"trimmed": false,
	"spriteSourceSize": {"x":0,"y":0,"w":32,"h":32},
	"sourceSize": {"w":32,"h":32}
},
"gunter_10060":
{
	"frame": {"x":944,"y":580,"w":32,"h":32},
	"rotated": false,
	"trimmed": false,
	"spriteSourceSize": {"x":0,"y":0,"w":32,"h":32},
	"sourceSize": {"w":32,"h":32}
},
"gunter_10061":
{
	"frame": {"x":979,"y":580,"w":32,"h":32},
	"rotated": false,
	"trimmed": false,
	"spriteSourceSize": {"x":0,"y":0,"w":32,"h":32},
	"sourceSize": {"w":32,"h":32}
},
"gunter_10062":
{
	"frame": {"x":3,"y":615,"w":32,"h":32},
	"rotated": false,
	"trimmed": false,
	"spriteSourceSize": {"x":0,"y":0,"w":32,"h":32},
	"sourceSize": {"w":32,"h":32}
},
"gunter_10063":
{
	"frame": {"x":38,"y":615,"w":32,"h":32},
	"rotated": false,
	"trimmed": false,
	"spriteSourceSize": {"x":0,"y":0,"w":32,"h":32},
	"sourceSize": {"w":32,"h":32}
},
"gunter_10064":
{
	"frame": {"x":73,"y":615,"w":32,"h":32},
	"rotated": false,
	"trimmed": false,
	"spriteSourceSize": {"x":0,"y":0,"w":32,"h":32},
	"sourceSize": {"w":32,"h":32}
},
"gunter_10065":
{
	"frame": {"x":108,"y":615,"w":32,"h":32},
	"rotated": false,
	"trimmed": false,
	"spriteSourceSize": {"x":0,"y":0,"w":32,"h":32},
	"sourceSize": {"w":32,"h":32}
},
"gunter_10066":
{
	"frame": {"x":143,"y":615,"w":32,"h":32},
	"rotated": false,
	"trimmed": false,
	"spriteSourceSize": {"x":0,"y":0,"w":32,"h":32},
	"sourceSize": {"w":32,"h":32}
},
"gunter_10067":
{
	"frame": {"x":178,"y":615,"w":32,"h":32},
	"rotated": false,
	"trimmed": false,
	"spriteSourceSize": {"x":0,"y":0,"w":32,"h":32},
	"sourceSize": {"w":32,"h":32}
},
"gunter_10068":
{
	"frame": {"x":213,"y":615,"w":32,"h":32},
	"rotated": false,
	"trimmed": false,
	"spriteSourceSize": {"x":0,"y":0,"w":32,"h":32},
	"sourceSize": {"w":32,"h":32}
},
"gunter_10069":
{
	"frame": {"x":248,"y":615,"w":32,"h":32},
	"rotated": false,
	"trimmed": false,
	"spriteSourceSize": {"x":0,"y":0,"w":32,"h":32},
	"sourceSize": {"w":32,"h":32}
},
"gunter_10070":
{
	"frame": {"x":248,"y":615,"w":32,"h":32},
	"rotated": false,
	"trimmed": false,
	"spriteSourceSize": {"x":0,"y":0,"w":32,"h":32},
	"sourceSize": {"w":32,"h":32}
},
"gunter_10071":
{
	"frame": {"x":248,"y":615,"w":32,"h":32},
	"rotated": false,
	"trimmed": false,
	"spriteSourceSize": {"x":0,"y":0,"w":32,"h":32},
	"sourceSize": {"w":32,"h":32}
},
"gunter_10072":
{
	"frame": {"x":248,"y":615,"w":32,"h":32},
	"rotated": false,
	"trimmed": false,
	"spriteSourceSize": {"x":0,"y":0,"w":32,"h":32},
	"sourceSize": {"w":32,"h":32}
},
"gunter_10073":
{
	"frame": {"x":283,"y":615,"w":32,"h":32},
	"rotated": false,
	"trimmed": false,
	"spriteSourceSize": {"x":0,"y":0,"w":32,"h":32},
	"sourceSize": {"w":32,"h":32}
},
"gunter_10074":
{
	"frame": {"x":318,"y":615,"w":32,"h":32},
	"rotated": false,
	"trimmed": false,
	"spriteSourceSize": {"x":0,"y":0,"w":32,"h":32},
	"sourceSize": {"w":32,"h":32}
},
"gunter_10075":
{
	"frame": {"x":353,"y":615,"w":32,"h":32},
	"rotated": false,
	"trimmed": false,
	"spriteSourceSize": {"x":0,"y":0,"w":32,"h":32},
	"sourceSize": {"w":32,"h":32}
},
"gunter_10076":
{
	"frame": {"x":388,"y":615,"w":32,"h":32},
	"rotated": false,
	"trimmed": false,
	"spriteSourceSize": {"x":0,"y":0,"w":32,"h":32},
	"sourceSize": {"w":32,"h":32}
},
"gunter_10077":
{
	"frame": {"x":423,"y":615,"w":32,"h":32},
	"rotated": false,
	"trimmed": false,
	"spriteSourceSize": {"x":0,"y":0,"w":32,"h":32},
	"sourceSize": {"w":32,"h":32}
},
"gunter_10078":
{
	"frame": {"x":248,"y":615,"w":32,"h":32},
	"rotated": false,
	"trimmed": false,
	"spriteSourceSize": {"x":0,"y":0,"w":32,"h":32},
	"sourceSize": {"w":32,"h":32}
},
"gunter_10079":
{
	"frame": {"x":458,"y":615,"w":32,"h":32},
	"rotated": false,
	"trimmed": false,
	"spriteSourceSize": {"x":0,"y":0,"w":32,"h":32},
	"sourceSize": {"w":32,"h":32}
},
"gunter_10080":
{
	"frame": {"x":493,"y":615,"w":32,"h":32},
	"rotated": false,
	"trimmed": false,
	"spriteSourceSize": {"x":0,"y":0,"w":32,"h":32},
	"sourceSize": {"w":32,"h":32}
},
"gunter_10081":
{
	"frame": {"x":528,"y":615,"w":32,"h":32},
	"rotated": false,
	"trimmed": false,
	"spriteSourceSize": {"x":0,"y":0,"w":32,"h":32},
	"sourceSize": {"w":32,"h":32}
},
"gunter_10082":
{
	"frame": {"x":563,"y":615,"w":32,"h":32},
	"rotated": false,
	"trimmed": false,
	"spriteSourceSize": {"x":0,"y":0,"w":32,"h":32},
	"sourceSize": {"w":32,"h":32}
},
"gunter_10083":
{
	"frame": {"x":598,"y":615,"w":32,"h":32},
	"rotated": false,
	"trimmed": false,
	"spriteSourceSize": {"x":0,"y":0,"w":32,"h":32},
	"sourceSize": {"w":32,"h":32}
},
"gunter_10084":
{
	"frame": {"x":248,"y":615,"w":32,"h":32},
	"rotated": false,
	"trimmed": false,
	"spriteSourceSize": {"x":0,"y":0,"w":32,"h":32},
	"sourceSize": {"w":32,"h":32}
},
"gunter_10085":
{
	"frame": {"x":458,"y":615,"w":32,"h":32},
	"rotated": false,
	"trimmed": false,
	"spriteSourceSize": {"x":0,"y":0,"w":32,"h":32},
	"sourceSize": {"w":32,"h":32}
},
"gunter_10086":
{
	"frame": {"x":493,"y":615,"w":32,"h":32},
	"rotated": false,
	"trimmed": false,
	"spriteSourceSize": {"x":0,"y":0,"w":32,"h":32},
	"sourceSize": {"w":32,"h":32}
},
"gunter_10087":
{
	"frame": {"x":528,"y":615,"w":32,"h":32},
	"rotated": false,
	"trimmed": false,
	"spriteSourceSize": {"x":0,"y":0,"w":32,"h":32},
	"sourceSize": {"w":32,"h":32}
},
"gunter_10088":
{
	"frame": {"x":563,"y":615,"w":32,"h":32},
	"rotated": false,
	"trimmed": false,
	"spriteSourceSize": {"x":0,"y":0,"w":32,"h":32},
	"sourceSize": {"w":32,"h":32}
},
"gunter_10089":
{
	"frame": {"x":598,"y":615,"w":32,"h":32},
	"rotated": false,
	"trimmed": false,
	"spriteSourceSize": {"x":0,"y":0,"w":32,"h":32},
	"sourceSize": {"w":32,"h":32}
},
"gunter_10090":
{
	"frame": {"x":248,"y":615,"w":32,"h":32},
	"rotated": false,
	"trimmed": false,
	"spriteSourceSize": {"x":0,"y":0,"w":32,"h":32},
	"sourceSize": {"w":32,"h":32}
},
"gunter_10091":
{
	"frame": {"x":633,"y":615,"w":32,"h":32},
	"rotated": false,
	"trimmed": false,
	"spriteSourceSize": {"x":0,"y":0,"w":32,"h":32},
	"sourceSize": {"w":32,"h":32}
},
"gunter_10092":
{
	"frame": {"x":668,"y":615,"w":32,"h":32},
	"rotated": false,
	"trimmed": false,
	"spriteSourceSize": {"x":0,"y":0,"w":32,"h":32},
	"sourceSize": {"w":32,"h":32}
},
"gunter_10093":
{
	"frame": {"x":703,"y":615,"w":32,"h":32},
	"rotated": false,
	"trimmed": false,
	"spriteSourceSize": {"x":0,"y":0,"w":32,"h":32},
	"sourceSize": {"w":32,"h":32}
},
"gunter_10094":
{
	"frame": {"x":738,"y":615,"w":32,"h":32},
	"rotated": false,
	"trimmed": false,
	"spriteSourceSize": {"x":0,"y":0,"w":32,"h":32},
	"sourceSize": {"w":32,"h":32}
},
"gunter_10095":
{
	"frame": {"x":458,"y":615,"w":32,"h":32},
	"rotated": false,
	"trimmed": false,
	"spriteSourceSize": {"x":0,"y":0,"w":32,"h":32},
	"sourceSize": {"w":32,"h":32}
},
"gunter_10096":
{
	"frame": {"x":773,"y":615,"w":32,"h":32},
	"rotated": false,
	"trimmed": false,
	"spriteSourceSize": {"x":0,"y":0,"w":32,"h":32},
	"sourceSize": {"w":32,"h":32}
},
"gunter_10097":
{
	"frame": {"x":808,"y":615,"w":32,"h":32},
	"rotated": false,
	"trimmed": false,
	"spriteSourceSize": {"x":0,"y":0,"w":32,"h":32},
	"sourceSize": {"w":32,"h":32}
},
"gunter_10098":
{
	"frame": {"x":843,"y":615,"w":32,"h":32},
	"rotated": false,
	"trimmed": false,
	"spriteSourceSize": {"x":0,"y":0,"w":32,"h":32},
	"sourceSize": {"w":32,"h":32}
},
"gunter_10099":
{
	"frame": {"x":528,"y":615,"w":32,"h":32},
	"rotated": false,
	"trimmed": false,
	"spriteSourceSize": {"x":0,"y":0,"w":32,"h":32},
	"sourceSize": {"w":32,"h":32}
},
"gunter_10100":
{
	"frame": {"x":878,"y":615,"w":32,"h":32},
	"rotated": false,
	"trimmed": false,
	"spriteSourceSize": {"x":0,"y":0,"w":32,"h":32},
	"sourceSize": {"w":32,"h":32}
},
"gunter_10101":
{
	"frame": {"x":913,"y":615,"w":32,"h":32},
	"rotated": false,
	"trimmed": false,
	"spriteSourceSize": {"x":0,"y":0,"w":32,"h":32},
	"sourceSize": {"w":32,"h":32}
},
"gunter_10102":
{
	"frame": {"x":948,"y":615,"w":32,"h":32},
	"rotated": false,
	"trimmed": false,
	"spriteSourceSize": {"x":0,"y":0,"w":32,"h":32},
	"sourceSize": {"w":32,"h":32}
},
"gunter_10103":
{
	"frame": {"x":664,"y":580,"w":32,"h":32},
	"rotated": false,
	"trimmed": false,
	"spriteSourceSize": {"x":0,"y":0,"w":32,"h":32},
	"sourceSize": {"w":32,"h":32}
},
"gunter_10104":
{
	"frame": {"x":983,"y":615,"w":32,"h":32},
	"rotated": false,
	"trimmed": false,
	"spriteSourceSize": {"x":0,"y":0,"w":32,"h":32},
	"sourceSize": {"w":32,"h":32}
},
"gunter_10105":
{
	"frame": {"x":3,"y":650,"w":32,"h":32},
	"rotated": false,
	"trimmed": false,
	"spriteSourceSize": {"x":0,"y":0,"w":32,"h":32},
	"sourceSize": {"w":32,"h":32}
},
"gunter_10106":
{
	"frame": {"x":38,"y":650,"w":32,"h":32},
	"rotated": false,
	"trimmed": false,
	"spriteSourceSize": {"x":0,"y":0,"w":32,"h":32},
	"sourceSize": {"w":32,"h":32}
},
"gunter_10107":
{
	"frame": {"x":73,"y":650,"w":32,"h":32},
	"rotated": false,
	"trimmed": false,
	"spriteSourceSize": {"x":0,"y":0,"w":32,"h":32},
	"sourceSize": {"w":32,"h":32}
},
"gunter_10108":
{
	"frame": {"x":108,"y":650,"w":32,"h":32},
	"rotated": false,
	"trimmed": false,
	"spriteSourceSize": {"x":0,"y":0,"w":32,"h":32},
	"sourceSize": {"w":32,"h":32}
},
"gunter_10109":
{
	"frame": {"x":143,"y":650,"w":32,"h":32},
	"rotated": false,
	"trimmed": false,
	"spriteSourceSize": {"x":0,"y":0,"w":32,"h":32},
	"sourceSize": {"w":32,"h":32}
},
"gunter_10110":
{
	"frame": {"x":384,"y":580,"w":32,"h":32},
	"rotated": false,
	"trimmed": false,
	"spriteSourceSize": {"x":0,"y":0,"w":32,"h":32},
	"sourceSize": {"w":32,"h":32}
},
"gunter_10111":
{
	"frame": {"x":178,"y":650,"w":32,"h":32},
	"rotated": false,
	"trimmed": false,
	"spriteSourceSize": {"x":0,"y":0,"w":32,"h":32},
	"sourceSize": {"w":32,"h":32}
},
"gunter_10112":
{
	"frame": {"x":213,"y":650,"w":32,"h":32},
	"rotated": false,
	"trimmed": false,
	"spriteSourceSize": {"x":0,"y":0,"w":32,"h":32},
	"sourceSize": {"w":32,"h":32}
},
"gunter_10113":
{
	"frame": {"x":244,"y":580,"w":32,"h":32},
	"rotated": false,
	"trimmed": false,
	"spriteSourceSize": {"x":0,"y":0,"w":32,"h":32},
	"sourceSize": {"w":32,"h":32}
},
"gunter_20000":
{
	"frame": {"x":248,"y":650,"w":75,"h":34},
	"rotated": false,
	"trimmed": false,
	"spriteSourceSize": {"x":0,"y":0,"w":75,"h":34},
	"sourceSize": {"w":75,"h":34}
},
"gunter_20001":
{
	"frame": {"x":248,"y":650,"w":75,"h":34},
	"rotated": false,
	"trimmed": false,
	"spriteSourceSize": {"x":0,"y":0,"w":75,"h":34},
	"sourceSize": {"w":75,"h":34}
},
"gunter_20002":
{
	"frame": {"x":248,"y":650,"w":75,"h":34},
	"rotated": false,
	"trimmed": false,
	"spriteSourceSize": {"x":0,"y":0,"w":75,"h":34},
	"sourceSize": {"w":75,"h":34}
},
"gunter_20003":
{
	"frame": {"x":326,"y":650,"w":75,"h":34},
	"rotated": false,
	"trimmed": false,
	"spriteSourceSize": {"x":0,"y":0,"w":75,"h":34},
	"sourceSize": {"w":75,"h":34}
},
"gunter_20004":
{
	"frame": {"x":404,"y":650,"w":75,"h":34},
	"rotated": false,
	"trimmed": false,
	"spriteSourceSize": {"x":0,"y":0,"w":75,"h":34},
	"sourceSize": {"w":75,"h":34}
},
"gunter_20005":
{
	"frame": {"x":482,"y":650,"w":75,"h":34},
	"rotated": false,
	"trimmed": false,
	"spriteSourceSize": {"x":0,"y":0,"w":75,"h":34},
	"sourceSize": {"w":75,"h":34}
},
"gunter_20006":
{
	"frame": {"x":560,"y":650,"w":75,"h":34},
	"rotated": false,
	"trimmed": false,
	"spriteSourceSize": {"x":0,"y":0,"w":75,"h":34},
	"sourceSize": {"w":75,"h":34}
},
"gunter_20007":
{
	"frame": {"x":638,"y":650,"w":75,"h":34},
	"rotated": false,
	"trimmed": false,
	"spriteSourceSize": {"x":0,"y":0,"w":75,"h":34},
	"sourceSize": {"w":75,"h":34}
},
"gunter_20008":
{
	"frame": {"x":716,"y":650,"w":75,"h":34},
	"rotated": false,
	"trimmed": false,
	"spriteSourceSize": {"x":0,"y":0,"w":75,"h":34},
	"sourceSize": {"w":75,"h":34}
},
"gunter_20009":
{
	"frame": {"x":794,"y":650,"w":75,"h":34},
	"rotated": false,
	"trimmed": false,
	"spriteSourceSize": {"x":0,"y":0,"w":75,"h":34},
	"sourceSize": {"w":75,"h":34}
},
"gunter_20010":
{
	"frame": {"x":872,"y":650,"w":75,"h":34},
	"rotated": false,
	"trimmed": false,
	"spriteSourceSize": {"x":0,"y":0,"w":75,"h":34},
	"sourceSize": {"w":75,"h":34}
},
"gunter_20011":
{
	"frame": {"x":3,"y":687,"w":75,"h":34},
	"rotated": false,
	"trimmed": false,
	"spriteSourceSize": {"x":0,"y":0,"w":75,"h":34},
	"sourceSize": {"w":75,"h":34}
},
"gunter_20012":
{
	"frame": {"x":81,"y":687,"w":75,"h":34},
	"rotated": false,
	"trimmed": false,
	"spriteSourceSize": {"x":0,"y":0,"w":75,"h":34},
	"sourceSize": {"w":75,"h":34}
},
"gunter_20013":
{
	"frame": {"x":159,"y":687,"w":75,"h":34},
	"rotated": false,
	"trimmed": false,
	"spriteSourceSize": {"x":0,"y":0,"w":75,"h":34},
	"sourceSize": {"w":75,"h":34}
},
"gunter_20014":
{
	"frame": {"x":237,"y":687,"w":75,"h":34},
	"rotated": false,
	"trimmed": false,
	"spriteSourceSize": {"x":0,"y":0,"w":75,"h":34},
	"sourceSize": {"w":75,"h":34}
},
"gunter_20015":
{
	"frame": {"x":315,"y":687,"w":75,"h":34},
	"rotated": false,
	"trimmed": false,
	"spriteSourceSize": {"x":0,"y":0,"w":75,"h":34},
	"sourceSize": {"w":75,"h":34}
},
"gunter_20016":
{
	"frame": {"x":393,"y":687,"w":75,"h":34},
	"rotated": false,
	"trimmed": false,
	"spriteSourceSize": {"x":0,"y":0,"w":75,"h":34},
	"sourceSize": {"w":75,"h":34}
},
"gunter_20017":
{
	"frame": {"x":471,"y":687,"w":75,"h":34},
	"rotated": false,
	"trimmed": false,
	"spriteSourceSize": {"x":0,"y":0,"w":75,"h":34},
	"sourceSize": {"w":75,"h":34}
},
"gunter_20018":
{
	"frame": {"x":549,"y":687,"w":75,"h":34},
	"rotated": false,
	"trimmed": false,
	"spriteSourceSize": {"x":0,"y":0,"w":75,"h":34},
	"sourceSize": {"w":75,"h":34}
},
"gunter_20019":
{
	"frame": {"x":627,"y":687,"w":75,"h":34},
	"rotated": false,
	"trimmed": false,
	"spriteSourceSize": {"x":0,"y":0,"w":75,"h":34},
	"sourceSize": {"w":75,"h":34}
},
"gunter_20020":
{
	"frame": {"x":705,"y":687,"w":75,"h":34},
	"rotated": false,
	"trimmed": false,
	"spriteSourceSize": {"x":0,"y":0,"w":75,"h":34},
	"sourceSize": {"w":75,"h":34}
},
"gunter_20021":
{
	"frame": {"x":783,"y":687,"w":75,"h":34},
	"rotated": false,
	"trimmed": false,
	"spriteSourceSize": {"x":0,"y":0,"w":75,"h":34},
	"sourceSize": {"w":75,"h":34}
},
"gunter_20022":
{
	"frame": {"x":861,"y":687,"w":75,"h":34},
	"rotated": false,
	"trimmed": false,
	"spriteSourceSize": {"x":0,"y":0,"w":75,"h":34},
	"sourceSize": {"w":75,"h":34}
},
"gunter_20023":
{
	"frame": {"x":939,"y":687,"w":75,"h":34},
	"rotated": false,
	"trimmed": false,
	"spriteSourceSize": {"x":0,"y":0,"w":75,"h":34},
	"sourceSize": {"w":75,"h":34}
},
"gunter_20024":
{
	"frame": {"x":248,"y":650,"w":75,"h":34},
	"rotated": false,
	"trimmed": false,
	"spriteSourceSize": {"x":0,"y":0,"w":75,"h":34},
	"sourceSize": {"w":75,"h":34}
},
"gunter_20025":
{
	"frame": {"x":315,"y":687,"w":75,"h":34},
	"rotated": false,
	"trimmed": false,
	"spriteSourceSize": {"x":0,"y":0,"w":75,"h":34},
	"sourceSize": {"w":75,"h":34}
},
"gunter_20026":
{
	"frame": {"x":3,"y":724,"w":75,"h":34},
	"rotated": false,
	"trimmed": false,
	"spriteSourceSize": {"x":0,"y":0,"w":75,"h":34},
	"sourceSize": {"w":75,"h":34}
},
"gunter_20027":
{
	"frame": {"x":81,"y":724,"w":75,"h":34},
	"rotated": false,
	"trimmed": false,
	"spriteSourceSize": {"x":0,"y":0,"w":75,"h":34},
	"sourceSize": {"w":75,"h":34}
},
"gunter_20028":
{
	"frame": {"x":159,"y":724,"w":75,"h":34},
	"rotated": false,
	"trimmed": false,
	"spriteSourceSize": {"x":0,"y":0,"w":75,"h":34},
	"sourceSize": {"w":75,"h":34}
},
"gunter_20029":
{
	"frame": {"x":237,"y":724,"w":75,"h":34},
	"rotated": false,
	"trimmed": false,
	"spriteSourceSize": {"x":0,"y":0,"w":75,"h":34},
	"sourceSize": {"w":75,"h":34}
},
"gunter_20030":
{
	"frame": {"x":315,"y":724,"w":75,"h":34},
	"rotated": false,
	"trimmed": false,
	"spriteSourceSize": {"x":0,"y":0,"w":75,"h":34},
	"sourceSize": {"w":75,"h":34}
},
"gunter_20031":
{
	"frame": {"x":393,"y":724,"w":75,"h":34},
	"rotated": false,
	"trimmed": false,
	"spriteSourceSize": {"x":0,"y":0,"w":75,"h":34},
	"sourceSize": {"w":75,"h":34}
},
"gunter_20032":
{
	"frame": {"x":471,"y":724,"w":75,"h":34},
	"rotated": false,
	"trimmed": false,
	"spriteSourceSize": {"x":0,"y":0,"w":75,"h":34},
	"sourceSize": {"w":75,"h":34}
},
"gunter_20033":
{
	"frame": {"x":248,"y":650,"w":75,"h":34},
	"rotated": false,
	"trimmed": false,
	"spriteSourceSize": {"x":0,"y":0,"w":75,"h":34},
	"sourceSize": {"w":75,"h":34}
},
"gunter_20034":
{
	"frame": {"x":248,"y":650,"w":75,"h":34},
	"rotated": false,
	"trimmed": false,
	"spriteSourceSize": {"x":0,"y":0,"w":75,"h":34},
	"sourceSize": {"w":75,"h":34}
},
"gunter_20035":
{
	"frame": {"x":248,"y":650,"w":75,"h":34},
	"rotated": false,
	"trimmed": false,
	"spriteSourceSize": {"x":0,"y":0,"w":75,"h":34},
	"sourceSize": {"w":75,"h":34}
},
"gunter_20036":
{
	"frame": {"x":248,"y":650,"w":75,"h":34},
	"rotated": false,
	"trimmed": false,
	"spriteSourceSize": {"x":0,"y":0,"w":75,"h":34},
	"sourceSize": {"w":75,"h":34}
},
"gunter_20037":
{
	"frame": {"x":248,"y":650,"w":75,"h":34},
	"rotated": false,
	"trimmed": false,
	"spriteSourceSize": {"x":0,"y":0,"w":75,"h":34},
	"sourceSize": {"w":75,"h":34}
},
"gunter_20038":
{
	"frame": {"x":248,"y":650,"w":75,"h":34},
	"rotated": false,
	"trimmed": false,
	"spriteSourceSize": {"x":0,"y":0,"w":75,"h":34},
	"sourceSize": {"w":75,"h":34}
},
"gunter_20039":
{
	"frame": {"x":248,"y":650,"w":75,"h":34},
	"rotated": false,
	"trimmed": false,
	"spriteSourceSize": {"x":0,"y":0,"w":75,"h":34},
	"sourceSize": {"w":75,"h":34}
},
"gunter_20040":
{
	"frame": {"x":248,"y":650,"w":75,"h":34},
	"rotated": false,
	"trimmed": false,
	"spriteSourceSize": {"x":0,"y":0,"w":75,"h":34},
	"sourceSize": {"w":75,"h":34}
},
"gunter_20041":
{
	"frame": {"x":549,"y":724,"w":75,"h":34},
	"rotated": false,
	"trimmed": false,
	"spriteSourceSize": {"x":0,"y":0,"w":75,"h":34},
	"sourceSize": {"w":75,"h":34}
},
"gunter_20042":
{
	"frame": {"x":627,"y":724,"w":75,"h":34},
	"rotated": false,
	"trimmed": false,
	"spriteSourceSize": {"x":0,"y":0,"w":75,"h":34},
	"sourceSize": {"w":75,"h":34}
},
"gunter_20043":
{
	"frame": {"x":705,"y":724,"w":75,"h":34},
	"rotated": false,
	"trimmed": false,
	"spriteSourceSize": {"x":0,"y":0,"w":75,"h":34},
	"sourceSize": {"w":75,"h":34}
},
"gunter_20044":
{
	"frame": {"x":783,"y":724,"w":75,"h":34},
	"rotated": false,
	"trimmed": false,
	"spriteSourceSize": {"x":0,"y":0,"w":75,"h":34},
	"sourceSize": {"w":75,"h":34}
},
"gunter_20045":
{
	"frame": {"x":861,"y":724,"w":75,"h":34},
	"rotated": false,
	"trimmed": false,
	"spriteSourceSize": {"x":0,"y":0,"w":75,"h":34},
	"sourceSize": {"w":75,"h":34}
},
"gunter_20046":
{
	"frame": {"x":939,"y":724,"w":75,"h":34},
	"rotated": false,
	"trimmed": false,
	"spriteSourceSize": {"x":0,"y":0,"w":75,"h":34},
	"sourceSize": {"w":75,"h":34}
},
"gunter_20047":
{
	"frame": {"x":3,"y":761,"w":75,"h":34},
	"rotated": false,
	"trimmed": false,
	"spriteSourceSize": {"x":0,"y":0,"w":75,"h":34},
	"sourceSize": {"w":75,"h":34}
},
"gunter_20048":
{
	"frame": {"x":81,"y":761,"w":75,"h":34},
	"rotated": false,
	"trimmed": false,
	"spriteSourceSize": {"x":0,"y":0,"w":75,"h":34},
	"sourceSize": {"w":75,"h":34}
},
"gunter_20049":
{
	"frame": {"x":159,"y":761,"w":75,"h":34},
	"rotated": false,
	"trimmed": false,
	"spriteSourceSize": {"x":0,"y":0,"w":75,"h":34},
	"sourceSize": {"w":75,"h":34}
},
"gunter_20050":
{
	"frame": {"x":237,"y":761,"w":75,"h":34},
	"rotated": false,
	"trimmed": false,
	"spriteSourceSize": {"x":0,"y":0,"w":75,"h":34},
	"sourceSize": {"w":75,"h":34}
},
"gunter_20051":
{
	"frame": {"x":315,"y":761,"w":75,"h":34},
	"rotated": false,
	"trimmed": false,
	"spriteSourceSize": {"x":0,"y":0,"w":75,"h":34},
	"sourceSize": {"w":75,"h":34}
},
"gunter_20052":
{
	"frame": {"x":393,"y":761,"w":75,"h":34},
	"rotated": false,
	"trimmed": false,
	"spriteSourceSize": {"x":0,"y":0,"w":75,"h":34},
	"sourceSize": {"w":75,"h":34}
},
"gunter_20053":
{
	"frame": {"x":471,"y":761,"w":75,"h":34},
	"rotated": false,
	"trimmed": false,
	"spriteSourceSize": {"x":0,"y":0,"w":75,"h":34},
	"sourceSize": {"w":75,"h":34}
},
"gunter_20054":
{
	"frame": {"x":549,"y":761,"w":75,"h":34},
	"rotated": false,
	"trimmed": false,
	"spriteSourceSize": {"x":0,"y":0,"w":75,"h":34},
	"sourceSize": {"w":75,"h":34}
},
"gunter_20055":
{
	"frame": {"x":627,"y":761,"w":75,"h":34},
	"rotated": false,
	"trimmed": false,
	"spriteSourceSize": {"x":0,"y":0,"w":75,"h":34},
	"sourceSize": {"w":75,"h":34}
},
"gunter_20056":
{
	"frame": {"x":705,"y":761,"w":75,"h":34},
	"rotated": false,
	"trimmed": false,
	"spriteSourceSize": {"x":0,"y":0,"w":75,"h":34},
	"sourceSize": {"w":75,"h":34}
},
"gunter_20057":
{
	"frame": {"x":783,"y":761,"w":75,"h":34},
	"rotated": false,
	"trimmed": false,
	"spriteSourceSize": {"x":0,"y":0,"w":75,"h":34},
	"sourceSize": {"w":75,"h":34}
},
"gunter_20058":
{
	"frame": {"x":861,"y":761,"w":75,"h":34},
	"rotated": false,
	"trimmed": false,
	"spriteSourceSize": {"x":0,"y":0,"w":75,"h":34},
	"sourceSize": {"w":75,"h":34}
},
"gunter_20059":
{
	"frame": {"x":939,"y":761,"w":75,"h":34},
	"rotated": false,
	"trimmed": false,
	"spriteSourceSize": {"x":0,"y":0,"w":75,"h":34},
	"sourceSize": {"w":75,"h":34}
},
"gunter_20060":
{
	"frame": {"x":3,"y":798,"w":75,"h":34},
	"rotated": false,
	"trimmed": false,
	"spriteSourceSize": {"x":0,"y":0,"w":75,"h":34},
	"sourceSize": {"w":75,"h":34}
},
"gunter_20061":
{
	"frame": {"x":81,"y":798,"w":75,"h":34},
	"rotated": false,
	"trimmed": false,
	"spriteSourceSize": {"x":0,"y":0,"w":75,"h":34},
	"sourceSize": {"w":75,"h":34}
},
"gunter_20062":
{
	"frame": {"x":159,"y":798,"w":75,"h":34},
	"rotated": false,
	"trimmed": false,
	"spriteSourceSize": {"x":0,"y":0,"w":75,"h":34},
	"sourceSize": {"w":75,"h":34}
},
"gunter_20063":
{
	"frame": {"x":237,"y":798,"w":75,"h":34},
	"rotated": false,
	"trimmed": false,
	"spriteSourceSize": {"x":0,"y":0,"w":75,"h":34},
	"sourceSize": {"w":75,"h":34}
},
"gunter_20064":
{
	"frame": {"x":315,"y":798,"w":75,"h":34},
	"rotated": false,
	"trimmed": false,
	"spriteSourceSize": {"x":0,"y":0,"w":75,"h":34},
	"sourceSize": {"w":75,"h":34}
},
"gunter_20065":
{
	"frame": {"x":393,"y":798,"w":75,"h":34},
	"rotated": false,
	"trimmed": false,
	"spriteSourceSize": {"x":0,"y":0,"w":75,"h":34},
	"sourceSize": {"w":75,"h":34}
},
"gunter_20066":
{
	"frame": {"x":471,"y":798,"w":75,"h":34},
	"rotated": false,
	"trimmed": false,
	"spriteSourceSize": {"x":0,"y":0,"w":75,"h":34},
	"sourceSize": {"w":75,"h":34}
},
"gunter_20067":
{
	"frame": {"x":549,"y":798,"w":75,"h":34},
	"rotated": false,
	"trimmed": false,
	"spriteSourceSize": {"x":0,"y":0,"w":75,"h":34},
	"sourceSize": {"w":75,"h":34}
},
"gunter_20068":
{
	"frame": {"x":627,"y":798,"w":75,"h":34},
	"rotated": false,
	"trimmed": false,
	"spriteSourceSize": {"x":0,"y":0,"w":75,"h":34},
	"sourceSize": {"w":75,"h":34}
},
"gunter_20069":
{
	"frame": {"x":705,"y":798,"w":75,"h":34},
	"rotated": false,
	"trimmed": false,
	"spriteSourceSize": {"x":0,"y":0,"w":75,"h":34},
	"sourceSize": {"w":75,"h":34}
},
"gunter_20070":
{
	"frame": {"x":783,"y":798,"w":75,"h":34},
	"rotated": false,
	"trimmed": false,
	"spriteSourceSize": {"x":0,"y":0,"w":75,"h":34},
	"sourceSize": {"w":75,"h":34}
},
"gunter_20071":
{
	"frame": {"x":861,"y":798,"w":75,"h":34},
	"rotated": false,
	"trimmed": false,
	"spriteSourceSize": {"x":0,"y":0,"w":75,"h":34},
	"sourceSize": {"w":75,"h":34}
},
"gunter_20072":
{
	"frame": {"x":939,"y":798,"w":75,"h":34},
	"rotated": false,
	"trimmed": false,
	"spriteSourceSize": {"x":0,"y":0,"w":75,"h":34},
	"sourceSize": {"w":75,"h":34}
},
"gunter_20073":
{
	"frame": {"x":3,"y":835,"w":75,"h":34},
	"rotated": false,
	"trimmed": false,
	"spriteSourceSize": {"x":0,"y":0,"w":75,"h":34},
	"sourceSize": {"w":75,"h":34}
},
"gunter_20074":
{
	"frame": {"x":81,"y":835,"w":75,"h":34},
	"rotated": false,
	"trimmed": false,
	"spriteSourceSize": {"x":0,"y":0,"w":75,"h":34},
	"sourceSize": {"w":75,"h":34}
},
"gunter_20075":
{
	"frame": {"x":159,"y":835,"w":75,"h":34},
	"rotated": false,
	"trimmed": false,
	"spriteSourceSize": {"x":0,"y":0,"w":75,"h":34},
	"sourceSize": {"w":75,"h":34}
},
"gunter_20076":
{
	"frame": {"x":237,"y":835,"w":75,"h":34},
	"rotated": false,
	"trimmed": false,
	"spriteSourceSize": {"x":0,"y":0,"w":75,"h":34},
	"sourceSize": {"w":75,"h":34}
},
"gunter_20077":
{
	"frame": {"x":315,"y":835,"w":75,"h":34},
	"rotated": false,
	"trimmed": false,
	"spriteSourceSize": {"x":0,"y":0,"w":75,"h":34},
	"sourceSize": {"w":75,"h":34}
},
"gunter_20078":
{
	"frame": {"x":393,"y":835,"w":75,"h":34},
	"rotated": false,
	"trimmed": false,
	"spriteSourceSize": {"x":0,"y":0,"w":75,"h":34},
	"sourceSize": {"w":75,"h":34}
},
"gunter_20079":
{
	"frame": {"x":471,"y":835,"w":75,"h":34},
	"rotated": false,
	"trimmed": false,
	"spriteSourceSize": {"x":0,"y":0,"w":75,"h":34},
	"sourceSize": {"w":75,"h":34}
},
"gunter_20080":
{
	"frame": {"x":549,"y":835,"w":75,"h":34},
	"rotated": false,
	"trimmed": false,
	"spriteSourceSize": {"x":0,"y":0,"w":75,"h":34},
	"sourceSize": {"w":75,"h":34}
},
"gunter_20081":
{
	"frame": {"x":627,"y":835,"w":75,"h":34},
	"rotated": false,
	"trimmed": false,
	"spriteSourceSize": {"x":0,"y":0,"w":75,"h":34},
	"sourceSize": {"w":75,"h":34}
},
"gunter_20082":
{
	"frame": {"x":705,"y":835,"w":75,"h":34},
	"rotated": false,
	"trimmed": false,
	"spriteSourceSize": {"x":0,"y":0,"w":75,"h":34},
	"sourceSize": {"w":75,"h":34}
},
"gunter_20083":
{
	"frame": {"x":783,"y":835,"w":75,"h":34},
	"rotated": false,
	"trimmed": false,
	"spriteSourceSize": {"x":0,"y":0,"w":75,"h":34},
	"sourceSize": {"w":75,"h":34}
},
"gunter_20084":
{
	"frame": {"x":861,"y":835,"w":75,"h":34},
	"rotated": false,
	"trimmed": false,
	"spriteSourceSize": {"x":0,"y":0,"w":75,"h":34},
	"sourceSize": {"w":75,"h":34}
},
"gunter_20085":
{
	"frame": {"x":939,"y":835,"w":75,"h":34},
	"rotated": false,
	"trimmed": false,
	"spriteSourceSize": {"x":0,"y":0,"w":75,"h":34},
	"sourceSize": {"w":75,"h":34}
},
"gunter_20086":
{
	"frame": {"x":3,"y":872,"w":75,"h":34},
	"rotated": false,
	"trimmed": false,
	"spriteSourceSize": {"x":0,"y":0,"w":75,"h":34},
	"sourceSize": {"w":75,"h":34}
},
"gunter_20087":
{
	"frame": {"x":81,"y":872,"w":75,"h":34},
	"rotated": false,
	"trimmed": false,
	"spriteSourceSize": {"x":0,"y":0,"w":75,"h":34},
	"sourceSize": {"w":75,"h":34}
},
"gunter_20088":
{
	"frame": {"x":159,"y":872,"w":75,"h":34},
	"rotated": false,
	"trimmed": false,
	"spriteSourceSize": {"x":0,"y":0,"w":75,"h":34},
	"sourceSize": {"w":75,"h":34}
},
"gunter_20089":
{
	"frame": {"x":237,"y":872,"w":75,"h":34},
	"rotated": false,
	"trimmed": false,
	"spriteSourceSize": {"x":0,"y":0,"w":75,"h":34},
	"sourceSize": {"w":75,"h":34}
},
"gunter_20090":
{
	"frame": {"x":315,"y":872,"w":75,"h":34},
	"rotated": false,
	"trimmed": false,
	"spriteSourceSize": {"x":0,"y":0,"w":75,"h":34},
	"sourceSize": {"w":75,"h":34}
},
"gunter_20091":
{
	"frame": {"x":248,"y":650,"w":75,"h":34},
	"rotated": false,
	"trimmed": false,
	"spriteSourceSize": {"x":0,"y":0,"w":75,"h":34},
	"sourceSize": {"w":75,"h":34}
},
"gunter_20092":
{
	"frame": {"x":248,"y":650,"w":75,"h":34},
	"rotated": false,
	"trimmed": false,
	"spriteSourceSize": {"x":0,"y":0,"w":75,"h":34},
	"sourceSize": {"w":75,"h":34}
},
"gunter_20093":
{
	"frame": {"x":248,"y":650,"w":75,"h":34},
	"rotated": false,
	"trimmed": false,
	"spriteSourceSize": {"x":0,"y":0,"w":75,"h":34},
	"sourceSize": {"w":75,"h":34}
},
"rock_10000":
{
	"frame": {"x":393,"y":872,"w":71,"h":65},
	"rotated": false,
	"trimmed": false,
	"spriteSourceSize": {"x":0,"y":0,"w":71,"h":65},
	"sourceSize": {"w":71,"h":65}
},
"rock_10001":
{
	"frame": {"x":393,"y":872,"w":71,"h":65},
	"rotated": false,
	"trimmed": false,
	"spriteSourceSize": {"x":0,"y":0,"w":71,"h":65},
	"sourceSize": {"w":71,"h":65}
},
"rock_10002":
{
	"frame": {"x":467,"y":872,"w":71,"h":65},
	"rotated": false,
	"trimmed": false,
	"spriteSourceSize": {"x":0,"y":0,"w":71,"h":65},
	"sourceSize": {"w":71,"h":65}
},
"rock_10003":
{
	"frame": {"x":541,"y":872,"w":71,"h":65},
	"rotated": false,
	"trimmed": false,
	"spriteSourceSize": {"x":0,"y":0,"w":71,"h":65},
	"sourceSize": {"w":71,"h":65}
},
"rock_10004":
{
	"frame": {"x":615,"y":872,"w":71,"h":65},
	"rotated": false,
	"trimmed": false,
	"spriteSourceSize": {"x":0,"y":0,"w":71,"h":65},
	"sourceSize": {"w":71,"h":65}
},
"rock_10005":
{
	"frame": {"x":689,"y":872,"w":71,"h":65},
	"rotated": false,
	"trimmed": false,
	"spriteSourceSize": {"x":0,"y":0,"w":71,"h":65},
	"sourceSize": {"w":71,"h":65}
},
"rock_10006":
{
	"frame": {"x":763,"y":872,"w":71,"h":65},
	"rotated": false,
	"trimmed": false,
	"spriteSourceSize": {"x":0,"y":0,"w":71,"h":65},
	"sourceSize": {"w":71,"h":65}
},
"rock_10007":
{
	"frame": {"x":837,"y":872,"w":71,"h":65},
	"rotated": false,
	"trimmed": false,
	"spriteSourceSize": {"x":0,"y":0,"w":71,"h":65},
	"sourceSize": {"w":71,"h":65}
},
"rock_10008":
{
	"frame": {"x":911,"y":872,"w":71,"h":65},
	"rotated": false,
	"trimmed": false,
	"spriteSourceSize": {"x":0,"y":0,"w":71,"h":65},
	"sourceSize": {"w":71,"h":65}
},
"rock_10009":
{
	"frame": {"x":3,"y":940,"w":71,"h":65},
	"rotated": false,
	"trimmed": false,
	"spriteSourceSize": {"x":0,"y":0,"w":71,"h":65},
	"sourceSize": {"w":71,"h":65}
},
"rock_10010":
{
	"frame": {"x":77,"y":940,"w":71,"h":65},
	"rotated": false,
	"trimmed": false,
	"spriteSourceSize": {"x":0,"y":0,"w":71,"h":65},
	"sourceSize": {"w":71,"h":65}
},
"rock_20000":
{
	"frame": {"x":151,"y":940,"w":70,"h":66},
	"rotated": false,
	"trimmed": false,
	"spriteSourceSize": {"x":0,"y":0,"w":70,"h":66},
	"sourceSize": {"w":70,"h":66}
},
"rock_20001":
{
	"frame": {"x":151,"y":940,"w":70,"h":66},
	"rotated": false,
	"trimmed": false,
	"spriteSourceSize": {"x":0,"y":0,"w":70,"h":66},
	"sourceSize": {"w":70,"h":66}
},
"rock_20002":
{
	"frame": {"x":224,"y":940,"w":70,"h":66},
	"rotated": false,
	"trimmed": false,
	"spriteSourceSize": {"x":0,"y":0,"w":70,"h":66},
	"sourceSize": {"w":70,"h":66}
},
"rock_20003":
{
	"frame": {"x":297,"y":940,"w":70,"h":66},
	"rotated": false,
	"trimmed": false,
	"spriteSourceSize": {"x":0,"y":0,"w":70,"h":66},
	"sourceSize": {"w":70,"h":66}
},
"rock_20004":
{
	"frame": {"x":370,"y":940,"w":70,"h":66},
	"rotated": false,
	"trimmed": false,
	"spriteSourceSize": {"x":0,"y":0,"w":70,"h":66},
	"sourceSize": {"w":70,"h":66}
},
"rock_20005":
{
	"frame": {"x":443,"y":940,"w":70,"h":66},
	"rotated": false,
	"trimmed": false,
	"spriteSourceSize": {"x":0,"y":0,"w":70,"h":66},
	"sourceSize": {"w":70,"h":66}
},
"rock_20006":
{
	"frame": {"x":516,"y":940,"w":70,"h":66},
	"rotated": false,
	"trimmed": false,
	"spriteSourceSize": {"x":0,"y":0,"w":70,"h":66},
	"sourceSize": {"w":70,"h":66}
},
"rock_20007":
{
	"frame": {"x":589,"y":940,"w":70,"h":66},
	"rotated": false,
	"trimmed": false,
	"spriteSourceSize": {"x":0,"y":0,"w":70,"h":66},
	"sourceSize": {"w":70,"h":66}
},
"rock_20008":
{
	"frame": {"x":662,"y":940,"w":70,"h":66},
	"rotated": false,
	"trimmed": false,
	"spriteSourceSize": {"x":0,"y":0,"w":70,"h":66},
	"sourceSize": {"w":70,"h":66}
},
"rock_20009":
{
	"frame": {"x":735,"y":940,"w":70,"h":66},
	"rotated": false,
	"trimmed": false,
	"spriteSourceSize": {"x":0,"y":0,"w":70,"h":66},
	"sourceSize": {"w":70,"h":66}
},
"rock_20010":
{
	"frame": {"x":808,"y":940,"w":70,"h":66},
	"rotated": false,
	"trimmed": false,
	"spriteSourceSize": {"x":0,"y":0,"w":70,"h":66},
	"sourceSize": {"w":70,"h":66}
},
"rock_20011":
{
	"frame": {"x":881,"y":940,"w":70,"h":66},
	"rotated": false,
	"trimmed": false,
	"spriteSourceSize": {"x":0,"y":0,"w":70,"h":66},
	"sourceSize": {"w":70,"h":66}
},
"rock_20012":
{
	"frame": {"x":3,"y":1009,"w":70,"h":66},
	"rotated": false,
	"trimmed": false,
	"spriteSourceSize": {"x":0,"y":0,"w":70,"h":66},
	"sourceSize": {"w":70,"h":66}
},
"rock_20013":
{
	"frame": {"x":76,"y":1009,"w":70,"h":66},
	"rotated": false,
	"trimmed": false,
	"spriteSourceSize": {"x":0,"y":0,"w":70,"h":66},
	"sourceSize": {"w":70,"h":66}
},
"rock_30000":
{
	"frame": {"x":149,"y":1009,"w":50,"h":52},
	"rotated": false,
	"trimmed": false,
	"spriteSourceSize": {"x":0,"y":0,"w":50,"h":52},
	"sourceSize": {"w":50,"h":52}
},
"rock_30001":
{
	"frame": {"x":149,"y":1009,"w":50,"h":52},
	"rotated": false,
	"trimmed": false,
	"spriteSourceSize": {"x":0,"y":0,"w":50,"h":52},
	"sourceSize": {"w":50,"h":52}
},
"rock_30002":
{
	"frame": {"x":202,"y":1009,"w":50,"h":52},
	"rotated": false,
	"trimmed": false,
	"spriteSourceSize": {"x":0,"y":0,"w":50,"h":52},
	"sourceSize": {"w":50,"h":52}
},
"rock_30003":
{
	"frame": {"x":255,"y":1009,"w":50,"h":52},
	"rotated": false,
	"trimmed": false,
	"spriteSourceSize": {"x":0,"y":0,"w":50,"h":52},
	"sourceSize": {"w":50,"h":52}
},
"rock_30004":
{
	"frame": {"x":308,"y":1009,"w":50,"h":52},
	"rotated": false,
	"trimmed": false,
	"spriteSourceSize": {"x":0,"y":0,"w":50,"h":52},
	"sourceSize": {"w":50,"h":52}
},
"rock_30005":
{
	"frame": {"x":361,"y":1009,"w":50,"h":52},
	"rotated": false,
	"trimmed": false,
	"spriteSourceSize": {"x":0,"y":0,"w":50,"h":52},
	"sourceSize": {"w":50,"h":52}
},
"rock_30006":
{
	"frame": {"x":414,"y":1009,"w":50,"h":52},
	"rotated": false,
	"trimmed": false,
	"spriteSourceSize": {"x":0,"y":0,"w":50,"h":52},
	"sourceSize": {"w":50,"h":52}
},
"rock_30007":
{
	"frame": {"x":467,"y":1009,"w":50,"h":52},
	"rotated": false,
	"trimmed": false,
	"spriteSourceSize": {"x":0,"y":0,"w":50,"h":52},
	"sourceSize": {"w":50,"h":52}
},
"rock_30008":
{
	"frame": {"x":520,"y":1009,"w":50,"h":52},
	"rotated": false,
	"trimmed": false,
	"spriteSourceSize": {"x":0,"y":0,"w":50,"h":52},
	"sourceSize": {"w":50,"h":52}
},
"rock_30009":
{
	"frame": {"x":573,"y":1009,"w":50,"h":52},
	"rotated": false,
	"trimmed": false,
	"spriteSourceSize": {"x":0,"y":0,"w":50,"h":52},
	"sourceSize": {"w":50,"h":52}
},
"rock_30010":
{
	"frame": {"x":626,"y":1009,"w":50,"h":52},
	"rotated": false,
	"trimmed": false,
	"spriteSourceSize": {"x":0,"y":0,"w":50,"h":52},
	"sourceSize": {"w":50,"h":52}
},
"rock_30011":
{
	"frame": {"x":679,"y":1009,"w":50,"h":52},
	"rotated": false,
	"trimmed": false,
	"spriteSourceSize": {"x":0,"y":0,"w":50,"h":52},
	"sourceSize": {"w":50,"h":52}
},
"segment_1200000":
{
	"frame": {"x":732,"y":1009,"w":129,"h":63},
	"rotated": false,
	"trimmed": false,
	"spriteSourceSize": {"x":0,"y":0,"w":129,"h":63},
	"sourceSize": {"w":129,"h":63}
},
"segment_1400000":
{
	"frame": {"x":864,"y":1009,"w":150,"h":62},
	"rotated": false,
	"trimmed": false,
	"spriteSourceSize": {"x":0,"y":0,"w":150,"h":62},
	"sourceSize": {"w":150,"h":62}
},
"segment_1600000":
{
	"frame": {"x":3,"y":1078,"w":169,"h":61},
	"rotated": false,
	"trimmed": false,
	"spriteSourceSize": {"x":0,"y":0,"w":169,"h":61},
	"sourceSize": {"w":169,"h":61}
},
"segment_1800000":
{
	"frame": {"x":175,"y":1078,"w":189,"h":62},
	"rotated": false,
	"trimmed": false,
	"spriteSourceSize": {"x":0,"y":0,"w":189,"h":62},
	"sourceSize": {"w":189,"h":62}
},
"snow_10000":
{
	"frame": {"x":367,"y":1078,"w":71,"h":66},
	"rotated": false,
	"trimmed": false,
	"spriteSourceSize": {"x":0,"y":0,"w":71,"h":66},
	"sourceSize": {"w":71,"h":66}
},
"snow_10001":
{
	"frame": {"x":367,"y":1078,"w":71,"h":66},
	"rotated": false,
	"trimmed": false,
	"spriteSourceSize": {"x":0,"y":0,"w":71,"h":66},
	"sourceSize": {"w":71,"h":66}
},
"snow_10002":
{
	"frame": {"x":441,"y":1078,"w":71,"h":66},
	"rotated": false,
	"trimmed": false,
	"spriteSourceSize": {"x":0,"y":0,"w":71,"h":66},
	"sourceSize": {"w":71,"h":66}
},
"snow_10003":
{
	"frame": {"x":515,"y":1078,"w":71,"h":66},
	"rotated": false,
	"trimmed": false,
	"spriteSourceSize": {"x":0,"y":0,"w":71,"h":66},
	"sourceSize": {"w":71,"h":66}
},
"snow_10004":
{
	"frame": {"x":589,"y":1078,"w":71,"h":66},
	"rotated": false,
	"trimmed": false,
	"spriteSourceSize": {"x":0,"y":0,"w":71,"h":66},
	"sourceSize": {"w":71,"h":66}
},
"snow_10005":
{
	"frame": {"x":663,"y":1078,"w":71,"h":66},
	"rotated": false,
	"trimmed": false,
	"spriteSourceSize": {"x":0,"y":0,"w":71,"h":66},
	"sourceSize": {"w":71,"h":66}
},
"snow_10006":
{
	"frame": {"x":737,"y":1078,"w":71,"h":66},
	"rotated": false,
	"trimmed": false,
	"spriteSourceSize": {"x":0,"y":0,"w":71,"h":66},
	"sourceSize": {"w":71,"h":66}
},
"snow_10007":
{
	"frame": {"x":811,"y":1078,"w":71,"h":66},
	"rotated": false,
	"trimmed": false,
	"spriteSourceSize": {"x":0,"y":0,"w":71,"h":66},
	"sourceSize": {"w":71,"h":66}
},
"snow_10008":
{
	"frame": {"x":885,"y":1078,"w":71,"h":66},
	"rotated": false,
	"trimmed": false,
	"spriteSourceSize": {"x":0,"y":0,"w":71,"h":66},
	"sourceSize": {"w":71,"h":66}
},
"snow_10009":
{
	"frame": {"x":3,"y":1147,"w":71,"h":66},
	"rotated": false,
	"trimmed": false,
	"spriteSourceSize": {"x":0,"y":0,"w":71,"h":66},
	"sourceSize": {"w":71,"h":66}
},
"snow_10010":
{
	"frame": {"x":77,"y":1147,"w":71,"h":66},
	"rotated": false,
	"trimmed": false,
	"spriteSourceSize": {"x":0,"y":0,"w":71,"h":66},
	"sourceSize": {"w":71,"h":66}
},
"snow_20000":
{
	"frame": {"x":151,"y":1147,"w":71,"h":67},
	"rotated": false,
	"trimmed": false,
	"spriteSourceSize": {"x":0,"y":0,"w":71,"h":67},
	"sourceSize": {"w":71,"h":67}
},
"snow_20001":
{
	"frame": {"x":151,"y":1147,"w":71,"h":67},
	"rotated": false,
	"trimmed": false,
	"spriteSourceSize": {"x":0,"y":0,"w":71,"h":67},
	"sourceSize": {"w":71,"h":67}
},
"snow_20002":
{
	"frame": {"x":225,"y":1147,"w":71,"h":67},
	"rotated": false,
	"trimmed": false,
	"spriteSourceSize": {"x":0,"y":0,"w":71,"h":67},
	"sourceSize": {"w":71,"h":67}
},
"snow_20003":
{
	"frame": {"x":299,"y":1147,"w":71,"h":67},
	"rotated": false,
	"trimmed": false,
	"spriteSourceSize": {"x":0,"y":0,"w":71,"h":67},
	"sourceSize": {"w":71,"h":67}
},
"snow_20004":
{
	"frame": {"x":373,"y":1147,"w":71,"h":67},
	"rotated": false,
	"trimmed": false,
	"spriteSourceSize": {"x":0,"y":0,"w":71,"h":67},
	"sourceSize": {"w":71,"h":67}
},
"snow_20005":
{
	"frame": {"x":447,"y":1147,"w":71,"h":67},
	"rotated": false,
	"trimmed": false,
	"spriteSourceSize": {"x":0,"y":0,"w":71,"h":67},
	"sourceSize": {"w":71,"h":67}
},
"snow_20006":
{
	"frame": {"x":521,"y":1147,"w":71,"h":67},
	"rotated": false,
	"trimmed": false,
	"spriteSourceSize": {"x":0,"y":0,"w":71,"h":67},
	"sourceSize": {"w":71,"h":67}
},
"snow_20007":
{
	"frame": {"x":595,"y":1147,"w":71,"h":67},
	"rotated": false,
	"trimmed": false,
	"spriteSourceSize": {"x":0,"y":0,"w":71,"h":67},
	"sourceSize": {"w":71,"h":67}
},
"snow_20008":
{
	"frame": {"x":669,"y":1147,"w":71,"h":67},
	"rotated": false,
	"trimmed": false,
	"spriteSourceSize": {"x":0,"y":0,"w":71,"h":67},
	"sourceSize": {"w":71,"h":67}
},
"snow_20009":
{
	"frame": {"x":743,"y":1147,"w":71,"h":67},
	"rotated": false,
	"trimmed": false,
	"spriteSourceSize": {"x":0,"y":0,"w":71,"h":67},
	"sourceSize": {"w":71,"h":67}
},
"snow_20010":
{
	"frame": {"x":817,"y":1147,"w":71,"h":67},
	"rotated": false,
	"trimmed": false,
	"spriteSourceSize": {"x":0,"y":0,"w":71,"h":67},
	"sourceSize": {"w":71,"h":67}
},
"snow_20011":
{
	"frame": {"x":891,"y":1147,"w":71,"h":67},
	"rotated": false,
	"trimmed": false,
	"spriteSourceSize": {"x":0,"y":0,"w":71,"h":67},
	"sourceSize": {"w":71,"h":67}
},
"snow_20012":
{
	"frame": {"x":3,"y":1217,"w":71,"h":67},
	"rotated": false,
	"trimmed": false,
	"spriteSourceSize": {"x":0,"y":0,"w":71,"h":67},
	"sourceSize": {"w":71,"h":67}
},
"snow_20013":
{
	"frame": {"x":77,"y":1217,"w":71,"h":67},
	"rotated": false,
	"trimmed": false,
	"spriteSourceSize": {"x":0,"y":0,"w":71,"h":67},
	"sourceSize": {"w":71,"h":67}
},
"snow_30000":
{
	"frame": {"x":151,"y":1217,"w":50,"h":53},
	"rotated": false,
	"trimmed": false,
	"spriteSourceSize": {"x":0,"y":0,"w":50,"h":53},
	"sourceSize": {"w":50,"h":53}
},
"snow_30001":
{
	"frame": {"x":151,"y":1217,"w":50,"h":53},
	"rotated": false,
	"trimmed": false,
	"spriteSourceSize": {"x":0,"y":0,"w":50,"h":53},
	"sourceSize": {"w":50,"h":53}
},
"snow_30002":
{
	"frame": {"x":204,"y":1217,"w":50,"h":53},
	"rotated": false,
	"trimmed": false,
	"spriteSourceSize": {"x":0,"y":0,"w":50,"h":53},
	"sourceSize": {"w":50,"h":53}
},
"snow_30003":
{
	"frame": {"x":257,"y":1217,"w":50,"h":53},
	"rotated": false,
	"trimmed": false,
	"spriteSourceSize": {"x":0,"y":0,"w":50,"h":53},
	"sourceSize": {"w":50,"h":53}
},
"snow_30004":
{
	"frame": {"x":310,"y":1217,"w":50,"h":53},
	"rotated": false,
	"trimmed": false,
	"spriteSourceSize": {"x":0,"y":0,"w":50,"h":53},
	"sourceSize": {"w":50,"h":53}
},
"snow_30005":
{
	"frame": {"x":363,"y":1217,"w":50,"h":53},
	"rotated": false,
	"trimmed": false,
	"spriteSourceSize": {"x":0,"y":0,"w":50,"h":53},
	"sourceSize": {"w":50,"h":53}
},
"snow_30006":
{
	"frame": {"x":416,"y":1217,"w":50,"h":53},
	"rotated": false,
	"trimmed": false,
	"spriteSourceSize": {"x":0,"y":0,"w":50,"h":53},
	"sourceSize": {"w":50,"h":53}
},
"snow_30007":
{
	"frame": {"x":469,"y":1217,"w":50,"h":53},
	"rotated": false,
	"trimmed": false,
	"spriteSourceSize": {"x":0,"y":0,"w":50,"h":53},
	"sourceSize": {"w":50,"h":53}
},
"snow_30008":
{
	"frame": {"x":522,"y":1217,"w":50,"h":53},
	"rotated": false,
	"trimmed": false,
	"spriteSourceSize": {"x":0,"y":0,"w":50,"h":53},
	"sourceSize": {"w":50,"h":53}
},
"snow_30009":
{
	"frame": {"x":575,"y":1217,"w":50,"h":53},
	"rotated": false,
	"trimmed": false,
	"spriteSourceSize": {"x":0,"y":0,"w":50,"h":53},
	"sourceSize": {"w":50,"h":53}
},
"snow_30010":
{
	"frame": {"x":628,"y":1217,"w":50,"h":53},
	"rotated": false,
	"trimmed": false,
	"spriteSourceSize": {"x":0,"y":0,"w":50,"h":53},
	"sourceSize": {"w":50,"h":53}
},
"snow_30011":
{
	"frame": {"x":681,"y":1217,"w":50,"h":53},
	"rotated": false,
	"trimmed": false,
	"spriteSourceSize": {"x":0,"y":0,"w":50,"h":53},
	"sourceSize": {"w":50,"h":53}
},
"snownman_10000":
{
	"frame": {"x":734,"y":1217,"w":62,"h":36},
	"rotated": false,
	"trimmed": false,
	"spriteSourceSize": {"x":0,"y":0,"w":62,"h":36},
	"sourceSize": {"w":62,"h":36}
},
"snownman_10001":
{
	"frame": {"x":734,"y":1217,"w":62,"h":36},
	"rotated": false,
	"trimmed": false,
	"spriteSourceSize": {"x":0,"y":0,"w":62,"h":36},
	"sourceSize": {"w":62,"h":36}
},
"snownman_10002":
{
	"frame": {"x":799,"y":1217,"w":62,"h":36},
	"rotated": false,
	"trimmed": false,
	"spriteSourceSize": {"x":0,"y":0,"w":62,"h":36},
	"sourceSize": {"w":62,"h":36}
},
"snownman_10003":
{
	"frame": {"x":864,"y":1217,"w":62,"h":36},
	"rotated": false,
	"trimmed": false,
	"spriteSourceSize": {"x":0,"y":0,"w":62,"h":36},
	"sourceSize": {"w":62,"h":36}
},
"snownman_10004":
{
	"frame": {"x":929,"y":1217,"w":62,"h":36},
	"rotated": false,
	"trimmed": false,
	"spriteSourceSize": {"x":0,"y":0,"w":62,"h":36},
	"sourceSize": {"w":62,"h":36}
},
"snownman_10005":
{
	"frame": {"x":3,"y":1287,"w":62,"h":36},
	"rotated": false,
	"trimmed": false,
	"spriteSourceSize": {"x":0,"y":0,"w":62,"h":36},
	"sourceSize": {"w":62,"h":36}
},
"snownman_10006":
{
	"frame": {"x":68,"y":1287,"w":62,"h":36},
	"rotated": false,
	"trimmed": false,
	"spriteSourceSize": {"x":0,"y":0,"w":62,"h":36},
	"sourceSize": {"w":62,"h":36}
},
"snownman_10007":
{
	"frame": {"x":133,"y":1287,"w":62,"h":36},
	"rotated": false,
	"trimmed": false,
	"spriteSourceSize": {"x":0,"y":0,"w":62,"h":36},
	"sourceSize": {"w":62,"h":36}
},
"snownman_10008":
{
	"frame": {"x":198,"y":1287,"w":62,"h":36},
	"rotated": false,
	"trimmed": false,
	"spriteSourceSize": {"x":0,"y":0,"w":62,"h":36},
	"sourceSize": {"w":62,"h":36}
},
"snownman_10009":
{
	"frame": {"x":263,"y":1287,"w":62,"h":36},
	"rotated": false,
	"trimmed": false,
	"spriteSourceSize": {"x":0,"y":0,"w":62,"h":36},
	"sourceSize": {"w":62,"h":36}
},
"snownman_10010":
{
	"frame": {"x":328,"y":1287,"w":62,"h":36},
	"rotated": false,
	"trimmed": false,
	"spriteSourceSize": {"x":0,"y":0,"w":62,"h":36},
	"sourceSize": {"w":62,"h":36}
},
"snownman_10011":
{
	"frame": {"x":393,"y":1287,"w":62,"h":36},
	"rotated": false,
	"trimmed": false,
	"spriteSourceSize": {"x":0,"y":0,"w":62,"h":36},
	"sourceSize": {"w":62,"h":36}
},
"snownman_10012":
{
	"frame": {"x":458,"y":1287,"w":62,"h":36},
	"rotated": false,
	"trimmed": false,
	"spriteSourceSize": {"x":0,"y":0,"w":62,"h":36},
	"sourceSize": {"w":62,"h":36}
},
"snownman_10013":
{
	"frame": {"x":523,"y":1287,"w":62,"h":36},
	"rotated": false,
	"trimmed": false,
	"spriteSourceSize": {"x":0,"y":0,"w":62,"h":36},
	"sourceSize": {"w":62,"h":36}
},
"snownman_10014":
{
	"frame": {"x":588,"y":1287,"w":62,"h":36},
	"rotated": false,
	"trimmed": false,
	"spriteSourceSize": {"x":0,"y":0,"w":62,"h":36},
	"sourceSize": {"w":62,"h":36}
},
"snownman_10015":
{
	"frame": {"x":653,"y":1287,"w":62,"h":36},
	"rotated": false,
	"trimmed": false,
	"spriteSourceSize": {"x":0,"y":0,"w":62,"h":36},
	"sourceSize": {"w":62,"h":36}
},
"snownman_10016":
{
	"frame": {"x":718,"y":1287,"w":62,"h":36},
	"rotated": false,
	"trimmed": false,
	"spriteSourceSize": {"x":0,"y":0,"w":62,"h":36},
	"sourceSize": {"w":62,"h":36}
},
"snownman_10017":
{
	"frame": {"x":783,"y":1287,"w":62,"h":36},
	"rotated": false,
	"trimmed": false,
	"spriteSourceSize": {"x":0,"y":0,"w":62,"h":36},
	"sourceSize": {"w":62,"h":36}
},
"snownman_10018":
{
	"frame": {"x":848,"y":1287,"w":62,"h":36},
	"rotated": false,
	"trimmed": false,
	"spriteSourceSize": {"x":0,"y":0,"w":62,"h":36},
	"sourceSize": {"w":62,"h":36}
},
"snownman_10019":
{
	"frame": {"x":913,"y":1287,"w":62,"h":36},
	"rotated": false,
	"trimmed": false,
	"spriteSourceSize": {"x":0,"y":0,"w":62,"h":36},
	"sourceSize": {"w":62,"h":36}
},
"snownman_10020":
{
	"frame": {"x":3,"y":1326,"w":62,"h":36},
	"rotated": false,
	"trimmed": false,
	"spriteSourceSize": {"x":0,"y":0,"w":62,"h":36},
	"sourceSize": {"w":62,"h":36}
},
"snownman_10021":
{
	"frame": {"x":68,"y":1326,"w":62,"h":36},
	"rotated": false,
	"trimmed": false,
	"spriteSourceSize": {"x":0,"y":0,"w":62,"h":36},
	"sourceSize": {"w":62,"h":36}
},
"snownman_10022":
{
	"frame": {"x":133,"y":1326,"w":62,"h":36},
	"rotated": false,
	"trimmed": false,
	"spriteSourceSize": {"x":0,"y":0,"w":62,"h":36},
	"sourceSize": {"w":62,"h":36}
},
"snownman_10023":
{
	"frame": {"x":198,"y":1326,"w":62,"h":36},
	"rotated": false,
	"trimmed": false,
	"spriteSourceSize": {"x":0,"y":0,"w":62,"h":36},
	"sourceSize": {"w":62,"h":36}
},
"snownman_10024":
{
	"frame": {"x":263,"y":1326,"w":62,"h":36},
	"rotated": false,
	"trimmed": false,
	"spriteSourceSize": {"x":0,"y":0,"w":62,"h":36},
	"sourceSize": {"w":62,"h":36}
},
"snownman_10025":
{
	"frame": {"x":328,"y":1326,"w":62,"h":36},
	"rotated": false,
	"trimmed": false,
	"spriteSourceSize": {"x":0,"y":0,"w":62,"h":36},
	"sourceSize": {"w":62,"h":36}
},
"snownman_10026":
{
	"frame": {"x":393,"y":1326,"w":62,"h":36},
	"rotated": false,
	"trimmed": false,
	"spriteSourceSize": {"x":0,"y":0,"w":62,"h":36},
	"sourceSize": {"w":62,"h":36}
},
"snownman_10027":
{
	"frame": {"x":458,"y":1326,"w":62,"h":36},
	"rotated": false,
	"trimmed": false,
	"spriteSourceSize": {"x":0,"y":0,"w":62,"h":36},
	"sourceSize": {"w":62,"h":36}
},
"snownman_10028":
{
	"frame": {"x":523,"y":1326,"w":62,"h":36},
	"rotated": false,
	"trimmed": false,
	"spriteSourceSize": {"x":0,"y":0,"w":62,"h":36},
	"sourceSize": {"w":62,"h":36}
},
"snownman_10029":
{
	"frame": {"x":588,"y":1326,"w":62,"h":36},
	"rotated": false,
	"trimmed": false,
	"spriteSourceSize": {"x":0,"y":0,"w":62,"h":36},
	"sourceSize": {"w":62,"h":36}
},
"snownman_10030":
{
	"frame": {"x":653,"y":1326,"w":62,"h":36},
	"rotated": false,
	"trimmed": false,
	"spriteSourceSize": {"x":0,"y":0,"w":62,"h":36},
	"sourceSize": {"w":62,"h":36}
},
"snownman_10031":
{
	"frame": {"x":718,"y":1326,"w":62,"h":36},
	"rotated": false,
	"trimmed": false,
	"spriteSourceSize": {"x":0,"y":0,"w":62,"h":36},
	"sourceSize": {"w":62,"h":36}
},
"snownman_10032":
{
	"frame": {"x":783,"y":1326,"w":62,"h":36},
	"rotated": false,
	"trimmed": false,
	"spriteSourceSize": {"x":0,"y":0,"w":62,"h":36},
	"sourceSize": {"w":62,"h":36}
},
"snownman_10033":
{
	"frame": {"x":848,"y":1326,"w":62,"h":36},
	"rotated": false,
	"trimmed": false,
	"spriteSourceSize": {"x":0,"y":0,"w":62,"h":36},
	"sourceSize": {"w":62,"h":36}
},
"snownman_10034":
{
	"frame": {"x":913,"y":1326,"w":62,"h":36},
	"rotated": false,
	"trimmed": false,
	"spriteSourceSize": {"x":0,"y":0,"w":62,"h":36},
	"sourceSize": {"w":62,"h":36}
},
"snownman_10035":
{
	"frame": {"x":3,"y":1365,"w":62,"h":36},
	"rotated": false,
	"trimmed": false,
	"spriteSourceSize": {"x":0,"y":0,"w":62,"h":36},
	"sourceSize": {"w":62,"h":36}
},
"snownman_10036":
{
	"frame": {"x":68,"y":1365,"w":62,"h":36},
	"rotated": false,
	"trimmed": false,
	"spriteSourceSize": {"x":0,"y":0,"w":62,"h":36},
	"sourceSize": {"w":62,"h":36}
},
"snownman_10037":
{
	"frame": {"x":133,"y":1365,"w":62,"h":36},
	"rotated": false,
	"trimmed": false,
	"spriteSourceSize": {"x":0,"y":0,"w":62,"h":36},
	"sourceSize": {"w":62,"h":36}
},
"snownman_10038":
{
	"frame": {"x":198,"y":1365,"w":62,"h":36},
	"rotated": false,
	"trimmed": false,
	"spriteSourceSize": {"x":0,"y":0,"w":62,"h":36},
	"sourceSize": {"w":62,"h":36}
},
"snownman_10039":
{
	"frame": {"x":263,"y":1365,"w":62,"h":36},
	"rotated": false,
	"trimmed": false,
	"spriteSourceSize": {"x":0,"y":0,"w":62,"h":36},
	"sourceSize": {"w":62,"h":36}
},
"snownman_10040":
{
	"frame": {"x":328,"y":1365,"w":62,"h":36},
	"rotated": false,
	"trimmed": false,
	"spriteSourceSize": {"x":0,"y":0,"w":62,"h":36},
	"sourceSize": {"w":62,"h":36}
},
"terrace_1000000":
{
	"frame": {"x":393,"y":1365,"w":149,"h":128},
	"rotated": false,
	"trimmed": false,
	"spriteSourceSize": {"x":0,"y":0,"w":149,"h":128},
	"sourceSize": {"w":149,"h":128}
},
"terrace_1100000":
{
	"frame": {"x":545,"y":1365,"w":175,"h":142},
	"rotated": false,
	"trimmed": false,
	"spriteSourceSize": {"x":0,"y":0,"w":175,"h":142},
	"sourceSize": {"w":175,"h":142}
},
"terrace_1200000":
{
	"frame": {"x":723,"y":1365,"w":185,"h":141},
	"rotated": false,
	"trimmed": false,
	"spriteSourceSize": {"x":0,"y":0,"w":185,"h":141},
	"sourceSize": {"w":185,"h":141}
},
"terrace_800000":
{
	"frame": {"x":3,"y":1510,"w":144,"h":123},
	"rotated": false,
	"trimmed": false,
	"spriteSourceSize": {"x":0,"y":0,"w":144,"h":123},
	"sourceSize": {"w":144,"h":123}
},
"terrace_900000":
{
	"frame": {"x":150,"y":1510,"w":162,"h":135},
	"rotated": false,
	"trimmed": false,
	"spriteSourceSize": {"x":0,"y":0,"w":162,"h":135},
	"sourceSize": {"w":162,"h":135}
},
"tree_10000":
{
	"frame": {"x":315,"y":1510,"w":64,"h":66},
	"rotated": false,
	"trimmed": false,
	"spriteSourceSize": {"x":0,"y":0,"w":64,"h":66},
	"sourceSize": {"w":64,"h":66}
},
"tree_10001":
{
	"frame": {"x":315,"y":1510,"w":64,"h":66},
	"rotated": false,
	"trimmed": false,
	"spriteSourceSize": {"x":0,"y":0,"w":64,"h":66},
	"sourceSize": {"w":64,"h":66}
},
"tree_10002":
{
	"frame": {"x":382,"y":1510,"w":64,"h":66},
	"rotated": false,
	"trimmed": false,
	"spriteSourceSize": {"x":0,"y":0,"w":64,"h":66},
	"sourceSize": {"w":64,"h":66}
},
"tree_10003":
{
	"frame": {"x":449,"y":1510,"w":64,"h":66},
	"rotated": false,
	"trimmed": false,
	"spriteSourceSize": {"x":0,"y":0,"w":64,"h":66},
	"sourceSize": {"w":64,"h":66}
},
"tree_10004":
{
	"frame": {"x":516,"y":1510,"w":64,"h":66},
	"rotated": false,
	"trimmed": false,
	"spriteSourceSize": {"x":0,"y":0,"w":64,"h":66},
	"sourceSize": {"w":64,"h":66}
},
"tree_10005":
{
	"frame": {"x":583,"y":1510,"w":64,"h":66},
	"rotated": false,
	"trimmed": false,
	"spriteSourceSize": {"x":0,"y":0,"w":64,"h":66},
	"sourceSize": {"w":64,"h":66}
},
"tree_10006":
{
	"frame": {"x":650,"y":1510,"w":64,"h":66},
	"rotated": false,
	"trimmed": false,
	"spriteSourceSize": {"x":0,"y":0,"w":64,"h":66},
	"sourceSize": {"w":64,"h":66}
},
"tree_10007":
{
	"frame": {"x":717,"y":1510,"w":64,"h":66},
	"rotated": false,
	"trimmed": false,
	"spriteSourceSize": {"x":0,"y":0,"w":64,"h":66},
	"sourceSize": {"w":64,"h":66}
},
"tree_10008":
{
	"frame": {"x":784,"y":1510,"w":64,"h":66},
	"rotated": false,
	"trimmed": false,
	"spriteSourceSize": {"x":0,"y":0,"w":64,"h":66},
	"sourceSize": {"w":64,"h":66}
},
"tree_10009":
{
	"frame": {"x":851,"y":1510,"w":64,"h":66},
	"rotated": false,
	"trimmed": false,
	"spriteSourceSize": {"x":0,"y":0,"w":64,"h":66},
	"sourceSize": {"w":64,"h":66}
},
"tree_10010":
{
	"frame": {"x":918,"y":1510,"w":64,"h":66},
	"rotated": false,
	"trimmed": false,
	"spriteSourceSize": {"x":0,"y":0,"w":64,"h":66},
	"sourceSize": {"w":64,"h":66}
},
"tree_10011":
{
	"frame": {"x":3,"y":1648,"w":64,"h":66},
	"rotated": false,
	"trimmed": false,
	"spriteSourceSize": {"x":0,"y":0,"w":64,"h":66},
	"sourceSize": {"w":64,"h":66}
},
"tree_10012":
{
	"frame": {"x":70,"y":1648,"w":64,"h":66},
	"rotated": false,
	"trimmed": false,
	"spriteSourceSize": {"x":0,"y":0,"w":64,"h":66},
	"sourceSize": {"w":64,"h":66}
},
"tree_10013":
{
	"frame": {"x":137,"y":1648,"w":64,"h":66},
	"rotated": false,
	"trimmed": false,
	"spriteSourceSize": {"x":0,"y":0,"w":64,"h":66},
	"sourceSize": {"w":64,"h":66}
},
"tree_10014":
{
	"frame": {"x":315,"y":1510,"w":64,"h":66},
	"rotated": false,
	"trimmed": false,
	"spriteSourceSize": {"x":0,"y":0,"w":64,"h":66},
	"sourceSize": {"w":64,"h":66}
},
"tree_20000":
{
	"frame": {"x":204,"y":1648,"w":56,"h":75},
	"rotated": false,
	"trimmed": true,
	"spriteSourceSize": {"x":0,"y":0,"w":56,"h":75},
	"sourceSize": {"w":56,"h":75}
},
"tree_20001":
{
	"frame": {"x":204,"y":1648,"w":56,"h":75},
	"rotated": false,
	"trimmed": true,
	"spriteSourceSize": {"x":0,"y":0,"w":56,"h":75},
	"sourceSize": {"w":56,"h":75}
},
"tree_20002":
{
	"frame": {"x":204,"y":1648,"w":56,"h":75},
	"rotated": false,
	"trimmed": true,
	"spriteSourceSize": {"x":0,"y":0,"w":56,"h":75},
	"sourceSize": {"w":56,"h":75}
},
"tree_20003":
{
	"frame": {"x":263,"y":1648,"w":56,"h":75},
	"rotated": false,
	"trimmed": true,
	"spriteSourceSize": {"x":0,"y":0,"w":56,"h":75},
	"sourceSize": {"w":56,"h":75}
},
"tree_20004":
{
	"frame": {"x":322,"y":1648,"w":56,"h":75},
	"rotated": false,
	"trimmed": true,
	"spriteSourceSize": {"x":0,"y":0,"w":56,"h":75},
	"sourceSize": {"w":56,"h":75}
},
"tree_20005":
{
	"frame": {"x":381,"y":1648,"w":56,"h":75},
	"rotated": false,
	"trimmed": false,
	"spriteSourceSize": {"x":0,"y":0,"w":56,"h":75},
	"sourceSize": {"w":56,"h":75}
},
"tree_20006":
{
	"frame": {"x":440,"y":1648,"w":56,"h":75},
	"rotated": false,
	"trimmed": true,
	"spriteSourceSize": {"x":0,"y":0,"w":56,"h":75},
	"sourceSize": {"w":56,"h":75}
},
"tree_20007":
{
	"frame": {"x":499,"y":1648,"w":56,"h":75},
	"rotated": false,
	"trimmed": true,
	"spriteSourceSize": {"x":0,"y":0,"w":56,"h":75},
	"sourceSize": {"w":56,"h":75}
},
"tree_20008":
{
	"frame": {"x":558,"y":1648,"w":56,"h":75},
	"rotated": false,
	"trimmed": true,
	"spriteSourceSize": {"x":0,"y":0,"w":56,"h":75},
	"sourceSize": {"w":56,"h":75}
},
"tree_20009":
{
	"frame": {"x":617,"y":1648,"w":56,"h":75},
	"rotated": false,
	"trimmed": true,
	"spriteSourceSize": {"x":0,"y":0,"w":56,"h":75},
	"sourceSize": {"w":56,"h":75}
},
"tree_20010":
{
	"frame": {"x":676,"y":1648,"w":56,"h":75},
	"rotated": false,
	"trimmed": true,
	"spriteSourceSize": {"x":0,"y":0,"w":56,"h":75},
	"sourceSize": {"w":56,"h":75}
},
"tree_20011":
{
	"frame": {"x":735,"y":1648,"w":56,"h":75},
	"rotated": false,
	"trimmed": true,
	"spriteSourceSize": {"x":0,"y":0,"w":56,"h":75},
	"sourceSize": {"w":56,"h":75}
},
"tree_20012":
{
	"frame": {"x":794,"y":1648,"w":56,"h":75},
	"rotated": false,
	"trimmed": true,
	"spriteSourceSize": {"x":0,"y":0,"w":56,"h":75},
	"sourceSize": {"w":56,"h":75}
},
"tree_20013":
{
	"frame": {"x":853,"y":1648,"w":56,"h":75},
	"rotated": false,
	"trimmed": true,
	"spriteSourceSize": {"x":0,"y":0,"w":56,"h":75},
	"sourceSize": {"w":56,"h":75}
},
"tree_20014":
{
	"frame": {"x":912,"y":1648,"w":56,"h":75},
	"rotated": false,
	"trimmed": true,
	"spriteSourceSize": {"x":0,"y":0,"w":56,"h":75},
	"sourceSize": {"w":56,"h":75}
},
"tree_20015":
{
	"frame": {"x":3,"y":1726,"w":56,"h":75},
	"rotated": false,
	"trimmed": true,
	"spriteSourceSize": {"x":0,"y":0,"w":56,"h":75},
	"sourceSize": {"w":56,"h":75}
},
"tree_20016":
{
	"frame": {"x":62,"y":1726,"w":56,"h":75},
	"rotated": false,
	"trimmed": true,
	"spriteSourceSize": {"x":0,"y":0,"w":56,"h":75},
	"sourceSize": {"w":56,"h":75}
},
"tree_20017":
{
	"frame": {"x":121,"y":1726,"w":56,"h":75},
	"rotated": false,
	"trimmed": true,
	"spriteSourceSize": {"x":0,"y":0,"w":56,"h":75},
	"sourceSize": {"w":56,"h":75}
},
"tree_20018":
{
	"frame": {"x":204,"y":1648,"w":56,"h":75},
	"rotated": false,
	"trimmed": true,
	"spriteSourceSize": {"x":0,"y":0,"w":56,"h":75},
	"sourceSize": {"w":56,"h":75}
},
"tree_30000":
{
	"frame": {"x":180,"y":1726,"w":59,"h":82},
	"rotated": false,
	"trimmed": false,
	"spriteSourceSize": {"x":0,"y":0,"w":59,"h":82},
	"sourceSize": {"w":59,"h":82}
},
"tree_30001":
{
	"frame": {"x":180,"y":1726,"w":59,"h":82},
	"rotated": false,
	"trimmed": false,
	"spriteSourceSize": {"x":0,"y":0,"w":59,"h":82},
	"sourceSize": {"w":59,"h":82}
},
"tree_30002":
{
	"frame": {"x":180,"y":1726,"w":59,"h":82},
	"rotated": false,
	"trimmed": false,
	"spriteSourceSize": {"x":0,"y":0,"w":59,"h":82},
	"sourceSize": {"w":59,"h":82}
},
"tree_30003":
{
	"frame": {"x":242,"y":1726,"w":59,"h":82},
	"rotated": false,
	"trimmed": false,
	"spriteSourceSize": {"x":0,"y":0,"w":59,"h":82},
	"sourceSize": {"w":59,"h":82}
},
"tree_30004":
{
	"frame": {"x":304,"y":1726,"w":59,"h":82},
	"rotated": false,
	"trimmed": false,
	"spriteSourceSize": {"x":0,"y":0,"w":59,"h":82},
	"sourceSize": {"w":59,"h":82}
},
"tree_30005":
{
	"frame": {"x":366,"y":1726,"w":59,"h":82},
	"rotated": false,
	"trimmed": false,
	"spriteSourceSize": {"x":0,"y":0,"w":59,"h":82},
	"sourceSize": {"w":59,"h":82}
},
"tree_30006":
{
	"frame": {"x":428,"y":1726,"w":59,"h":82},
	"rotated": false,
	"trimmed": false,
	"spriteSourceSize": {"x":0,"y":0,"w":59,"h":82},
	"sourceSize": {"w":59,"h":82}
},
"tree_30007":
{
	"frame": {"x":490,"y":1726,"w":59,"h":82},
	"rotated": false,
	"trimmed": false,
	"spriteSourceSize": {"x":0,"y":0,"w":59,"h":82},
	"sourceSize": {"w":59,"h":82}
},
"tree_30008":
{
	"frame": {"x":552,"y":1726,"w":59,"h":82},
	"rotated": false,
	"trimmed": false,
	"spriteSourceSize": {"x":0,"y":0,"w":59,"h":82},
	"sourceSize": {"w":59,"h":82}
},
"tree_30009":
{
	"frame": {"x":614,"y":1726,"w":59,"h":82},
	"rotated": false,
	"trimmed": false,
	"spriteSourceSize": {"x":0,"y":0,"w":59,"h":82},
	"sourceSize": {"w":59,"h":82}
},
"tree_30010":
{
	"frame": {"x":676,"y":1726,"w":59,"h":82},
	"rotated": false,
	"trimmed": false,
	"spriteSourceSize": {"x":0,"y":0,"w":59,"h":82},
	"sourceSize": {"w":59,"h":82}
},
"tree_30011":
{
	"frame": {"x":738,"y":1726,"w":59,"h":82},
	"rotated": false,
	"trimmed": false,
	"spriteSourceSize": {"x":0,"y":0,"w":59,"h":82},
	"sourceSize": {"w":59,"h":82}
},
"tree_30012":
{
	"frame": {"x":800,"y":1726,"w":59,"h":82},
	"rotated": false,
	"trimmed": false,
	"spriteSourceSize": {"x":0,"y":0,"w":59,"h":82},
	"sourceSize": {"w":59,"h":82}
},
"tree_30013":
{
	"frame": {"x":862,"y":1726,"w":59,"h":82},
	"rotated": false,
	"trimmed": false,
	"spriteSourceSize": {"x":0,"y":0,"w":59,"h":82},
	"sourceSize": {"w":59,"h":82}
},
"tree_30014":
{
	"frame": {"x":924,"y":1726,"w":59,"h":82},
	"rotated": false,
	"trimmed": false,
	"spriteSourceSize": {"x":0,"y":0,"w":59,"h":82},
	"sourceSize": {"w":59,"h":82}
},
"tree_30015":
{
	"frame": {"x":180,"y":1726,"w":59,"h":82},
	"rotated": false,
	"trimmed": false,
	"spriteSourceSize": {"x":0,"y":0,"w":59,"h":82},
	"sourceSize": {"w":59,"h":82}
},
"tree_30016":
{
	"frame": {"x":180,"y":1726,"w":59,"h":82},
	"rotated": false,
	"trimmed": false,
	"spriteSourceSize": {"x":0,"y":0,"w":59,"h":82},
	"sourceSize": {"w":59,"h":82}
},
"tree_30017":
{
	"frame": {"x":180,"y":1726,"w":59,"h":82},
	"rotated": false,
	"trimmed": false,
	"spriteSourceSize": {"x":0,"y":0,"w":59,"h":82},
	"sourceSize": {"w":59,"h":82}
},
"tree_30018":
{
	"frame": {"x":180,"y":1726,"w":59,"h":82},
	"rotated": false,
	"trimmed": false,
	"spriteSourceSize": {"x":0,"y":0,"w":59,"h":82},
	"sourceSize": {"w":59,"h":82}
},
"true_rock_10000":
{
	"frame": {"x":3,"y":1811,"w":36,"h":35},
	"rotated": false,
	"trimmed": false,
	"spriteSourceSize": {"x":0,"y":0,"w":36,"h":35},
	"sourceSize": {"w":36,"h":35}
},
"true_rock_20000":
{
	"frame": {"x":42,"y":1811,"w":38,"h":39},
	"rotated": false,
	"trimmed": false,
	"spriteSourceSize": {"x":0,"y":0,"w":38,"h":39},
	"sourceSize": {"w":38,"h":39}
},
"true_rock_30000":
{
	"frame": {"x":83,"y":1811,"w":39,"h":39},
	"rotated": false,
	"trimmed": false,
	"spriteSourceSize": {"x":0,"y":0,"w":39,"h":39},
	"sourceSize": {"w":39,"h":39}
},
"true_snow_10000":
{
	"frame": {"x":125,"y":1811,"w":38,"h":38},
	"rotated": false,
	"trimmed": false,
	"spriteSourceSize": {"x":0,"y":0,"w":38,"h":38},
	"sourceSize": {"w":38,"h":38}
},
"true_snow_20000":
{
	"frame": {"x":166,"y":1811,"w":38,"h":36},
	"rotated": false,
	"trimmed": false,
	"spriteSourceSize": {"x":0,"y":0,"w":38,"h":36},
	"sourceSize": {"w":38,"h":36}
},
"true_snow_30000":
{
	"frame": {"x":207,"y":1811,"w":36,"h":34},
	"rotated": false,
	"trimmed": false,
	"spriteSourceSize": {"x":0,"y":0,"w":36,"h":34},
	"sourceSize": {"w":36,"h":34}
}},
"meta": {
	"app": "Adobe Animate",
	"version": "16.1.0.86",
	"image": "no_optimization_images.png",
	"format": "RGBA8888",
	"size": {"w":1024,"h":2048},
	"scale": "1"
}
}
