{"frames": {

    "back-icon.png":
    {
        "frame": {"x":308,"y":1348,"w":42,"h":38},
        "rotated": false,
        "trimmed": false,
        "spriteSourceSize": {"x":0,"y":0,"w":42,"h":38},
        "sourceSize": {"w":42,"h":38},
        "pivot": {"x":0.5,"y":0.5}
    },
    "bigbutton-down.png":
    {
        "frame": {"x":1038,"y":474,"w":204,"h":208},
        "rotated": false,
        "trimmed": true,
        "spriteSourceSize": {"x":0,"y":8,"w":204,"h":208},
        "sourceSize": {"w":204,"h":225},
        "pivot": {"x":0.5,"y":0.5}
    },
    "bigbutton-over.png":
    {
        "frame": {"x":756,"y":1394,"w":192,"h":216},
        "rotated": false,
        "trimmed": true,
        "spriteSourceSize": {"x":6,"y":4,"w":192,"h":216},
        "sourceSize": {"w":204,"h":225},
        "pivot": {"x":0.5,"y":0.5}
    },
    "bigbutton-up.png":
    {
        "frame": {"x":1038,"y":684,"w":192,"h":216},
        "rotated": false,
        "trimmed": true,
        "spriteSourceSize": {"x":6,"y":4,"w":192,"h":216},
        "sourceSize": {"w":204,"h":225},
        "pivot": {"x":0.5,"y":0.5}
    },
    "bigplay-icon.png":
    {
        "frame": {"x":1188,"y":1606,"w":52,"h":106},
        "rotated": false,
        "trimmed": false,
        "spriteSourceSize": {"x":0,"y":0,"w":52,"h":106},
        "sourceSize": {"w":52,"h":106},
        "pivot": {"x":0.5,"y":0.5}
    },
    "billboard-lamp.png":
    {
        "frame": {"x":1286,"y":1002,"w":58,"h":92},
        "rotated": false,
        "trimmed": false,
        "spriteSourceSize": {"x":0,"y":0,"w":58,"h":92},
        "sourceSize": {"w":58,"h":92},
        "pivot": {"x":0.5,"y":0.5}
    },
    "board-frame.png":
    {
        "frame": {"x":642,"y":376,"w":672,"h":96},
        "rotated": false,
        "trimmed": false,
        "spriteSourceSize": {"x":0,"y":0,"w":672,"h":96},
        "sourceSize": {"w":672,"h":96},
        "pivot": {"x":0.5,"y":0.5}
    },
    "button-down.png":
    {
        "frame": {"x":1220,"y":274,"w":92,"h":94},
        "rotated": false,
        "trimmed": true,
        "spriteSourceSize": {"x":2,"y":4,"w":92,"h":94},
        "sourceSize": {"w":96,"h":104},
        "pivot": {"x":0.5,"y":0.5}
    },
    "button-over.png":
    {
        "frame": {"x":1244,"y":1276,"w":88,"h":104},
        "rotated": false,
        "trimmed": true,
        "spriteSourceSize": {"x":4,"y":0,"w":88,"h":104},
        "sourceSize": {"w":96,"h":104},
        "pivot": {"x":0.5,"y":0.5}
    },
    "button-up.png":
    {
        "frame": {"x":1232,"y":684,"w":88,"h":104},
        "rotated": false,
        "trimmed": true,
        "spriteSourceSize": {"x":4,"y":0,"w":88,"h":104},
        "sourceSize": {"w":96,"h":104},
        "pivot": {"x":0.5,"y":0.5}
    },
    "cheese.png":
    {
        "frame": {"x":0,"y":1952,"w":224,"h":66},
        "rotated": false,
        "trimmed": false,
        "spriteSourceSize": {"x":0,"y":0,"w":224,"h":66},
        "sourceSize": {"w":224,"h":66},
        "pivot": {"x":0.5,"y":0.5}
    },
    "countdown01.png":
    {
        "frame": {"x":756,"y":1612,"w":222,"h":160},
        "rotated": false,
        "trimmed": false,
        "spriteSourceSize": {"x":0,"y":0,"w":222,"h":160},
        "sourceSize": {"w":222,"h":160},
        "pivot": {"x":0.5,"y":0.5}
    },
    "countdown02.png":
    {
        "frame": {"x":522,"y":846,"w":48,"h":160},
        "rotated": false,
        "trimmed": true,
        "spriteSourceSize": {"x":86,"y":0,"w":48,"h":160},
        "sourceSize": {"w":222,"h":160},
        "pivot": {"x":0.5,"y":0.5}
    },
    "countdown03.png":
    {
        "frame": {"x":1244,"y":474,"w":68,"h":160},
        "rotated": false,
        "trimmed": true,
        "spriteSourceSize": {"x":76,"y":0,"w":68,"h":160},
        "sourceSize": {"w":222,"h":160},
        "pivot": {"x":0.5,"y":0.5}
    },
    "countdown04.png":
    {
        "frame": {"x":1224,"y":1394,"w":68,"h":160},
        "rotated": false,
        "trimmed": true,
        "spriteSourceSize": {"x":76,"y":0,"w":68,"h":160},
        "sourceSize": {"w":222,"h":160},
        "pivot": {"x":0.5,"y":0.5}
    },
    "dark-billboard.png":
    {
        "frame": {"x":642,"y":0,"w":576,"h":374},
        "rotated": false,
        "trimmed": false,
        "spriteSourceSize": {"x":0,"y":0,"w":576,"h":374},
        "sourceSize": {"w":576,"h":374},
        "pivot": {"x":0.5,"y":0.5}
    },
    "endlessbutton-down.png":
    {
        "frame": {"x":272,"y":1946,"w":272,"h":96},
        "rotated": false,
        "trimmed": true,
        "spriteSourceSize": {"x":0,"y":8,"w":272,"h":96},
        "sourceSize": {"w":272,"h":104},
        "pivot": {"x":0.5,"y":0.5}
    },
    "endlessbutton-over.png":
    {
        "frame": {"x":720,"y":1774,"w":272,"h":104},
        "rotated": false,
        "trimmed": false,
        "spriteSourceSize": {"x":0,"y":0,"w":272,"h":104},
        "sourceSize": {"w":272,"h":104},
        "pivot": {"x":0.5,"y":0.5}
    },
    "endlessbutton-up.png":
    {
        "frame": {"x":970,"y":1288,"w":272,"h":104},
        "rotated": false,
        "trimmed": false,
        "spriteSourceSize": {"x":0,"y":0,"w":272,"h":104},
        "sourceSize": {"w":272,"h":104},
        "pivot": {"x":0.5,"y":0.5}
    },
    "enter-icon.png":
    {
        "frame": {"x":1294,"y":1440,"w":32,"h":50},
        "rotated": false,
        "trimmed": false,
        "spriteSourceSize": {"x":0,"y":0,"w":32,"h":50},
        "sourceSize": {"w":32,"h":50},
        "pivot": {"x":0.5,"y":0.5}
    },
    "grubrunner_logo01.png":
    {
        "frame": {"x":590,"y":474,"w":446,"h":182},
        "rotated": false,
        "trimmed": false,
        "spriteSourceSize": {"x":0,"y":0,"w":446,"h":182},
        "sourceSize": {"w":446,"h":182},
        "pivot": {"x":0.5,"y":0.5}
    },
    "grubrunner_logo02.png":
    {
        "frame": {"x":590,"y":658,"w":446,"h":182},
        "rotated": false,
        "trimmed": false,
        "spriteSourceSize": {"x":0,"y":0,"w":446,"h":182},
        "sourceSize": {"w":446,"h":182},
        "pivot": {"x":0.5,"y":0.5}
    },
    "grubrunner_logo03.png":
    {
        "frame": {"x":590,"y":842,"w":446,"h":182},
        "rotated": false,
        "trimmed": false,
        "spriteSourceSize": {"x":0,"y":0,"w":446,"h":182},
        "sourceSize": {"w":446,"h":182},
        "pivot": {"x":0.5,"y":0.5}
    },
    "grubrunner_logo04.png":
    {
        "frame": {"x":522,"y":1026,"w":446,"h":182},
        "rotated": false,
        "trimmed": false,
        "spriteSourceSize": {"x":0,"y":0,"w":446,"h":182},
        "sourceSize": {"w":446,"h":182},
        "pivot": {"x":0.5,"y":0.5}
    },
    "grubrunner_logo05.png":
    {
        "frame": {"x":522,"y":1210,"w":446,"h":182},
        "rotated": false,
        "trimmed": false,
        "spriteSourceSize": {"x":0,"y":0,"w":446,"h":182},
        "sourceSize": {"w":446,"h":182},
        "pivot": {"x":0.5,"y":0.5}
    },
    "grubrunner_logo06.png":
    {
        "frame": {"x":308,"y":1394,"w":446,"h":182},
        "rotated": false,
        "trimmed": false,
        "spriteSourceSize": {"x":0,"y":0,"w":446,"h":182},
        "sourceSize": {"w":446,"h":182},
        "pivot": {"x":0.5,"y":0.5}
    },
    "grubrunner_logo07.png":
    {
        "frame": {"x":308,"y":1578,"w":446,"h":182},
        "rotated": false,
        "trimmed": false,
        "spriteSourceSize": {"x":0,"y":0,"w":446,"h":182},
        "sourceSize": {"w":446,"h":182},
        "pivot": {"x":0.5,"y":0.5}
    },
    "grubrunner_logo08.png":
    {
        "frame": {"x":272,"y":1762,"w":446,"h":182},
        "rotated": false,
        "trimmed": false,
        "spriteSourceSize": {"x":0,"y":0,"w":446,"h":182},
        "sourceSize": {"w":446,"h":182},
        "pivot": {"x":0.5,"y":0.5}
    },
    "help-icon.png":
    {
        "frame": {"x":1282,"y":1150,"w":32,"h":50},
        "rotated": false,
        "trimmed": false,
        "spriteSourceSize": {"x":0,"y":0,"w":32,"h":50},
        "sourceSize": {"w":32,"h":50},
        "pivot": {"x":0.5,"y":0.5}
    },
    "hold-jetpack.png":
    {
        "frame": {"x":1038,"y":902,"w":198,"h":138},
        "rotated": false,
        "trimmed": false,
        "spriteSourceSize": {"x":0,"y":0,"w":198,"h":138},
        "sourceSize": {"w":198,"h":138},
        "pivot": {"x":0.5,"y":0.5}
    },
    "intro_building_blur.png":
    {
        "frame": {"x":994,"y":1748,"w":302,"h":78},
        "rotated": false,
        "trimmed": false,
        "spriteSourceSize": {"x":0,"y":0,"w":302,"h":78},
        "sourceSize": {"w":302,"h":78},
        "pivot": {"x":0.5,"y":0.5}
    },
    "leaderboard-bg.png":
    {
        "frame": {"x":0,"y":458,"w":588,"h":386},
        "rotated": false,
        "trimmed": false,
        "spriteSourceSize": {"x":0,"y":0,"w":588,"h":386},
        "sourceSize": {"w":588,"h":386},
        "pivot": {"x":0.5,"y":0.5}
    },
    "leaderboard-icon.png":
    {
        "frame": {"x":720,"y":1880,"w":56,"h":58},
        "rotated": false,
        "trimmed": true,
        "spriteSourceSize": {"x":0,"y":0,"w":56,"h":58},
        "sourceSize": {"w":56,"h":60},
        "pivot": {"x":0.5,"y":0.5}
    },
    "led-add.png":
    {
        "frame": {"x":590,"y":458,"w":8,"h":8},
        "rotated": false,
        "trimmed": true,
        "spriteSourceSize": {"x":4,"y":4,"w":8,"h":8},
        "sourceSize": {"w":12,"h":12},
        "pivot": {"x":0.5,"y":0.5}
    },
    "levelsbutton-down.png":
    {
        "frame": {"x":546,"y":1946,"w":272,"h":96},
        "rotated": false,
        "trimmed": true,
        "spriteSourceSize": {"x":0,"y":8,"w":272,"h":96},
        "sourceSize": {"w":272,"h":104},
        "pivot": {"x":0.5,"y":0.5}
    },
    "levelsbutton-over.png":
    {
        "frame": {"x":950,"y":1394,"w":272,"h":104},
        "rotated": false,
        "trimmed": false,
        "spriteSourceSize": {"x":0,"y":0,"w":272,"h":104},
        "sourceSize": {"w":272,"h":104},
        "pivot": {"x":0.5,"y":0.5}
    },
    "levelsbutton-up.png":
    {
        "frame": {"x":950,"y":1500,"w":272,"h":104},
        "rotated": false,
        "trimmed": false,
        "spriteSourceSize": {"x":0,"y":0,"w":272,"h":104},
        "sourceSize": {"w":272,"h":104},
        "pivot": {"x":0.5,"y":0.5}
    },
    "light-add.png":
    {
        "frame": {"x":0,"y":1722,"w":270,"h":228},
        "rotated": false,
        "trimmed": false,
        "spriteSourceSize": {"x":0,"y":0,"w":270,"h":228},
        "sourceSize": {"w":270,"h":228},
        "pivot": {"x":0.5,"y":0.5}
    },
    "lives-burger.png":
    {
        "frame": {"x":820,"y":1986,"w":60,"h":56},
        "rotated": false,
        "trimmed": false,
        "spriteSourceSize": {"x":0,"y":0,"w":60,"h":56},
        "sourceSize": {"w":60,"h":56},
        "pivot": {"x":0.5,"y":0.5}
    },
    "lives-pizza.png":
    {
        "frame": {"x":226,"y":1952,"w":44,"h":56},
        "rotated": false,
        "trimmed": false,
        "spriteSourceSize": {"x":0,"y":0,"w":44,"h":56},
        "sourceSize": {"w":44,"h":56},
        "pivot": {"x":0.5,"y":0.5}
    },
    "lives-sushi.png":
    {
        "frame": {"x":1294,"y":1382,"w":50,"h":56},
        "rotated": false,
        "trimmed": false,
        "spriteSourceSize": {"x":0,"y":0,"w":50,"h":56},
        "sourceSize": {"w":50,"h":56},
        "pivot": {"x":0.5,"y":0.5}
    },
    "menu-icon.png":
    {
        "frame": {"x":1052,"y":1926,"w":56,"h":58},
        "rotated": false,
        "trimmed": false,
        "spriteSourceSize": {"x":0,"y":0,"w":56,"h":58},
        "sourceSize": {"w":56,"h":58},
        "pivot": {"x":0.5,"y":0.5}
    },
    "mute-icon.png":
    {
        "frame": {"x":1238,"y":1002,"w":46,"h":38},
        "rotated": false,
        "trimmed": false,
        "spriteSourceSize": {"x":0,"y":0,"w":46,"h":38},
        "sourceSize": {"w":46,"h":38},
        "pivot": {"x":0.5,"y":0.5}
    },
    "pause-icon.png":
    {
        "frame": {"x":778,"y":1880,"w":40,"h":48},
        "rotated": false,
        "trimmed": false,
        "spriteSourceSize": {"x":0,"y":0,"w":40,"h":48},
        "sourceSize": {"w":40,"h":48},
        "pivot": {"x":0.5,"y":0.5}
    },
    "play-icon.png":
    {
        "frame": {"x":1110,"y":1926,"w":24,"h":50},
        "rotated": false,
        "trimmed": false,
        "spriteSourceSize": {"x":0,"y":0,"w":24,"h":50},
        "sourceSize": {"w":24,"h":50},
        "pivot": {"x":0.5,"y":0.5}
    },
    "player1.png":
    {
        "frame": {"x":1220,"y":0,"w":124,"h":272},
        "rotated": false,
        "trimmed": true,
        "spriteSourceSize": {"x":0,"y":0,"w":124,"h":272},
        "sourceSize": {"w":152,"h":272},
        "pivot": {"x":0.5,"y":0.5}
    },
    "player2.png":
    {
        "frame": {"x":970,"y":1042,"w":152,"h":244},
        "rotated": false,
        "trimmed": true,
        "spriteSourceSize": {"x":0,"y":28,"w":152,"h":244},
        "sourceSize": {"w":152,"h":272},
        "pivot": {"x":0.5,"y":0.5}
    },
    "player3.png":
    {
        "frame": {"x":1124,"y":1042,"w":156,"h":232},
        "rotated": false,
        "trimmed": true,
        "spriteSourceSize": {"x":0,"y":40,"w":156,"h":232},
        "sourceSize": {"w":156,"h":272},
        "pivot": {"x":0.5,"y":0.5}
    },
    "popup-billboard.png":
    {
        "frame": {"x":0,"y":0,"w":640,"h":456},
        "rotated": false,
        "trimmed": false,
        "spriteSourceSize": {"x":0,"y":0,"w":640,"h":456},
        "sourceSize": {"w":640,"h":456},
        "pivot": {"x":0.5,"y":0.5}
    },
    "poster-ears.png":
    {
        "frame": {"x":0,"y":846,"w":306,"h":436},
        "rotated": false,
        "trimmed": false,
        "spriteSourceSize": {"x":0,"y":0,"w":306,"h":436},
        "sourceSize": {"w":306,"h":436},
        "pivot": {"x":0.5,"y":0.5}
    },
    "poster-select.png":
    {
        "frame": {"x":0,"y":1284,"w":306,"h":436},
        "rotated": false,
        "trimmed": false,
        "spriteSourceSize": {"x":0,"y":0,"w":306,"h":436},
        "sourceSize": {"w":306,"h":436},
        "pivot": {"x":0.5,"y":0.5}
    },
    "replay-icon.png":
    {
        "frame": {"x":1294,"y":636,"w":40,"h":46},
        "rotated": false,
        "trimmed": false,
        "spriteSourceSize": {"x":0,"y":0,"w":40,"h":46},
        "sourceSize": {"w":40,"h":46},
        "pivot": {"x":0.5,"y":0.5}
    },
    "scroller-slot.png":
    {
        "frame": {"x":272,"y":1722,"w":8,"h":8},
        "rotated": false,
        "trimmed": false,
        "spriteSourceSize": {"x":0,"y":0,"w":8,"h":8},
        "sourceSize": {"w":8,"h":8},
        "pivot": {"x":0.5,"y":0.5}
    },
    "scroller-tab.png":
    {
        "frame": {"x":882,"y":1986,"w":56,"h":56},
        "rotated": false,
        "trimmed": false,
        "spriteSourceSize": {"x":0,"y":0,"w":56,"h":56},
        "sourceSize": {"w":56,"h":56},
        "pivot": {"x":0.5,"y":0.5}
    },
    "sound-icon.png":
    {
        "frame": {"x":1244,"y":636,"w":48,"h":46},
        "rotated": false,
        "trimmed": false,
        "spriteSourceSize": {"x":0,"y":0,"w":48,"h":46},
        "sourceSize": {"w":48,"h":46},
        "pivot": {"x":0.5,"y":0.5}
    },
    "starblur_left.png":
    {
        "frame": {"x":308,"y":846,"w":105,"h":500},
        "rotated": false,
        "trimmed": false,
        "spriteSourceSize": {"x":0,"y":0,"w":105,"h":500},
        "sourceSize": {"w":105,"h":500},
        "pivot": {"x":0.5,"y":0.5}
    },
    "starblur_right.png":
    {
        "frame": {"x":415,"y":846,"w":105,"h":500},
        "rotated": false,
        "trimmed": false,
        "spriteSourceSize": {"x":0,"y":0,"w":105,"h":500},
        "sourceSize": {"w":105,"h":500},
        "pivot": {"x":0.5,"y":0.5}
    },
    "submit-icon.png":
    {
        "frame": {"x":1282,"y":1096,"w":54,"h":52},
        "rotated": false,
        "trimmed": false,
        "spriteSourceSize": {"x":0,"y":0,"w":54,"h":52},
        "sourceSize": {"w":54,"h":52},
        "pivot": {"x":0.5,"y":0.5}
    },
    "submitbutton-down.png":
    {
        "frame": {"x":994,"y":1828,"w":140,"h":96},
        "rotated": false,
        "trimmed": false,
        "spriteSourceSize": {"x":0,"y":0,"w":140,"h":96},
        "sourceSize": {"w":140,"h":96},
        "pivot": {"x":0.5,"y":0.5}
    },
    "submitbutton-over.png":
    {
        "frame": {"x":1136,"y":1828,"w":140,"h":104},
        "rotated": false,
        "trimmed": false,
        "spriteSourceSize": {"x":0,"y":0,"w":140,"h":104},
        "sourceSize": {"w":140,"h":104},
        "pivot": {"x":0.5,"y":0.5}
    },
    "submitbutton-up.png":
    {
        "frame": {"x":820,"y":1880,"w":140,"h":104},
        "rotated": false,
        "trimmed": false,
        "spriteSourceSize": {"x":0,"y":0,"w":140,"h":104},
        "sourceSize": {"w":140,"h":104},
        "pivot": {"x":0.5,"y":0.5}
    },
    "tap-jump.png":
    {
        "frame": {"x":980,"y":1606,"w":206,"h":140},
        "rotated": false,
        "trimmed": false,
        "spriteSourceSize": {"x":0,"y":0,"w":206,"h":140},
        "sourceSize": {"w":206,"h":140},
        "pivot": {"x":0.5,"y":0.5}
    },
    "tweetbutton-down.png":
    {
        "frame": {"x":962,"y":1926,"w":88,"h":96},
        "rotated": false,
        "trimmed": false,
        "spriteSourceSize": {"x":0,"y":0,"w":88,"h":96},
        "sourceSize": {"w":88,"h":96},
        "pivot": {"x":0.5,"y":0.5}
    },
    "tweetbutton-over.png":
    {
        "frame": {"x":1232,"y":790,"w":88,"h":104},
        "rotated": false,
        "trimmed": false,
        "spriteSourceSize": {"x":0,"y":0,"w":88,"h":104},
        "sourceSize": {"w":88,"h":104},
        "pivot": {"x":0.5,"y":0.5}
    },
    "tweetbutton-up.png":
    {
        "frame": {"x":1238,"y":896,"w":88,"h":104},
        "rotated": false,
        "trimmed": false,
        "spriteSourceSize": {"x":0,"y":0,"w":88,"h":104},
        "sourceSize": {"w":88,"h":104},
        "pivot": {"x":0.5,"y":0.5}
    }},
    "meta": {
        "app": "http://www.codeandweb.com/texturepacker",
        "version": "1.0",
        "image": "ui.png",
        "format": "RGBA8888",
        "size": {"w":1344,"h":2042},
        "scale": "1",
        "smartupdate": "$TexturePacker:SmartUpdate:2ec57cf32740334b974f0d888c639960:99cb4ee2c1de3b33bf0f56989ace5138:1e6a8dd63730263954ab8dafa252acea$"
    }
}