{"frames": [

{
	"filename": "ASSETS/TC-bkg-X10.png",
	"frame": {"x":1,"y":1,"w":137,"h":77},
	"rotated": false,
	"trimmed": false,
	"spriteSourceSize": {"x":0,"y":0,"w":137,"h":77},
	"sourceSize": {"w":137,"h":77}
},
{
	"filename": "ASSETS/TC-butt-anim-01.png",
	"frame": {"x":140,"y":1,"w":252,"h":164},
	"rotated": false,
	"trimmed": false,
	"spriteSourceSize": {"x":0,"y":0,"w":252,"h":164},
	"sourceSize": {"w":252,"h":164}
},
{
	"filename": "ASSETS/TC-butt-anim-02.png",
	"frame": {"x":394,"y":1,"w":252,"h":164},
	"rotated": false,
	"trimmed": false,
	"spriteSourceSize": {"x":0,"y":0,"w":252,"h":164},
	"sourceSize": {"w":252,"h":164}
},
{
	"filename": "ASSETS/TC-butt-anim-03.png",
	"frame": {"x":648,"y":1,"w":252,"h":164},
	"rotated": false,
	"trimmed": false,
	"spriteSourceSize": {"x":0,"y":0,"w":252,"h":164},
	"sourceSize": {"w":252,"h":164}
},
{
	"filename": "ASSETS/TC-butt-anim-04.png",
	"frame": {"x":902,"y":1,"w":252,"h":164},
	"rotated": false,
	"trimmed": false,
	"spriteSourceSize": {"x":0,"y":0,"w":252,"h":164},
	"sourceSize": {"w":252,"h":164}
},
{
	"filename": "ASSETS/TC-butt-anim-05.png",
	"frame": {"x":1156,"y":1,"w":252,"h":164},
	"rotated": false,
	"trimmed": false,
	"spriteSourceSize": {"x":0,"y":0,"w":252,"h":164},
	"sourceSize": {"w":252,"h":164}
},
{
	"filename": "ASSETS/TC-characters.png",
	"frame": {"x":1,"y":167,"w":652,"h":754},
	"rotated": false,
	"trimmed": false,
	"spriteSourceSize": {"x":0,"y":0,"w":652,"h":754},
	"sourceSize": {"w":652,"h":754}
},
{
	"filename": "ASSETS/TC-credits.png",
	"frame": {"x":655,"y":167,"w":190,"h":76},
	"rotated": false,
	"trimmed": false,
	"spriteSourceSize": {"x":0,"y":0,"w":190,"h":76},
	"sourceSize": {"w":190,"h":76}
},
{
	"filename": "ASSETS/TC-gamelogo.png",
	"frame": {"x":847,"y":167,"w":836,"h":479},
	"rotated": false,
	"trimmed": false,
	"spriteSourceSize": {"x":0,"y":0,"w":836,"h":479},
	"sourceSize": {"w":836,"h":479}
},
{
	"filename": "ASSETS/TC-letter-01M.png",
	"frame": {"x":1685,"y":167,"w":220,"h":220},
	"rotated": false,
	"trimmed": false,
	"spriteSourceSize": {"x":0,"y":0,"w":220,"h":220},
	"sourceSize": {"w":220,"h":220}
},
{
	"filename": "ASSETS/TC-letter-02U.png",
	"frame": {"x":1,"y":923,"w":220,"h":220},
	"rotated": false,
	"trimmed": false,
	"spriteSourceSize": {"x":0,"y":0,"w":220,"h":220},
	"sourceSize": {"w":220,"h":220}
},
{
	"filename": "ASSETS/TC-letter-03S.png",
	"frame": {"x":223,"y":923,"w":220,"h":220},
	"rotated": false,
	"trimmed": false,
	"spriteSourceSize": {"x":0,"y":0,"w":220,"h":220},
	"sourceSize": {"w":220,"h":220}
},
{
	"filename": "ASSETS/TC-letter-04I.png",
	"frame": {"x":445,"y":923,"w":220,"h":220},
	"rotated": false,
	"trimmed": false,
	"spriteSourceSize": {"x":0,"y":0,"w":220,"h":220},
	"sourceSize": {"w":220,"h":220}
},
{
	"filename": "ASSETS/TC-letter-05C.png",
	"frame": {"x":667,"y":923,"w":220,"h":220},
	"rotated": false,
	"trimmed": false,
	"spriteSourceSize": {"x":0,"y":0,"w":220,"h":220},
	"sourceSize": {"w":220,"h":220}
},
{
	"filename": "ASSETS/TC-letter-06M.png",
	"frame": {"x":889,"y":923,"w":220,"h":220},
	"rotated": false,
	"trimmed": false,
	"spriteSourceSize": {"x":0,"y":0,"w":220,"h":220},
	"sourceSize": {"w":220,"h":220}
},
{
	"filename": "ASSETS/TC-letter-07A.png",
	"frame": {"x":1111,"y":923,"w":220,"h":220},
	"rotated": false,
	"trimmed": false,
	"spriteSourceSize": {"x":0,"y":0,"w":220,"h":220},
	"sourceSize": {"w":220,"h":220}
},
{
	"filename": "ASSETS/TC-letter-08K.png",
	"frame": {"x":1333,"y":923,"w":220,"h":220},
	"rotated": false,
	"trimmed": false,
	"spriteSourceSize": {"x":0,"y":0,"w":220,"h":220},
	"sourceSize": {"w":220,"h":220}
},
{
	"filename": "ASSETS/TC-letter-09E.png",
	"frame": {"x":1555,"y":923,"w":220,"h":220},
	"rotated": false,
	"trimmed": false,
	"spriteSourceSize": {"x":0,"y":0,"w":220,"h":220},
	"sourceSize": {"w":220,"h":220}
},
{
	"filename": "ASSETS/TC-letter-10R.png",
	"frame": {"x":1777,"y":923,"w":220,"h":220},
	"rotated": false,
	"trimmed": false,
	"spriteSourceSize": {"x":0,"y":0,"w":220,"h":220},
	"sourceSize": {"w":220,"h":220}
},
{
	"filename": "ASSETS/TC-panel.png",
	"frame": {"x":1,"y":1145,"w":756,"h":287},
	"rotated": false,
	"trimmed": false,
	"spriteSourceSize": {"x":0,"y":0,"w":756,"h":287},
	"sourceSize": {"w":756,"h":287}
},
{
	"filename": "ASSETS/TC-pattern.png",
	"frame": {"x":1,"y":1434,"w":1366,"h":240},
	"rotated": false,
	"trimmed": false,
	"spriteSourceSize": {"x":0,"y":0,"w":1366,"h":240},
	"sourceSize": {"w":1366,"h":240}
},
{
	"filename": "ASSETS/TC-showlogo.png",
	"frame": {"x":1369,"y":1434,"w":296,"h":231},
	"rotated": false,
	"trimmed": false,
	"spriteSourceSize": {"x":0,"y":0,"w":296,"h":231},
	"sourceSize": {"w":296,"h":231}
},
{
	"filename": "ASSETS/TJ-version-00.png",
	"frame": {"x":1667,"y":1434,"w":17,"h":17},
	"rotated": false,
	"trimmed": false,
	"spriteSourceSize": {"x":0,"y":0,"w":17,"h":17},
	"sourceSize": {"w":17,"h":17}
},
{
	"filename": "ASSETS/TJ-version-01.png",
	"frame": {"x":1686,"y":1434,"w":17,"h":17},
	"rotated": false,
	"trimmed": false,
	"spriteSourceSize": {"x":0,"y":0,"w":17,"h":17},
	"sourceSize": {"w":17,"h":17}
},
{
	"filename": "ASSETS/TJ-version-02.png",
	"frame": {"x":1705,"y":1434,"w":17,"h":17},
	"rotated": false,
	"trimmed": false,
	"spriteSourceSize": {"x":0,"y":0,"w":17,"h":17},
	"sourceSize": {"w":17,"h":17}
},
{
	"filename": "ASSETS/TJ-version-03.png",
	"frame": {"x":1724,"y":1434,"w":17,"h":17},
	"rotated": false,
	"trimmed": false,
	"spriteSourceSize": {"x":0,"y":0,"w":17,"h":17},
	"sourceSize": {"w":17,"h":17}
},
{
	"filename": "ASSETS/TJ-version-04.png",
	"frame": {"x":1743,"y":1434,"w":17,"h":17},
	"rotated": false,
	"trimmed": false,
	"spriteSourceSize": {"x":0,"y":0,"w":17,"h":17},
	"sourceSize": {"w":17,"h":17}
},
{
	"filename": "ASSETS/TJ-version-05.png",
	"frame": {"x":1762,"y":1434,"w":17,"h":17},
	"rotated": false,
	"trimmed": false,
	"spriteSourceSize": {"x":0,"y":0,"w":17,"h":17},
	"sourceSize": {"w":17,"h":17}
},
{
	"filename": "ASSETS/TJ-version-06.png",
	"frame": {"x":1781,"y":1434,"w":17,"h":17},
	"rotated": false,
	"trimmed": false,
	"spriteSourceSize": {"x":0,"y":0,"w":17,"h":17},
	"sourceSize": {"w":17,"h":17}
},
{
	"filename": "ASSETS/TJ-version-07.png",
	"frame": {"x":1800,"y":1434,"w":17,"h":17},
	"rotated": false,
	"trimmed": false,
	"spriteSourceSize": {"x":0,"y":0,"w":17,"h":17},
	"sourceSize": {"w":17,"h":17}
},
{
	"filename": "ASSETS/TJ-version-08.png",
	"frame": {"x":1819,"y":1434,"w":17,"h":17},
	"rotated": false,
	"trimmed": false,
	"spriteSourceSize": {"x":0,"y":0,"w":17,"h":17},
	"sourceSize": {"w":17,"h":17}
},
{
	"filename": "ASSETS/TJ-version-09.png",
	"frame": {"x":1838,"y":1434,"w":17,"h":17},
	"rotated": false,
	"trimmed": false,
	"spriteSourceSize": {"x":0,"y":0,"w":17,"h":17},
	"sourceSize": {"w":17,"h":17}
},
{
	"filename": "ASSETS/TJ-version-dot.png",
	"frame": {"x":1857,"y":1434,"w":17,"h":17},
	"rotated": false,
	"trimmed": false,
	"spriteSourceSize": {"x":0,"y":0,"w":17,"h":17},
	"sourceSize": {"w":17,"h":17}
},
{
	"filename": "ASSETS/TJ-version-v.png",
	"frame": {"x":1876,"y":1434,"w":17,"h":17},
	"rotated": false,
	"trimmed": false,
	"spriteSourceSize": {"x":0,"y":0,"w":17,"h":17},
	"sourceSize": {"w":17,"h":17}
}],
"meta": {
	"app": "https://www.codeandweb.com/texturepacker",
	"version": "1.0",
	"image": "main-TitleCard.png",
	"format": "RGBA8888",
	"size": {"w":2048,"h":2048},
	"scale": "1",
	"smartupdate": "$TexturePacker:SmartUpdate:25457d053151572808d5ec640070450e:38952cf3c5e7c1b67f1d7b817d5df7af:c43823ed4f48aeadc125a5a0fae91a7b$"
}
}
