{"frames": [

{
	"filename": "img-09/bkg-pal/bkg-pal.png",
	"frame": {"x":1,"y":1,"w":8,"h":8},
	"rotated": false,
	"trimmed": false,
	"spriteSourceSize": {"x":0,"y":0,"w":8,"h":8},
	"sourceSize": {"w":8,"h":8}
},
{
	"filename": "img-09/char-jerry/jerry-sleep-01.png",
	"frame": {"x":11,"y":1,"w":49,"h":150},
	"rotated": false,
	"trimmed": false,
	"spriteSourceSize": {"x":0,"y":0,"w":49,"h":150},
	"sourceSize": {"w":49,"h":150}
},
{
	"filename": "img-09/char-jerry/jerry-sleep-02.png",
	"frame": {"x":62,"y":1,"w":49,"h":150},
	"rotated": false,
	"trimmed": false,
	"spriteSourceSize": {"x":0,"y":0,"w":49,"h":150},
	"sourceSize": {"w":49,"h":150}
},
{
	"filename": "img-09/char-jerry/jerry-sleep-03.png",
	"frame": {"x":113,"y":1,"w":49,"h":150},
	"rotated": false,
	"trimmed": false,
	"spriteSourceSize": {"x":0,"y":0,"w":49,"h":150},
	"sourceSize": {"w":49,"h":150}
},
{
	"filename": "img-09/char-jerry/jerry-sleep-04.png",
	"frame": {"x":164,"y":1,"w":49,"h":150},
	"rotated": false,
	"trimmed": false,
	"spriteSourceSize": {"x":0,"y":0,"w":49,"h":150},
	"sourceSize": {"w":49,"h":150}
},
{
	"filename": "img-09/char-jerry/jerry-wait-01.png",
	"frame": {"x":215,"y":1,"w":54,"h":150},
	"rotated": false,
	"trimmed": false,
	"spriteSourceSize": {"x":0,"y":0,"w":54,"h":150},
	"sourceSize": {"w":54,"h":150}
},
{
	"filename": "img-09/char-jerry/jerry-wait-02.png",
	"frame": {"x":271,"y":1,"w":54,"h":150},
	"rotated": false,
	"trimmed": false,
	"spriteSourceSize": {"x":0,"y":0,"w":54,"h":150},
	"sourceSize": {"w":54,"h":150}
},
{
	"filename": "img-09/char-jerry/jerry-wait-03.png",
	"frame": {"x":327,"y":1,"w":54,"h":150},
	"rotated": false,
	"trimmed": false,
	"spriteSourceSize": {"x":0,"y":0,"w":54,"h":150},
	"sourceSize": {"w":54,"h":150}
},
{
	"filename": "img-09/char-jerry/jerry-wait-04.png",
	"frame": {"x":383,"y":1,"w":54,"h":150},
	"rotated": false,
	"trimmed": false,
	"spriteSourceSize": {"x":0,"y":0,"w":54,"h":150},
	"sourceSize": {"w":54,"h":150}
},
{
	"filename": "img-09/char-jerry/jerry-wait-05.png",
	"frame": {"x":439,"y":1,"w":54,"h":150},
	"rotated": false,
	"trimmed": false,
	"spriteSourceSize": {"x":0,"y":0,"w":54,"h":150},
	"sourceSize": {"w":54,"h":150}
},
{
	"filename": "img-09/char-jerry/jerry-wait-06.png",
	"frame": {"x":495,"y":1,"w":54,"h":150},
	"rotated": false,
	"trimmed": false,
	"spriteSourceSize": {"x":0,"y":0,"w":54,"h":150},
	"sourceSize": {"w":54,"h":150}
},
{
	"filename": "img-09/char-jerry/jerry-wait-07.png",
	"frame": {"x":551,"y":1,"w":54,"h":150},
	"rotated": false,
	"trimmed": false,
	"spriteSourceSize": {"x":0,"y":0,"w":54,"h":150},
	"sourceSize": {"w":54,"h":150}
},
{
	"filename": "img-09/char-jerry/jerry-wait-08.png",
	"frame": {"x":607,"y":1,"w":54,"h":150},
	"rotated": false,
	"trimmed": false,
	"spriteSourceSize": {"x":0,"y":0,"w":54,"h":150},
	"sourceSize": {"w":54,"h":150}
},
{
	"filename": "img-09/char-jerry/jerry-walk-01.png",
	"frame": {"x":663,"y":1,"w":56,"h":82},
	"rotated": false,
	"trimmed": false,
	"spriteSourceSize": {"x":0,"y":0,"w":56,"h":82},
	"sourceSize": {"w":56,"h":82}
},
{
	"filename": "img-09/char-jerry/jerry-walk-02.png",
	"frame": {"x":721,"y":1,"w":56,"h":82},
	"rotated": false,
	"trimmed": false,
	"spriteSourceSize": {"x":0,"y":0,"w":56,"h":82},
	"sourceSize": {"w":56,"h":82}
},
{
	"filename": "img-09/char-jerry/jerry-walk-03.png",
	"frame": {"x":779,"y":1,"w":56,"h":82},
	"rotated": false,
	"trimmed": false,
	"spriteSourceSize": {"x":0,"y":0,"w":56,"h":82},
	"sourceSize": {"w":56,"h":82}
},
{
	"filename": "img-09/char-jerry/jerry-walk-04.png",
	"frame": {"x":837,"y":1,"w":56,"h":82},
	"rotated": false,
	"trimmed": false,
	"spriteSourceSize": {"x":0,"y":0,"w":56,"h":82},
	"sourceSize": {"w":56,"h":82}
},
{
	"filename": "img-09/char-tom/tom-sleep-01.png",
	"frame": {"x":895,"y":1,"w":96,"h":150},
	"rotated": false,
	"trimmed": false,
	"spriteSourceSize": {"x":0,"y":0,"w":96,"h":150},
	"sourceSize": {"w":96,"h":150}
},
{
	"filename": "img-09/char-tom/tom-sleep-02.png",
	"frame": {"x":993,"y":1,"w":96,"h":150},
	"rotated": false,
	"trimmed": false,
	"spriteSourceSize": {"x":0,"y":0,"w":96,"h":150},
	"sourceSize": {"w":96,"h":150}
},
{
	"filename": "img-09/char-tom/tom-sleep-03.png",
	"frame": {"x":1091,"y":1,"w":96,"h":150},
	"rotated": false,
	"trimmed": false,
	"spriteSourceSize": {"x":0,"y":0,"w":96,"h":150},
	"sourceSize": {"w":96,"h":150}
},
{
	"filename": "img-09/char-tom/tom-sleep-04.png",
	"frame": {"x":1189,"y":1,"w":96,"h":150},
	"rotated": false,
	"trimmed": false,
	"spriteSourceSize": {"x":0,"y":0,"w":96,"h":150},
	"sourceSize": {"w":96,"h":150}
},
{
	"filename": "img-09/char-tom/tom-wait-01.png",
	"frame": {"x":1287,"y":1,"w":80,"h":150},
	"rotated": false,
	"trimmed": false,
	"spriteSourceSize": {"x":0,"y":0,"w":80,"h":150},
	"sourceSize": {"w":80,"h":150}
},
{
	"filename": "img-09/char-tom/tom-wait-02.png",
	"frame": {"x":1369,"y":1,"w":80,"h":150},
	"rotated": false,
	"trimmed": false,
	"spriteSourceSize": {"x":0,"y":0,"w":80,"h":150},
	"sourceSize": {"w":80,"h":150}
},
{
	"filename": "img-09/char-tom/tom-wait-03.png",
	"frame": {"x":1451,"y":1,"w":80,"h":150},
	"rotated": false,
	"trimmed": false,
	"spriteSourceSize": {"x":0,"y":0,"w":80,"h":150},
	"sourceSize": {"w":80,"h":150}
},
{
	"filename": "img-09/char-tom/tom-wait-04.png",
	"frame": {"x":1533,"y":1,"w":80,"h":150},
	"rotated": false,
	"trimmed": false,
	"spriteSourceSize": {"x":0,"y":0,"w":80,"h":150},
	"sourceSize": {"w":80,"h":150}
},
{
	"filename": "img-09/char-tom/tom-wait-05.png",
	"frame": {"x":1615,"y":1,"w":80,"h":150},
	"rotated": false,
	"trimmed": false,
	"spriteSourceSize": {"x":0,"y":0,"w":80,"h":150},
	"sourceSize": {"w":80,"h":150}
},
{
	"filename": "img-09/char-tom/tom-wait-06.png",
	"frame": {"x":1697,"y":1,"w":80,"h":150},
	"rotated": false,
	"trimmed": false,
	"spriteSourceSize": {"x":0,"y":0,"w":80,"h":150},
	"sourceSize": {"w":80,"h":150}
},
{
	"filename": "img-09/char-tom/tom-wait-07.png",
	"frame": {"x":1779,"y":1,"w":80,"h":150},
	"rotated": false,
	"trimmed": false,
	"spriteSourceSize": {"x":0,"y":0,"w":80,"h":150},
	"sourceSize": {"w":80,"h":150}
},
{
	"filename": "img-09/char-tom/tom-wait-08.png",
	"frame": {"x":1861,"y":1,"w":80,"h":150},
	"rotated": false,
	"trimmed": false,
	"spriteSourceSize": {"x":0,"y":0,"w":80,"h":150},
	"sourceSize": {"w":80,"h":150}
},
{
	"filename": "img-09/char-tom/tom-walk-01.png",
	"frame": {"x":1943,"y":1,"w":80,"h":150},
	"rotated": false,
	"trimmed": false,
	"spriteSourceSize": {"x":0,"y":0,"w":80,"h":150},
	"sourceSize": {"w":80,"h":150}
},
{
	"filename": "img-09/char-tom/tom-walk-02.png",
	"frame": {"x":1,"y":153,"w":80,"h":150},
	"rotated": false,
	"trimmed": false,
	"spriteSourceSize": {"x":0,"y":0,"w":80,"h":150},
	"sourceSize": {"w":80,"h":150}
},
{
	"filename": "img-09/char-tom/tom-walk-03.png",
	"frame": {"x":83,"y":153,"w":80,"h":150},
	"rotated": false,
	"trimmed": false,
	"spriteSourceSize": {"x":0,"y":0,"w":80,"h":150},
	"sourceSize": {"w":80,"h":150}
},
{
	"filename": "img-09/char-tom/tom-walk-04.png",
	"frame": {"x":165,"y":153,"w":80,"h":150},
	"rotated": false,
	"trimmed": false,
	"spriteSourceSize": {"x":0,"y":0,"w":80,"h":150},
	"sourceSize": {"w":80,"h":150}
},
{
	"filename": "img-09/effects/burst-01.png",
	"frame": {"x":247,"y":153,"w":202,"h":119},
	"rotated": false,
	"trimmed": false,
	"spriteSourceSize": {"x":0,"y":0,"w":202,"h":119},
	"sourceSize": {"w":202,"h":119}
},
{
	"filename": "img-09/effects/burst-02.png",
	"frame": {"x":451,"y":153,"w":202,"h":119},
	"rotated": false,
	"trimmed": false,
	"spriteSourceSize": {"x":0,"y":0,"w":202,"h":119},
	"sourceSize": {"w":202,"h":119}
},
{
	"filename": "img-09/effects/burst-03.png",
	"frame": {"x":655,"y":153,"w":202,"h":119},
	"rotated": false,
	"trimmed": false,
	"spriteSourceSize": {"x":0,"y":0,"w":202,"h":119},
	"sourceSize": {"w":202,"h":119}
},
{
	"filename": "img-09/font-sm-alt/00-sm-alt.png",
	"frame": {"x":859,"y":153,"w":26,"h":21},
	"rotated": false,
	"trimmed": false,
	"spriteSourceSize": {"x":0,"y":0,"w":26,"h":21},
	"sourceSize": {"w":26,"h":21}
},
{
	"filename": "img-09/font-sm-alt/01-sm-alt.png",
	"frame": {"x":887,"y":153,"w":26,"h":21},
	"rotated": false,
	"trimmed": false,
	"spriteSourceSize": {"x":0,"y":0,"w":26,"h":21},
	"sourceSize": {"w":26,"h":21}
},
{
	"filename": "img-09/font-sm-alt/02-sm-alt.png",
	"frame": {"x":915,"y":153,"w":26,"h":21},
	"rotated": false,
	"trimmed": false,
	"spriteSourceSize": {"x":0,"y":0,"w":26,"h":21},
	"sourceSize": {"w":26,"h":21}
},
{
	"filename": "img-09/font-sm-alt/03-sm-alt.png",
	"frame": {"x":943,"y":153,"w":26,"h":21},
	"rotated": false,
	"trimmed": false,
	"spriteSourceSize": {"x":0,"y":0,"w":26,"h":21},
	"sourceSize": {"w":26,"h":21}
},
{
	"filename": "img-09/font-sm-alt/04-sm-alt.png",
	"frame": {"x":971,"y":153,"w":26,"h":21},
	"rotated": false,
	"trimmed": false,
	"spriteSourceSize": {"x":0,"y":0,"w":26,"h":21},
	"sourceSize": {"w":26,"h":21}
},
{
	"filename": "img-09/font-sm-alt/05-sm-alt.png",
	"frame": {"x":999,"y":153,"w":26,"h":21},
	"rotated": false,
	"trimmed": false,
	"spriteSourceSize": {"x":0,"y":0,"w":26,"h":21},
	"sourceSize": {"w":26,"h":21}
},
{
	"filename": "img-09/font-sm-alt/06-sm-alt.png",
	"frame": {"x":1027,"y":153,"w":26,"h":21},
	"rotated": false,
	"trimmed": false,
	"spriteSourceSize": {"x":0,"y":0,"w":26,"h":21},
	"sourceSize": {"w":26,"h":21}
},
{
	"filename": "img-09/font-sm-alt/07-sm-alt.png",
	"frame": {"x":1055,"y":153,"w":26,"h":21},
	"rotated": false,
	"trimmed": false,
	"spriteSourceSize": {"x":0,"y":0,"w":26,"h":21},
	"sourceSize": {"w":26,"h":21}
},
{
	"filename": "img-09/font-sm-alt/08-sm-alt.png",
	"frame": {"x":1083,"y":153,"w":26,"h":21},
	"rotated": false,
	"trimmed": false,
	"spriteSourceSize": {"x":0,"y":0,"w":26,"h":21},
	"sourceSize": {"w":26,"h":21}
},
{
	"filename": "img-09/font-sm-alt/09-sm-alt.png",
	"frame": {"x":1111,"y":153,"w":26,"h":21},
	"rotated": false,
	"trimmed": false,
	"spriteSourceSize": {"x":0,"y":0,"w":26,"h":21},
	"sourceSize": {"w":26,"h":21}
},
{
	"filename": "img-09/fruit-small/fruit-small-01.png",
	"frame": {"x":1139,"y":153,"w":74,"h":38},
	"rotated": false,
	"trimmed": false,
	"spriteSourceSize": {"x":0,"y":0,"w":74,"h":38},
	"sourceSize": {"w":74,"h":38}
},
{
	"filename": "img-09/fruit-small/fruit-small-02.png",
	"frame": {"x":1215,"y":153,"w":74,"h":38},
	"rotated": false,
	"trimmed": false,
	"spriteSourceSize": {"x":0,"y":0,"w":74,"h":38},
	"sourceSize": {"w":74,"h":38}
},
{
	"filename": "img-09/fruit-small/fruit-small-03.png",
	"frame": {"x":1291,"y":153,"w":74,"h":38},
	"rotated": false,
	"trimmed": false,
	"spriteSourceSize": {"x":0,"y":0,"w":74,"h":38},
	"sourceSize": {"w":74,"h":38}
},
{
	"filename": "img-09/fruit-small/fruit-small-04.png",
	"frame": {"x":1367,"y":153,"w":74,"h":38},
	"rotated": false,
	"trimmed": false,
	"spriteSourceSize": {"x":0,"y":0,"w":74,"h":38},
	"sourceSize": {"w":74,"h":38}
},
{
	"filename": "img-09/fruit-small/fruit-small-05.png",
	"frame": {"x":1443,"y":153,"w":74,"h":38},
	"rotated": false,
	"trimmed": false,
	"spriteSourceSize": {"x":0,"y":0,"w":74,"h":38},
	"sourceSize": {"w":74,"h":38}
},
{
	"filename": "img-09/fruit-small/fruit-small-06.png",
	"frame": {"x":1519,"y":153,"w":74,"h":38},
	"rotated": false,
	"trimmed": false,
	"spriteSourceSize": {"x":0,"y":0,"w":74,"h":38},
	"sourceSize": {"w":74,"h":38}
},
{
	"filename": "img-09/fruit-small/fruit-small-07.png",
	"frame": {"x":1595,"y":153,"w":74,"h":38},
	"rotated": false,
	"trimmed": false,
	"spriteSourceSize": {"x":0,"y":0,"w":74,"h":38},
	"sourceSize": {"w":74,"h":38}
},
{
	"filename": "img-09/fruit-small/fruit-small-08.png",
	"frame": {"x":1671,"y":153,"w":74,"h":38},
	"rotated": false,
	"trimmed": false,
	"spriteSourceSize": {"x":0,"y":0,"w":74,"h":38},
	"sourceSize": {"w":74,"h":38}
},
{
	"filename": "img-09/fruit-small/fruit-small-09.png",
	"frame": {"x":1747,"y":153,"w":74,"h":38},
	"rotated": false,
	"trimmed": false,
	"spriteSourceSize": {"x":0,"y":0,"w":74,"h":38},
	"sourceSize": {"w":74,"h":38}
},
{
	"filename": "img-09/fruit-small/fruit-small-10.png",
	"frame": {"x":1823,"y":153,"w":74,"h":38},
	"rotated": false,
	"trimmed": false,
	"spriteSourceSize": {"x":0,"y":0,"w":74,"h":38},
	"sourceSize": {"w":74,"h":38}
},
{
	"filename": "img-09/fruit/01-fruit-locked.png",
	"frame": {"x":1899,"y":153,"w":70,"h":68},
	"rotated": false,
	"trimmed": false,
	"spriteSourceSize": {"x":0,"y":0,"w":70,"h":68},
	"sourceSize": {"w":70,"h":68}
},
{
	"filename": "img-09/fruit/02-fruit-locked.png",
	"frame": {"x":1971,"y":153,"w":70,"h":68},
	"rotated": false,
	"trimmed": false,
	"spriteSourceSize": {"x":0,"y":0,"w":70,"h":68},
	"sourceSize": {"w":70,"h":68}
},
{
	"filename": "img-09/fruit/03-fruit-locked.png",
	"frame": {"x":1,"y":305,"w":70,"h":68},
	"rotated": false,
	"trimmed": false,
	"spriteSourceSize": {"x":0,"y":0,"w":70,"h":68},
	"sourceSize": {"w":70,"h":68}
},
{
	"filename": "img-09/fruit/04-fruit-locked.png",
	"frame": {"x":73,"y":305,"w":70,"h":68},
	"rotated": false,
	"trimmed": false,
	"spriteSourceSize": {"x":0,"y":0,"w":70,"h":68},
	"sourceSize": {"w":70,"h":68}
},
{
	"filename": "img-09/fruit/05-fruit-locked.png",
	"frame": {"x":145,"y":305,"w":70,"h":68},
	"rotated": false,
	"trimmed": false,
	"spriteSourceSize": {"x":0,"y":0,"w":70,"h":68},
	"sourceSize": {"w":70,"h":68}
},
{
	"filename": "img-09/fruit/06-fruit-locked.png",
	"frame": {"x":217,"y":305,"w":70,"h":68},
	"rotated": false,
	"trimmed": false,
	"spriteSourceSize": {"x":0,"y":0,"w":70,"h":68},
	"sourceSize": {"w":70,"h":68}
},
{
	"filename": "img-09/fruit/07-fruit-locked.png",
	"frame": {"x":289,"y":305,"w":70,"h":68},
	"rotated": false,
	"trimmed": false,
	"spriteSourceSize": {"x":0,"y":0,"w":70,"h":68},
	"sourceSize": {"w":70,"h":68}
},
{
	"filename": "img-09/fruit/08-fruit-locked.png",
	"frame": {"x":361,"y":305,"w":70,"h":68},
	"rotated": false,
	"trimmed": false,
	"spriteSourceSize": {"x":0,"y":0,"w":70,"h":68},
	"sourceSize": {"w":70,"h":68}
},
{
	"filename": "img-09/fruit/09-fruit-locked.png",
	"frame": {"x":433,"y":305,"w":70,"h":68},
	"rotated": false,
	"trimmed": false,
	"spriteSourceSize": {"x":0,"y":0,"w":70,"h":68},
	"sourceSize": {"w":70,"h":68}
},
{
	"filename": "img-09/fruit/10-fruit-locked.png",
	"frame": {"x":505,"y":305,"w":70,"h":68},
	"rotated": false,
	"trimmed": false,
	"spriteSourceSize": {"x":0,"y":0,"w":70,"h":68},
	"sourceSize": {"w":70,"h":68}
},
{
	"filename": "img-09/fruit/11-fruit-rest.png",
	"frame": {"x":577,"y":305,"w":70,"h":68},
	"rotated": false,
	"trimmed": false,
	"spriteSourceSize": {"x":0,"y":0,"w":70,"h":68},
	"sourceSize": {"w":70,"h":68}
},
{
	"filename": "img-09/fruit/12-fruit-rest.png",
	"frame": {"x":649,"y":305,"w":70,"h":68},
	"rotated": false,
	"trimmed": false,
	"spriteSourceSize": {"x":0,"y":0,"w":70,"h":68},
	"sourceSize": {"w":70,"h":68}
},
{
	"filename": "img-09/fruit/13-fruit-rest.png",
	"frame": {"x":721,"y":305,"w":70,"h":68},
	"rotated": false,
	"trimmed": false,
	"spriteSourceSize": {"x":0,"y":0,"w":70,"h":68},
	"sourceSize": {"w":70,"h":68}
},
{
	"filename": "img-09/fruit/14-fruit-rest.png",
	"frame": {"x":793,"y":305,"w":70,"h":68},
	"rotated": false,
	"trimmed": false,
	"spriteSourceSize": {"x":0,"y":0,"w":70,"h":68},
	"sourceSize": {"w":70,"h":68}
},
{
	"filename": "img-09/fruit/15-fruit-rest.png",
	"frame": {"x":865,"y":305,"w":70,"h":68},
	"rotated": false,
	"trimmed": false,
	"spriteSourceSize": {"x":0,"y":0,"w":70,"h":68},
	"sourceSize": {"w":70,"h":68}
},
{
	"filename": "img-09/fruit/16-fruit-rest.png",
	"frame": {"x":937,"y":305,"w":70,"h":68},
	"rotated": false,
	"trimmed": false,
	"spriteSourceSize": {"x":0,"y":0,"w":70,"h":68},
	"sourceSize": {"w":70,"h":68}
},
{
	"filename": "img-09/fruit/17-fruit-rest.png",
	"frame": {"x":1009,"y":305,"w":70,"h":68},
	"rotated": false,
	"trimmed": false,
	"spriteSourceSize": {"x":0,"y":0,"w":70,"h":68},
	"sourceSize": {"w":70,"h":68}
},
{
	"filename": "img-09/fruit/18-fruit-rest.png",
	"frame": {"x":1081,"y":305,"w":70,"h":68},
	"rotated": false,
	"trimmed": false,
	"spriteSourceSize": {"x":0,"y":0,"w":70,"h":68},
	"sourceSize": {"w":70,"h":68}
},
{
	"filename": "img-09/fruit/19-fruit-rest.png",
	"frame": {"x":1153,"y":305,"w":70,"h":68},
	"rotated": false,
	"trimmed": false,
	"spriteSourceSize": {"x":0,"y":0,"w":70,"h":68},
	"sourceSize": {"w":70,"h":68}
},
{
	"filename": "img-09/fruit/20-fruit-rest.png",
	"frame": {"x":1225,"y":305,"w":70,"h":68},
	"rotated": false,
	"trimmed": false,
	"spriteSourceSize": {"x":0,"y":0,"w":70,"h":68},
	"sourceSize": {"w":70,"h":68}
},
{
	"filename": "img-09/hand/hand-01.png",
	"frame": {"x":1297,"y":305,"w":64,"h":64},
	"rotated": false,
	"trimmed": false,
	"spriteSourceSize": {"x":0,"y":0,"w":64,"h":64},
	"sourceSize": {"w":64,"h":64}
},
{
	"filename": "img-09/hand/hand-02.png",
	"frame": {"x":1363,"y":305,"w":64,"h":64},
	"rotated": false,
	"trimmed": false,
	"spriteSourceSize": {"x":0,"y":0,"w":64,"h":64},
	"sourceSize": {"w":64,"h":64}
},
{
	"filename": "img-09/hand/hand-03.png",
	"frame": {"x":1429,"y":305,"w":64,"h":64},
	"rotated": false,
	"trimmed": false,
	"spriteSourceSize": {"x":0,"y":0,"w":64,"h":64},
	"sourceSize": {"w":64,"h":64}
},
{
	"filename": "img-09/hand/hand-04.png",
	"frame": {"x":1495,"y":305,"w":64,"h":64},
	"rotated": false,
	"trimmed": false,
	"spriteSourceSize": {"x":0,"y":0,"w":64,"h":64},
	"sourceSize": {"w":64,"h":64}
},
{
	"filename": "img-09/hand/hand-05.png",
	"frame": {"x":1561,"y":305,"w":64,"h":64},
	"rotated": false,
	"trimmed": false,
	"spriteSourceSize": {"x":0,"y":0,"w":64,"h":64},
	"sourceSize": {"w":64,"h":64}
},
{
	"filename": "img-09/hud/arrow.png",
	"frame": {"x":1627,"y":305,"w":24,"h":20},
	"rotated": false,
	"trimmed": false,
	"spriteSourceSize": {"x":0,"y":0,"w":24,"h":20},
	"sourceSize": {"w":24,"h":20}
},
{
	"filename": "img-09/hud/hud-bar.png",
	"frame": {"x":1,"y":375,"w":810,"h":52},
	"rotated": false,
	"trimmed": false,
	"spriteSourceSize": {"x":0,"y":0,"w":810,"h":52},
	"sourceSize": {"w":810,"h":52}
},
{
	"filename": "img-09/hud/hud-echo.png",
	"frame": {"x":813,"y":375,"w":77,"h":52},
	"rotated": false,
	"trimmed": false,
	"spriteSourceSize": {"x":0,"y":0,"w":77,"h":52},
	"sourceSize": {"w":77,"h":52}
},
{
	"filename": "img-09/hud/hud-heart-locked.png",
	"frame": {"x":892,"y":375,"w":48,"h":59},
	"rotated": false,
	"trimmed": false,
	"spriteSourceSize": {"x":0,"y":0,"w":48,"h":59},
	"sourceSize": {"w":48,"h":59}
},
{
	"filename": "img-09/hud/hud-heart-rest.png",
	"frame": {"x":942,"y":375,"w":48,"h":59},
	"rotated": false,
	"trimmed": false,
	"spriteSourceSize": {"x":0,"y":0,"w":48,"h":59},
	"sourceSize": {"w":48,"h":59}
},
{
	"filename": "img-09/hud/hud-heart-selected.png",
	"frame": {"x":992,"y":375,"w":48,"h":59},
	"rotated": false,
	"trimmed": false,
	"spriteSourceSize": {"x":0,"y":0,"w":48,"h":59},
	"sourceSize": {"w":48,"h":59}
},
{
	"filename": "img-09/hud/hud-pal-00.png",
	"frame": {"x":1042,"y":375,"w":77,"h":52},
	"rotated": false,
	"trimmed": false,
	"spriteSourceSize": {"x":0,"y":0,"w":77,"h":52},
	"sourceSize": {"w":77,"h":52}
},
{
	"filename": "img-09/hud/hud-pal-01.png",
	"frame": {"x":1121,"y":375,"w":77,"h":52},
	"rotated": false,
	"trimmed": false,
	"spriteSourceSize": {"x":0,"y":0,"w":77,"h":52},
	"sourceSize": {"w":77,"h":52}
},
{
	"filename": "img-09/hud/hud-pal-02.png",
	"frame": {"x":1200,"y":375,"w":77,"h":52},
	"rotated": false,
	"trimmed": false,
	"spriteSourceSize": {"x":0,"y":0,"w":77,"h":52},
	"sourceSize": {"w":77,"h":52}
},
{
	"filename": "img-09/hud/hud-pal-03.png",
	"frame": {"x":1279,"y":375,"w":77,"h":52},
	"rotated": false,
	"trimmed": false,
	"spriteSourceSize": {"x":0,"y":0,"w":77,"h":52},
	"sourceSize": {"w":77,"h":52}
},
{
	"filename": "img-09/hud/hud-pal-04.png",
	"frame": {"x":1358,"y":375,"w":77,"h":52},
	"rotated": false,
	"trimmed": false,
	"spriteSourceSize": {"x":0,"y":0,"w":77,"h":52},
	"sourceSize": {"w":77,"h":52}
},
{
	"filename": "img-09/hud/hud-pal-05.png",
	"frame": {"x":1437,"y":375,"w":77,"h":52},
	"rotated": false,
	"trimmed": false,
	"spriteSourceSize": {"x":0,"y":0,"w":77,"h":52},
	"sourceSize": {"w":77,"h":52}
},
{
	"filename": "img-09/hud/hud-pal-06.png",
	"frame": {"x":1516,"y":375,"w":77,"h":52},
	"rotated": false,
	"trimmed": false,
	"spriteSourceSize": {"x":0,"y":0,"w":77,"h":52},
	"sourceSize": {"w":77,"h":52}
},
{
	"filename": "img-09/hud/hud-pal-07.png",
	"frame": {"x":1595,"y":375,"w":77,"h":52},
	"rotated": false,
	"trimmed": false,
	"spriteSourceSize": {"x":0,"y":0,"w":77,"h":52},
	"sourceSize": {"w":77,"h":52}
},
{
	"filename": "img-09/hud/hud-pal-08.png",
	"frame": {"x":1674,"y":375,"w":77,"h":52},
	"rotated": false,
	"trimmed": false,
	"spriteSourceSize": {"x":0,"y":0,"w":77,"h":52},
	"sourceSize": {"w":77,"h":52}
},
{
	"filename": "img-09/hud/hud-pal-09.png",
	"frame": {"x":1753,"y":375,"w":77,"h":52},
	"rotated": false,
	"trimmed": false,
	"spriteSourceSize": {"x":0,"y":0,"w":77,"h":52},
	"sourceSize": {"w":77,"h":52}
},
{
	"filename": "img-09/hud/hud-panel.png",
	"frame": {"x":1,"y":436,"w":1238,"h":268},
	"rotated": false,
	"trimmed": false,
	"spriteSourceSize": {"x":0,"y":0,"w":1238,"h":268},
	"sourceSize": {"w":1238,"h":268}
},
{
	"filename": "img-09/hud/hud-pause.png",
	"frame": {"x":1241,"y":436,"w":57,"h":52},
	"rotated": false,
	"trimmed": false,
	"spriteSourceSize": {"x":0,"y":0,"w":57,"h":52},
	"sourceSize": {"w":57,"h":52}
},
{
	"filename": "img-09/hud/hud-speed.png",
	"frame": {"x":1300,"y":436,"w":122,"h":52},
	"rotated": false,
	"trimmed": false,
	"spriteSourceSize": {"x":0,"y":0,"w":122,"h":52},
	"sourceSize": {"w":122,"h":52}
},
{
	"filename": "img-09/hud/hud-trash-confirm.png",
	"frame": {"x":1424,"y":436,"w":105,"h":226},
	"rotated": false,
	"trimmed": false,
	"spriteSourceSize": {"x":0,"y":0,"w":105,"h":226},
	"sourceSize": {"w":105,"h":226}
},
{
	"filename": "img-09/hud/hud-trash.png",
	"frame": {"x":1531,"y":436,"w":77,"h":67},
	"rotated": false,
	"trimmed": false,
	"spriteSourceSize": {"x":0,"y":0,"w":77,"h":67},
	"sourceSize": {"w":77,"h":67}
},
{
	"filename": "img-09/tile/tile-01.png",
	"frame": {"x":1610,"y":436,"w":74,"h":38},
	"rotated": false,
	"trimmed": false,
	"spriteSourceSize": {"x":0,"y":0,"w":74,"h":38},
	"sourceSize": {"w":74,"h":38}
},
{
	"filename": "img-09/tile/tile-02-jerry.png",
	"frame": {"x":1686,"y":436,"w":74,"h":38},
	"rotated": false,
	"trimmed": false,
	"spriteSourceSize": {"x":0,"y":0,"w":74,"h":38},
	"sourceSize": {"w":74,"h":38}
},
{
	"filename": "img-09/tile/tile-03-tom.png",
	"frame": {"x":1762,"y":436,"w":74,"h":38},
	"rotated": false,
	"trimmed": false,
	"spriteSourceSize": {"x":0,"y":0,"w":74,"h":38},
	"sourceSize": {"w":74,"h":38}
}],
"meta": {
	"app": "https://www.codeandweb.com/texturepacker",
	"version": "1.0",
	"image": "main-09.png",
	"format": "RGBA8888",
	"size": {"w":2048,"h":1024},
	"scale": "1",
	"smartupdate": "$TexturePacker:SmartUpdate:acc486a8720a32acb504c0dc66855e52:5f53456a6419fb29201a55c366d90cf5:703a14aa6b45f1321ffcda73f77b5298$"
}
}
