{"frames": [

{
	"filename": "PL-background",
	"frame": {"x":1,"y":1,"w":1600,"h":900},
	"rotated": false,
	"trimmed": false,
	"spriteSourceSize": {"x":0,"y":0,"w":1600,"h":900},
	"sourceSize": {"w":1600,"h":900}
},
{
	"filename": "PL-bluebar",
	"frame": {"x":1,"y":903,"w":752,"h":56},
	"rotated": false,
	"trimmed": false,
	"spriteSourceSize": {"x":0,"y":0,"w":752,"h":56},
	"sourceSize": {"w":752,"h":56}
},
{
	"filename": "PL-yellowbar",
	"frame": {"x":755,"y":903,"w":752,"h":56},
	"rotated": false,
	"trimmed": false,
	"spriteSourceSize": {"x":0,"y":0,"w":752,"h":56},
	"sourceSize": {"w":752,"h":56}
}],
"meta": {
	"app": "https://www.codeandweb.com/texturepacker",
	"version": "1.0",
	"image": "preloader_1x.png",
	"format": "RGBA8888",
	"size": {"w":1602,"h":960},
	"scale": "1",
	"smartupdate": "$TexturePacker:SmartUpdate:e48c7196a13f6f9b65ee86cc9886a7f1:bbb3c961104b9456a6c2ce8de964b906:25280f24fb51c38771df97cb78776d29$"
}
}
