{"frames": {

"but_home_default.png":
{
	"frame": {"x":146,"y":288,"w":94,"h":96},
	"rotated": false,
	"trimmed": false,
	"spriteSourceSize": {"x":0,"y":0,"w":94,"h":96},
	"sourceSize": {"w":94,"h":96},
	"pivot": {"x":0.5,"y":0.5}
},
"but_home_pressed.png":
{
	"frame": {"x":2,"y":494,"w":92,"h":90},
	"rotated": false,
	"trimmed": true,
	"spriteSourceSize": {"x":0,"y":2,"w":92,"h":90},
	"sourceSize": {"w":94,"h":96},
	"pivot": {"x":0.5,"y":0.5}
},
"but_home_rollover.png":
{
	"frame": {"x":2,"y":298,"w":94,"h":96},
	"rotated": false,
	"trimmed": true,
	"spriteSourceSize": {"x":0,"y":0,"w":94,"h":96},
	"sourceSize": {"w":94,"h":96},
	"pivot": {"x":0.5,"y":0.5}
},
"but_next_default.png":
{
	"frame": {"x":242,"y":288,"w":94,"h":96},
	"rotated": false,
	"trimmed": false,
	"spriteSourceSize": {"x":0,"y":0,"w":94,"h":96},
	"sourceSize": {"w":94,"h":96},
	"pivot": {"x":0.5,"y":0.5}
},
"but_next_pressed.png":
{
	"frame": {"x":194,"y":484,"w":92,"h":90},
	"rotated": false,
	"trimmed": true,
	"spriteSourceSize": {"x":0,"y":2,"w":92,"h":90},
	"sourceSize": {"w":94,"h":96},
	"pivot": {"x":0.5,"y":0.5}
},
"but_next_rollover.png":
{
	"frame": {"x":338,"y":288,"w":94,"h":96},
	"rotated": false,
	"trimmed": true,
	"spriteSourceSize": {"x":0,"y":0,"w":94,"h":96},
	"sourceSize": {"w":94,"h":96},
	"pivot": {"x":0.5,"y":0.5}
},
"but_pause_default.png":
{
	"frame": {"x":98,"y":386,"w":94,"h":96},
	"rotated": false,
	"trimmed": false,
	"spriteSourceSize": {"x":0,"y":0,"w":94,"h":96},
	"sourceSize": {"w":94,"h":96},
	"pivot": {"x":0.5,"y":0.5}
},
"but_pause_pressed.png":
{
	"frame": {"x":288,"y":484,"w":92,"h":90},
	"rotated": false,
	"trimmed": true,
	"spriteSourceSize": {"x":0,"y":2,"w":92,"h":90},
	"sourceSize": {"w":94,"h":96},
	"pivot": {"x":0.5,"y":0.5}
},
"but_pause_rollover.png":
{
	"frame": {"x":2,"y":396,"w":94,"h":96},
	"rotated": false,
	"trimmed": true,
	"spriteSourceSize": {"x":0,"y":0,"w":94,"h":96},
	"sourceSize": {"w":94,"h":96},
	"pivot": {"x":0.5,"y":0.5}
},
"but_play_default.png":
{
	"frame": {"x":2,"y":2,"w":142,"h":146},
	"rotated": false,
	"trimmed": false,
	"spriteSourceSize": {"x":0,"y":0,"w":142,"h":146},
	"sourceSize": {"w":142,"h":146},
	"pivot": {"x":0.5,"y":0.5}
},
"but_play_pressed.png":
{
	"frame": {"x":146,"y":150,"w":136,"h":136},
	"rotated": false,
	"trimmed": true,
	"spriteSourceSize": {"x":0,"y":4,"w":136,"h":136},
	"sourceSize": {"w":142,"h":146},
	"pivot": {"x":0.5,"y":0.5}
},
"but_play_rollover.png":
{
	"frame": {"x":146,"y":2,"w":142,"h":146},
	"rotated": false,
	"trimmed": true,
	"spriteSourceSize": {"x":0,"y":0,"w":142,"h":146},
	"sourceSize": {"w":142,"h":146},
	"pivot": {"x":0.5,"y":0.5}
},
"but_replay_default.png":
{
	"frame": {"x":290,"y":2,"w":142,"h":146},
	"rotated": false,
	"trimmed": false,
	"spriteSourceSize": {"x":0,"y":0,"w":142,"h":146},
	"sourceSize": {"w":142,"h":146},
	"pivot": {"x":0.5,"y":0.5}
},
"but_replay_pressed.png":
{
	"frame": {"x":284,"y":150,"w":136,"h":136},
	"rotated": false,
	"trimmed": true,
	"spriteSourceSize": {"x":0,"y":4,"w":136,"h":136},
	"sourceSize": {"w":142,"h":146},
	"pivot": {"x":0.5,"y":0.5}
},
"but_replay_rollover.png":
{
	"frame": {"x":2,"y":150,"w":142,"h":146},
	"rotated": false,
	"trimmed": true,
	"spriteSourceSize": {"x":0,"y":0,"w":142,"h":146},
	"sourceSize": {"w":142,"h":146},
	"pivot": {"x":0.5,"y":0.5}
},
"but_soundoff_default.png":
{
	"frame": {"x":194,"y":386,"w":94,"h":96},
	"rotated": false,
	"trimmed": false,
	"spriteSourceSize": {"x":0,"y":0,"w":94,"h":96},
	"sourceSize": {"w":94,"h":96},
	"pivot": {"x":0.5,"y":0.5}
},
"but_soundoff_pressed.png":
{
	"frame": {"x":382,"y":484,"w":92,"h":90},
	"rotated": false,
	"trimmed": true,
	"spriteSourceSize": {"x":0,"y":2,"w":92,"h":90},
	"sourceSize": {"w":94,"h":96},
	"pivot": {"x":0.5,"y":0.5}
},
"but_soundoff_rollover.png":
{
	"frame": {"x":290,"y":386,"w":94,"h":96},
	"rotated": false,
	"trimmed": true,
	"spriteSourceSize": {"x":0,"y":0,"w":94,"h":96},
	"sourceSize": {"w":94,"h":96},
	"pivot": {"x":0.5,"y":0.5}
},
"but_soundon_default.png":
{
	"frame": {"x":386,"y":386,"w":94,"h":96},
	"rotated": false,
	"trimmed": false,
	"spriteSourceSize": {"x":0,"y":0,"w":94,"h":96},
	"sourceSize": {"w":94,"h":96},
	"pivot": {"x":0.5,"y":0.5}
},
"but_soundon_pressed.png":
{
	"frame": {"x":194,"y":576,"w":92,"h":90},
	"rotated": false,
	"trimmed": true,
	"spriteSourceSize": {"x":0,"y":2,"w":92,"h":90},
	"sourceSize": {"w":93,"h":96},
	"pivot": {"x":0.5,"y":0.5}
},
"but_soundon_rollover.png":
{
	"frame": {"x":98,"y":484,"w":94,"h":96},
	"rotated": false,
	"trimmed": true,
	"spriteSourceSize": {"x":0,"y":0,"w":94,"h":96},
	"sourceSize": {"w":94,"h":96},
	"pivot": {"x":0.5,"y":0.5}
}},
"meta": {
	"app": "http://www.codeandweb.com/texturepacker",
	"version": "1.0",
	"image": "buttons_1x.png",
	"format": "RGBA8888",
	"size": {"w":512,"h":1024},
	"scale": "0.5",
	"smartupdate": "$TexturePacker:SmartUpdate:8613106c2b05bfcf383b5e764118dc1c:a8bc767f6f5eee62b55e119700cab33e:9d5b55b82cc230ef936e9dbadf2cabbc$"
}
}
