{"frames": {

"endgame_popup.png":
{
	"frame": {"x":2,"y":452,"w":678,"h":546},
	"rotated": false,
	"trimmed": true,
	"spriteSourceSize": {"x":0,"y":8,"w":678,"h":546},
	"sourceSize": {"w":680,"h":554},
	"pivot": {"x":0.5,"y":0.5}
},
"handclick0001.png":
{
	"frame": {"x":838,"y":2,"w":152,"h":162},
	"rotated": false,
	"trimmed": true,
	"spriteSourceSize": {"x":34,"y":26,"w":152,"h":162},
	"sourceSize": {"w":229,"h":232},
	"pivot": {"x":0.5,"y":0.5}
},
"handclick0002.png":
{
	"frame": {"x":682,"y":558,"w":230,"h":216},
	"rotated": false,
	"trimmed": true,
	"spriteSourceSize": {"x":0,"y":16,"w":230,"h":216},
	"sourceSize": {"w":229,"h":232},
	"pivot": {"x":0.5,"y":0.5}
},
"mouseclick0001.png":
{
	"frame": {"x":838,"y":166,"w":114,"h":194},
	"rotated": false,
	"trimmed": true,
	"spriteSourceSize": {"x":0,"y":4,"w":114,"h":194},
	"sourceSize": {"w":115,"h":200},
	"pivot": {"x":0.5,"y":0.5}
},
"mouseclick0002.png":
{
	"frame": {"x":838,"y":362,"w":114,"h":194},
	"rotated": false,
	"trimmed": true,
	"spriteSourceSize": {"x":0,"y":4,"w":114,"h":194},
	"sourceSize": {"w":115,"h":200},
	"pivot": {"x":0.5,"y":0.5}
},
"overlay_bg2.png":
{
	"frame": {"x":992,"y":2,"w":24,"h":818},
	"rotated": false,
	"trimmed": false,
	"spriteSourceSize": {"x":0,"y":0,"w":24,"h":818},
	"sourceSize": {"w":24,"h":818},
	"pivot": {"x":0.5,"y":0.5}
},
"spacebar0001.png":
{
	"frame": {"x":2,"y":1384,"w":424,"h":72},
	"rotated": false,
	"trimmed": true,
	"spriteSourceSize": {"x":12,"y":0,"w":424,"h":72},
	"sourceSize": {"w":448,"h":71},
	"pivot": {"x":0.5,"y":0.5}
},
"spacebar0002.png":
{
	"frame": {"x":428,"y":1384,"w":424,"h":62},
	"rotated": false,
	"trimmed": true,
	"spriteSourceSize": {"x":12,"y":10,"w":424,"h":62},
	"sourceSize": {"w":448,"h":71},
	"pivot": {"x":0.5,"y":0.5}
},
"tomandjerry_splash.png":
{
	"frame": {"x":2,"y":2,"w":834,"h":448},
	"rotated": false,
	"trimmed": true,
	"spriteSourceSize": {"x":2,"y":2,"w":834,"h":448},
	"sourceSize": {"w":864,"h":459},
	"pivot": {"x":0.5,"y":0.5}
},
"tutorial_popup.png":
{
	"frame": {"x":2,"y":1000,"w":678,"h":382},
	"rotated": false,
	"trimmed": true,
	"spriteSourceSize": {"x":0,"y":0,"w":678,"h":382},
	"sourceSize": {"w":677,"h":382},
	"pivot": {"x":0.5,"y":0.5}
}},
"meta": {
	"app": "http://www.codeandweb.com/texturepacker",
	"version": "1.0",
	"image": "ui_assets_1x.png",
	"format": "RGBA8888",
	"size": {"w":1024,"h":2048},
	"scale": "0.5",
	"smartupdate": "$TexturePacker:SmartUpdate:52ea4099687951398b2d31ad670d7a5d:19a5a634eb9e81672ca33f2a04154b86:4db85fcf2f34f83a55b41df5d4794384$"
}
}
